filename,true_label,predicted_label,prob_cls0,prob_cls1,prob_cls2,prob_cls3,prob_cls4,prob_cls5,prob_cls6
test/ISIC_0035349.jpg,5,5,0.02348328,0.01431274,0.01686096,0.0160675,0.07666016,0.8359375,0.01690674
test/ISIC_0035377.jpg,5,5,0.01976013,0.02003479,0.01600647,0.02458191,0.01699829,0.88378906,0.01867676
test/ISIC_0035992.jpg,4,5,0.01625061,0.01289368,0.37939453,0.02484131,0.08630371,0.46557617,0.01473999
test/ISIC_0034893.jpg,5,5,0.01916504,0.01890564,0.01925659,0.02062988,0.01698303,0.88916016,0.01580811
test/ISIC_0036019.jpg,2,2,0.02200317,0.02107239,0.87011719,0.02224731,0.02191162,0.01837158,0.02442932
test/ISIC_0035414.jpg,4,4,0.02207947,0.02069092,0.01747131,0.02328491,0.86474609,0.03198242,0.01979065
test/ISIC_0035114.jpg,5,5,0.0160675,0.01535797,0.01110077,0.0262146,0.01783752,0.8984375,0.0148468
test/ISIC_0034611.jpg,5,5,0.0196228,0.01989746,0.01869202,0.02246094,0.01847839,0.88476562,0.01609802
test/ISIC_0035284.jpg,2,2,0.01407623,0.01241302,0.83349609,0.01797485,0.04071045,0.06323242,0.01821899
test/ISIC_0035915.jpg,0,4,0.01901245,0.01843262,0.16882324,0.02482605,0.73681641,0.02177429,0.01044464
test/ISIC_0035064.jpg,3,3,0.01516724,0.01269531,0.01420593,0.85595703,0.03070068,0.05532837,0.01600647
test/ISIC_0034591.jpg,2,2,0.1550293,0.01739502,0.76269531,0.01878357,0.01312256,0.0188446,0.0141449
test/ISIC_0034536.jpg,0,0,0.88623047,0.02235413,0.01776123,0.02270508,0.01491547,0.01727295,0.01855469
test/ISIC_0034616.jpg,5,5,0.02110291,0.01966858,0.02018738,0.02145386,0.0178833,0.8828125,0.01704407
test/ISIC_0035924.jpg,5,5,0.02349854,0.02198792,0.02218628,0.02236938,0.00945282,0.88037109,0.02018738
test/ISIC_0036063.jpg,2,2,0.02471924,0.0191803,0.86669922,0.02180481,0.02194214,0.02346802,0.02226257
test/ISIC_0034926.jpg,4,4,0.02668762,0.1505127,0.01818848,0.02378845,0.75390625,0.01242828,0.0142746
test/ISIC_0035972.jpg,5,5,0.02197266,0.01873779,0.0160675,0.01553345,0.05465698,0.86083984,0.01237488
test/ISIC_0035529.jpg,5,5,0.01832581,0.01879883,0.01429749,0.02227783,0.01763916,0.89306641,0.01570129
test/ISIC_0036008.jpg,2,2,0.01423645,0.01493073,0.90625,0.01554871,0.01113892,0.02146912,0.01661682
test/ISIC_0034562.jpg,5,5,0.02061462,0.01651001,0.01663208,0.0202179,0.01224518,0.89746094,0.01618958
test/ISIC_0034910.jpg,1,2,0.01765442,0.0690918,0.63769531,0.02255249,0.01660156,0.22021484,0.01602173
test/ISIC_0035275.jpg,5,2,0.01890564,0.01444244,0.65332031,0.01869202,0.04086304,0.23168945,0.02223206
test/ISIC_0035326.jpg,4,4,0.02046204,0.02227783,0.02148438,0.02578735,0.87646484,0.01583862,0.01748657
test/ISIC_0035138.jpg,5,5,0.02255249,0.0188446,0.02062988,0.0226593,0.0222168,0.87597656,0.01731873
test/ISIC_0035630.jpg,0,4,0.41552734,0.02560425,0.0141983,0.02807617,0.45288086,0.04577637,0.01774597
test/ISIC_0035155.jpg,2,2,0.0209198,0.01777649,0.88525391,0.02029419,0.01753235,0.01612854,0.02224731
test/ISIC_0036011.jpg,1,1,0.01805115,0.8828125,0.01493073,0.02723694,0.0259552,0.01392365,0.01696777
test/ISIC_0036024.jpg,5,5,0.02708435,0.02198792,0.01643372,0.02316284,0.02479553,0.86767578,0.01867676
test/ISIC_0035906.jpg,5,5,0.02079773,0.01637268,0.01786804,0.01667786,0.04342651,0.86962891,0.01533508
test/ISIC_0035204.jpg,5,5,0.02236938,0.01794434,0.04296875,0.01930237,0.00964355,0.87207031,0.01546478
test/ISIC_0034804.jpg,4,5,0.01571655,0.01342773,0.06921387,0.01236725,0.3918457,0.47753906,0.0198822
test/ISIC_0034599.jpg,5,5,0.02224731,0.01803589,0.01429749,0.02130127,0.0214386,0.87207031,0.03083801
test/ISIC_0034864.jpg,5,4,0.02050781,0.01506042,0.01266479,0.02359009,0.79541016,0.11968994,0.01318359
test/ISIC_0035469.jpg,5,5,0.01872253,0.01799011,0.0152359,0.02113342,0.01365662,0.89550781,0.01763916
test/ISIC_0035428.jpg,5,5,0.01985168,0.01921082,0.02076721,0.02073669,0.01812744,0.8828125,0.01850891
test/ISIC_0034807.jpg,5,5,0.0173645,0.01927185,0.01673889,0.02342224,0.01485443,0.890625,0.01753235
test/ISIC_0035596.jpg,5,5,0.02085876,0.01931763,0.01930237,0.0211792,0.01672363,0.88623047,0.01644897
test/ISIC_0035416.jpg,2,2,0.02336121,0.02107239,0.86962891,0.02307129,0.02276611,0.01715088,0.0227356
test/ISIC_0035863.jpg,3,5,0.01538086,0.00695419,0.0141449,0.05328369,0.06152344,0.82128906,0.02754211
test/ISIC_0035311.jpg,5,5,0.01983643,0.0193634,0.02062988,0.02229309,0.01367188,0.87988281,0.02426147
test/ISIC_0035448.jpg,5,5,0.02015686,0.02079773,0.0171051,0.01934814,0.01959229,0.88769531,0.0153656
test/ISIC_0035273.jpg,5,5,0.03001404,0.02137756,0.04177856,0.02339172,0.01329803,0.84863281,0.02125549
test/ISIC_0035799.jpg,2,2,0.02177429,0.01773071,0.88671875,0.0191803,0.0146637,0.02226257,0.01754761
test/ISIC_0035295.jpg,5,5,0.02374268,0.02044678,0.03182983,0.02325439,0.01195526,0.8671875,0.02151489
test/ISIC_0035122.jpg,5,5,0.01930237,0.01824951,0.01774597,0.0209198,0.01454163,0.89257812,0.01686096
test/ISIC_0035115.jpg,2,2,0.02609253,0.01405334,0.81835938,0.02027893,0.01609802,0.09130859,0.01395416
test/ISIC_0035752.jpg,1,1,0.01576233,0.88427734,0.01565552,0.01728821,0.02519226,0.01971436,0.02223206
test/ISIC_0035773.jpg,5,6,0.02513123,0.01643372,0.02891541,0.02333069,0.07116699,0.24902344,0.5859375
test/ISIC_0035086.jpg,5,5,0.02326965,0.02268982,0.01960754,0.03033447,0.01686096,0.8671875,0.0199585
test/ISIC_0035984.jpg,5,5,0.02000427,0.01750183,0.010849,0.01806641,0.05328369,0.86669922,0.01335907
test/ISIC_0035405.jpg,5,5,0.01724243,0.01799011,0.01446533,0.0184021,0.0145874,0.90039062,0.01676941
test/ISIC_0034557.jpg,5,5,0.02191162,0.01832581,0.02044678,0.02124023,0.01520538,0.88525391,0.01771545
test/ISIC_0035545.jpg,5,5,0.01998901,0.01617432,0.01580811,0.0144043,0.09875488,0.81542969,0.01959229
test/ISIC_0035099.jpg,4,4,0.0211792,0.01844788,0.01982117,0.02047729,0.87695312,0.02731323,0.01573181
test/ISIC_0034855.jpg,5,5,0.01976013,0.02029419,0.0160675,0.01942444,0.02624512,0.88232422,0.01568604
test/ISIC_0035147.jpg,3,3,0.02807617,0.02671814,0.02792358,0.85400391,0.02410889,0.02093506,0.01846313
test/ISIC_0034547.jpg,2,2,0.014534,0.01643372,0.67675781,0.02192688,0.21630859,0.03146362,0.02268982
test/ISIC_0035095.jpg,2,2,0.01612854,0.01763916,0.89404297,0.01908875,0.01264191,0.01982117,0.02064514
test/ISIC_0034667.jpg,5,5,0.01986694,0.0196991,0.0173645,0.02488708,0.01537323,0.88183594,0.0211792
test/ISIC_0034703.jpg,5,5,0.01794434,0.01615906,0.01875305,0.01742554,0.0138855,0.89990234,0.01571655
test/ISIC_0034669.jpg,0,2,0.06124878,0.01148224,0.84716797,0.01940918,0.01904297,0.01483917,0.02702332
test/ISIC_0036015.jpg,2,2,0.02006531,0.0171814,0.80419922,0.03204346,0.02432251,0.08551025,0.01679993
test/ISIC_0035880.jpg,5,5,0.01791382,0.01469421,0.02557373,0.01847839,0.01489258,0.89257812,0.01608276
test/ISIC_0034630.jpg,4,5,0.02114868,0.01576233,0.01637268,0.01579285,0.4362793,0.48095703,0.01383209
test/ISIC_0035629.jpg,4,4,0.01637268,0.01289368,0.02632141,0.01985168,0.71484375,0.19189453,0.01782227
test/ISIC_0035848.jpg,1,1,0.01834106,0.88476562,0.0147171,0.02104187,0.01805115,0.02072144,0.02227783
test/ISIC_0035144.jpg,5,5,0.01985168,0.01887512,0.01820374,0.02153015,0.01490784,0.88867188,0.01794434
test/ISIC_0034778.jpg,5,5,0.01701355,0.0191803,0.01570129,0.02287292,0.01661682,0.89208984,0.01669312
test/ISIC_0035171.jpg,1,1,0.04299927,0.86572266,0.01286316,0.01887512,0.02047729,0.01527405,0.02388
test/ISIC_0035881.jpg,2,2,0.02407837,0.02029419,0.86767578,0.02015686,0.02183533,0.02148438,0.02438354
test/ISIC_0035100.jpg,5,5,0.02078247,0.01831055,0.01905823,0.02377319,0.01792908,0.88525391,0.01502991
test/ISIC_0034776.jpg,5,5,0.01916504,0.01803589,0.01727295,0.02024841,0.01780701,0.88964844,0.01766968
test/ISIC_0034554.jpg,1,1,0.02217102,0.875,0.01826477,0.02113342,0.02110291,0.01675415,0.0254364
test/ISIC_0035477.jpg,5,5,0.0199585,0.01681519,0.0188446,0.02197266,0.01407623,0.89111328,0.01701355
test/ISIC_0035740.jpg,5,5,0.01882935,0.01925659,0.01324463,0.01847839,0.02348328,0.88916016,0.0174408
test/ISIC_0035302.jpg,5,5,0.02557373,0.01564026,0.10040283,0.01979065,0.01506805,0.80517578,0.01835632
test/ISIC_0034751.jpg,2,5,0.01959229,0.01279449,0.03527832,0.01669312,0.0335083,0.86425781,0.01763916
test/ISIC_0035388.jpg,2,2,0.03808594,0.03092957,0.83789062,0.02622986,0.02108765,0.02534485,0.02067566
test/ISIC_0035429.jpg,5,5,0.01254272,0.01222229,0.07000732,0.01583862,0.01757812,0.84667969,0.02511597
test/ISIC_0035599.jpg,6,6,0.01850891,0.01676941,0.020401,0.01503754,0.01844788,0.01415253,0.89648438
test/ISIC_0034914.jpg,2,5,0.02207947,0.01462555,0.02534485,0.01721191,0.11309814,0.79589844,0.01158905
test/ISIC_0035803.jpg,5,4,0.01288605,0.01586914,0.42211914,0.01823425,0.42553711,0.08776855,0.01757812
test/ISIC_0035385.jpg,5,5,0.02563477,0.02284241,0.02052307,0.02075195,0.01468658,0.87011719,0.02546692
test/ISIC_0035961.jpg,5,5,0.01914978,0.01809692,0.01509857,0.01824951,0.01905823,0.89257812,0.01786804
test/ISIC_0034627.jpg,5,5,0.02546692,0.02259827,0.01780701,0.01947021,0.01445007,0.88330078,0.01683044
test/ISIC_0036030.jpg,5,5,0.0213623,0.01768494,0.01582336,0.02833557,0.02510071,0.81152344,0.07995605
test/ISIC_0035592.jpg,5,5,0.01997375,0.01838684,0.01543427,0.01785278,0.07141113,0.83984375,0.01724243
test/ISIC_0035107.jpg,5,5,0.02043152,0.01757812,0.01875305,0.0202179,0.01750183,0.88867188,0.01689148
test/ISIC_0034621.jpg,5,5,0.01512909,0.01789856,0.01082611,0.01457214,0.105896,0.80664062,0.0292511
test/ISIC_0034580.jpg,5,5,0.01931763,0.01911926,0.01028442,0.02078247,0.01832581,0.89550781,0.01669312
test/ISIC_0035687.jpg,5,5,0.01889038,0.01394653,0.0125885,0.019104,0.02011108,0.89794922,0.01745605
test/ISIC_0035071.jpg,5,5,0.01896667,0.01899719,0.01858521,0.02131653,0.01501465,0.890625,0.01628113
test/ISIC_0035061.jpg,5,5,0.0171814,0.01965332,0.01501465,0.02323914,0.01330566,0.89355469,0.01818848
test/ISIC_0035276.jpg,3,3,0.01204681,0.38818359,0.01262665,0.47192383,0.07073975,0.02638245,0.0178833
test/ISIC_0035971.jpg,5,5,0.0193634,0.01520538,0.01359558,0.01445007,0.06738281,0.85693359,0.01319885
test/ISIC_0035626.jpg,0,0,0.89306641,0.02217102,0.01522827,0.0196991,0.01360321,0.01556396,0.02044678
test/ISIC_0035235.jpg,5,5,0.01568604,0.0165863,0.01292419,0.01832581,0.03100586,0.8828125,0.02281189
test/ISIC_0034924.jpg,5,5,0.01947021,0.02209473,0.01881409,0.01965332,0.0184021,0.88476562,0.01693726
test/ISIC_0035918.jpg,2,4,0.01412201,0.01290894,0.04119873,0.04296875,0.73144531,0.14770508,0.00959015
test/ISIC_0035714.jpg,4,5,0.02131653,0.01628113,0.01135254,0.01708984,0.02157593,0.89208984,0.0202179
test/ISIC_0035855.jpg,1,1,0.01672363,0.87353516,0.01348877,0.01860046,0.019104,0.02819824,0.03038025
test/ISIC_0035628.jpg,5,5,0.01983643,0.01712036,0.01602173,0.02052307,0.01261902,0.89697266,0.01687622
test/ISIC_0035517.jpg,2,2,0.09973145,0.01180267,0.81445312,0.01823425,0.02650452,0.0125351,0.01667786
test/ISIC_0035849.jpg,5,4,0.01565552,0.01337433,0.02124023,0.01622009,0.82861328,0.09051514,0.01417542
test/ISIC_0035220.jpg,5,5,0.02017212,0.01322937,0.01512146,0.01400757,0.04614258,0.87890625,0.01261139
test/ISIC_0035725.jpg,5,5,0.0216217,0.01391602,0.01314545,0.01295471,0.02824402,0.89599609,0.01402283
test/ISIC_0035375.jpg,5,5,0.02185059,0.01947021,0.01635742,0.02183533,0.01629639,0.88818359,0.01582336
test/ISIC_0035862.jpg,5,4,0.01728821,0.01522064,0.01887512,0.01374817,0.73486328,0.18701172,0.01295471
test/ISIC_0035381.jpg,5,5,0.01792908,0.01235962,0.14868164,0.01185608,0.07519531,0.72119141,0.01274109
test/ISIC_0035916.jpg,5,4,0.02209473,0.01464844,0.01345062,0.02246094,0.6875,0.22424316,0.01574707
test/ISIC_0034711.jpg,2,2,0.02035522,0.01683044,0.88720703,0.02246094,0.01683044,0.01464844,0.02142334
test/ISIC_0035500.jpg,5,5,0.01889038,0.01811218,0.01520538,0.02287292,0.01356506,0.89648438,0.01493835
test/ISIC_0035969.jpg,5,4,0.02536011,0.01705933,0.01387787,0.02127075,0.81298828,0.09344482,0.01602173
test/ISIC_0035012.jpg,3,3,0.01565552,0.01730347,0.02131653,0.88671875,0.0166626,0.02442932,0.01806641
test/ISIC_0035378.jpg,5,5,0.0254364,0.02441406,0.02079773,0.02433777,0.01643372,0.87109375,0.01754761
test/ISIC_0035188.jpg,5,5,0.01750183,0.01809692,0.0138092,0.01934814,0.0173645,0.89501953,0.0188446
test/ISIC_0035325.jpg,5,5,0.02207947,0.01728821,0.01867676,0.02033997,0.01096344,0.89355469,0.01733398
test/ISIC_0035776.jpg,2,2,0.02153015,0.01557922,0.87402344,0.02250671,0.01583862,0.03463745,0.01608276
test/ISIC_0034825.jpg,2,4,0.01571655,0.02572632,0.04846191,0.08551025,0.70019531,0.11590576,0.00865936
test/ISIC_0034824.jpg,5,5,0.02241516,0.0227356,0.02029419,0.0226593,0.01911926,0.87255859,0.02032471
test/ISIC_0034659.jpg,5,5,0.02270508,0.01863098,0.02030945,0.02851868,0.01467133,0.88134766,0.01370239
test/ISIC_0035627.jpg,2,0,0.87255859,0.013237,0.03775024,0.01589966,0.02859497,0.01719666,0.01499176
test/ISIC_0035569.jpg,5,5,0.01968384,0.01908875,0.01907349,0.02009583,0.0168457,0.88867188,0.01675415
test/ISIC_0035741.jpg,2,5,0.21105957,0.01672363,0.02098083,0.01971436,0.03128052,0.68164062,0.01870728
test/ISIC_0035387.jpg,5,5,0.01914978,0.0269165,0.04556274,0.02275085,0.0099411,0.84814453,0.02766418
test/ISIC_0035217.jpg,5,5,0.01649475,0.01248932,0.0138855,0.01611328,0.0453186,0.88037109,0.01521301
test/ISIC_0034941.jpg,5,5,0.014328,0.01279449,0.06567383,0.01477814,0.28979492,0.58691406,0.01564026
test/ISIC_0035427.jpg,5,5,0.0206604,0.01869202,0.01763916,0.02441406,0.01450348,0.88525391,0.01896667
test/ISIC_0035238.jpg,5,5,0.01985168,0.01791382,0.01951599,0.01872253,0.01649475,0.88964844,0.01776123
test/ISIC_0036023.jpg,2,2,0.01872253,0.01470947,0.88916016,0.01979065,0.01733398,0.02050781,0.01959229
test/ISIC_0035018.jpg,2,2,0.02488708,0.01146698,0.89648438,0.01451111,0.02119446,0.01756287,0.01409149
test/ISIC_0035614.jpg,5,5,0.01824951,0.01725769,0.015625,0.02018738,0.01450348,0.89697266,0.01722717
test/ISIC_0035745.jpg,5,5,0.02030945,0.01974487,0.02603149,0.01881409,0.01128387,0.88720703,0.01681519
test/ISIC_0035905.jpg,6,6,0.01480103,0.0136795,0.06243896,0.01646423,0.17810059,0.3112793,0.40332031
test/ISIC_0035568.jpg,5,5,0.02174377,0.01879883,0.02272034,0.01954651,0.01800537,0.87695312,0.02238464
test/ISIC_0034841.jpg,5,5,0.02304077,0.01715088,0.01272583,0.01948547,0.01421356,0.89697266,0.01625061
test/ISIC_0036026.jpg,4,4,0.02825928,0.01965332,0.01947021,0.03765869,0.84521484,0.0223999,0.02720642
test/ISIC_0036020.jpg,5,5,0.03001404,0.02331543,0.02600098,0.03427124,0.01103973,0.82373047,0.05163574
test/ISIC_0034814.jpg,6,6,0.03091431,0.00984192,0.02560425,0.02920532,0.32421875,0.07983398,0.50048828
test/ISIC_0035222.jpg,5,5,0.01696777,0.01785278,0.01428986,0.0196228,0.01908875,0.89599609,0.01626587
test/ISIC_0035187.jpg,5,5,0.02264404,0.01322174,0.02738953,0.01713562,0.34448242,0.55957031,0.01560974
test/ISIC_0034797.jpg,5,4,0.02175903,0.0206604,0.03186035,0.02183533,0.45483398,0.43066406,0.01856995
test/ISIC_0034944.jpg,5,5,0.01644897,0.02305603,0.03991699,0.0138092,0.38476562,0.48730469,0.03457642
test/ISIC_0034718.jpg,5,4,0.01794434,0.01372528,0.01655579,0.01889038,0.54638672,0.36816406,0.01843262
test/ISIC_0034827.jpg,5,5,0.02026367,0.0188446,0.01858521,0.02189636,0.01687622,0.88427734,0.01908875
test/ISIC_0034755.jpg,2,5,0.02653503,0.01473236,0.36987305,0.02029419,0.01532745,0.53613281,0.01689148
test/ISIC_0034960.jpg,1,1,0.02172852,0.87207031,0.01500702,0.0227356,0.022995,0.01950073,0.02603149
test/ISIC_0034884.jpg,5,5,0.02500916,0.01521301,0.0153656,0.01795959,0.01531982,0.89794922,0.01328278
test/ISIC_0034570.jpg,2,2,0.01280212,0.01491547,0.81396484,0.01343536,0.04797363,0.07904053,0.01760864
test/ISIC_0034816.jpg,5,5,0.0134964,0.01236725,0.0148468,0.01278687,0.05230713,0.87792969,0.01637268
test/ISIC_0035576.jpg,5,5,0.02384949,0.02249146,0.02090454,0.02378845,0.01445007,0.87548828,0.01927185
test/ISIC_0035247.jpg,6,6,0.03240967,0.02232361,0.02261353,0.13708496,0.01264191,0.01687622,0.75585938
test/ISIC_0034609.jpg,5,5,0.02311707,0.0227356,0.02104187,0.02253723,0.04092407,0.84765625,0.02201843
test/ISIC_0034674.jpg,5,5,0.01520538,0.01908875,0.01626587,0.01699829,0.02668762,0.8828125,0.02290344
test/ISIC_0035762.jpg,5,5,0.02052307,0.01785278,0.01409149,0.0193634,0.0153656,0.89794922,0.01483917
test/ISIC_0035136.jpg,2,4,0.0184021,0.01399994,0.02832031,0.01945496,0.84667969,0.05859375,0.01454926
test/ISIC_0035724.jpg,6,6,0.01733398,0.01597595,0.02079773,0.01448059,0.02145386,0.01372528,0.89648438
test/ISIC_0035021.jpg,4,4,0.02357483,0.01898193,0.01425934,0.02380371,0.83935547,0.06161499,0.0184021
test/ISIC_0035485.jpg,5,5,0.0328064,0.01716614,0.01243591,0.02146912,0.3515625,0.54150391,0.02290344
test/ISIC_0035864.jpg,5,5,0.01942444,0.0158844,0.01442719,0.01831055,0.23999023,0.67285156,0.01908875
test/ISIC_0034951.jpg,6,1,0.02481079,0.83251953,0.01409149,0.06817627,0.01353455,0.02540588,0.02142334
test/ISIC_0035173.jpg,5,5,0.01820374,0.01765442,0.01799011,0.02075195,0.01478577,0.890625,0.02011108
test/ISIC_0034692.jpg,2,4,0.02140808,0.01580811,0.23718262,0.02514648,0.65917969,0.02087402,0.02015686
test/ISIC_0035578.jpg,5,5,0.01950073,0.01905823,0.01751709,0.02235413,0.01576233,0.88818359,0.01745605
test/ISIC_0034725.jpg,5,5,0.01397705,0.0209198,0.01295471,0.01957703,0.04666138,0.86230469,0.02351379
test/ISIC_0034983.jpg,5,5,0.02258301,0.02044678,0.0224762,0.01904297,0.0142746,0.88574219,0.01538849
test/ISIC_0035137.jpg,5,5,0.01890564,0.01031494,0.0189209,0.01669312,0.03594971,0.45483398,0.44433594
test/ISIC_0035669.jpg,2,5,0.01759338,0.01724243,0.01657104,0.01927185,0.0227356,0.89257812,0.01374817
test/ISIC_0034675.jpg,2,4,0.0216217,0.01727295,0.02027893,0.01881409,0.87304688,0.03289795,0.01585388
test/ISIC_0034838.jpg,5,5,0.01724243,0.0188446,0.01509857,0.01792908,0.02807617,0.88574219,0.01701355
test/ISIC_0034590.jpg,5,5,0.01470947,0.01579285,0.01078033,0.0150528,0.06878662,0.85791016,0.01701355
test/ISIC_0034534.jpg,5,5,0.01828003,0.01702881,0.01766968,0.02018738,0.01657104,0.89160156,0.01882935
test/ISIC_0034655.jpg,4,4,0.01667786,0.01766968,0.18994141,0.01896667,0.71582031,0.02636719,0.01467896
test/ISIC_0036057.jpg,4,4,0.01998901,0.01811218,0.01794434,0.02232361,0.87158203,0.03146362,0.01843262
test/ISIC_0035016.jpg,5,5,0.02073669,0.01911926,0.01634216,0.02186584,0.01391602,0.89306641,0.01495361
test/ISIC_0035666.jpg,5,4,0.02314758,0.01968384,0.01580811,0.02383423,0.86035156,0.04141235,0.01585388
test/ISIC_0035535.jpg,5,5,0.03115845,0.02131653,0.02770996,0.02507019,0.0141983,0.85693359,0.02349854
test/ISIC_0035111.jpg,5,5,0.01644897,0.01546478,0.01228333,0.01634216,0.01470947,0.86425781,0.06039429
test/ISIC_0035957.jpg,1,1,0.01402283,0.88916016,0.0129776,0.0198822,0.03070068,0.01548004,0.01799011
test/ISIC_0035105.jpg,5,5,0.02581787,0.01641846,0.01789856,0.01785278,0.02172852,0.87597656,0.02432251
test/ISIC_0035720.jpg,4,4,0.02380371,0.02139282,0.02384949,0.02316284,0.87646484,0.01528931,0.01628113
test/ISIC_0035374.jpg,1,2,0.02325439,0.03219604,0.75537109,0.01422882,0.02825928,0.08172607,0.06518555
test/ISIC_0034806.jpg,5,5,0.01878357,0.02027893,0.01487732,0.01896667,0.0164032,0.89257812,0.01806641
test/ISIC_0035407.jpg,5,5,0.02349854,0.0229187,0.02354431,0.02185059,0.01773071,0.87353516,0.01696777
test/ISIC_0035504.jpg,2,4,0.01776123,0.01374054,0.10955811,0.01654053,0.42797852,0.40087891,0.01361847
test/ISIC_0035207.jpg,4,4,0.01140594,0.06182861,0.07525635,0.01409912,0.73095703,0.09747314,0.00893402
test/ISIC_0035749.jpg,5,5,0.02056885,0.01853943,0.01280975,0.02194214,0.01360321,0.89501953,0.01733398
test/ISIC_0035637.jpg,4,4,0.02363586,0.0196991,0.02011108,0.02215576,0.86816406,0.02587891,0.02029419
test/ISIC_0035825.jpg,4,4,0.01547241,0.01528168,0.01553345,0.01846313,0.87353516,0.04385376,0.01766968
test/ISIC_0035537.jpg,5,5,0.02345276,0.01853943,0.02130127,0.02386475,0.01704407,0.88134766,0.01465607
test/ISIC_0034819.jpg,4,4,0.02397156,0.02160645,0.01945496,0.02305603,0.88378906,0.01438904,0.01384735
test/ISIC_0035113.jpg,5,5,0.02105713,0.01901245,0.02246094,0.02069092,0.01538086,0.88378906,0.01763916
test/ISIC_0034934.jpg,4,4,0.01869202,0.01034546,0.03964233,0.02133179,0.79882812,0.097229,0.0140686
test/ISIC_0034668.jpg,5,5,0.01494598,0.01474762,0.01721191,0.01739502,0.02828979,0.89208984,0.01529694
test/ISIC_0035678.jpg,5,5,0.02359009,0.02032471,0.01490021,0.02139282,0.01812744,0.88232422,0.01934814
test/ISIC_0034887.jpg,6,6,0.01346588,0.01215363,0.0160675,0.06109619,0.0259552,0.01520538,0.85595703
test/ISIC_0035717.jpg,5,5,0.020401,0.02145386,0.01997375,0.01612854,0.0136261,0.89111328,0.01724243
test/ISIC_0035866.jpg,2,4,0.01530457,0.0150528,0.29077148,0.01765442,0.58496094,0.05548096,0.02052307
test/ISIC_0034845.jpg,5,5,0.01670837,0.01771545,0.01374817,0.0188446,0.01908875,0.89697266,0.0168457
test/ISIC_0035796.jpg,5,5,0.03161621,0.02284241,0.04187012,0.01605225,0.2434082,0.62939453,0.01477814
test/ISIC_0035496.jpg,5,5,0.0173645,0.01669312,0.0150528,0.01719666,0.01389313,0.90039062,0.01951599
test/ISIC_0035585.jpg,1,1,0.04370117,0.88427734,0.01378632,0.01189423,0.01337433,0.01557159,0.01733398
test/ISIC_0035761.jpg,1,1,0.02001953,0.84033203,0.06018066,0.02767944,0.01574707,0.01914978,0.01687622
test/ISIC_0035839.jpg,5,4,0.02137756,0.01541138,0.01580811,0.0168457,0.76123047,0.15441895,0.01468658
test/ISIC_0035233.jpg,5,5,0.01805115,0.0163269,0.01392365,0.01849365,0.02003479,0.89550781,0.01760864
test/ISIC_0036009.jpg,1,4,0.01821899,0.0186615,0.04898071,0.01478577,0.84082031,0.04534912,0.01312256
test/ISIC_0035337.jpg,5,5,0.02072144,0.01766968,0.01679993,0.01899719,0.0149765,0.89306641,0.01766968
test/ISIC_0035255.jpg,5,5,0.01939392,0.01776123,0.01519775,0.01937866,0.012146,0.89746094,0.01861572
test/ISIC_0035096.jpg,5,5,0.02166748,0.02180481,0.01757812,0.02493286,0.01742554,0.87792969,0.01864624
test/ISIC_0035871.jpg,1,1,0.02577209,0.82958984,0.01853943,0.03671265,0.02464294,0.02224731,0.04226685
test/ISIC_0034962.jpg,5,5,0.02079773,0.01815796,0.01896667,0.0202179,0.01467133,0.88916016,0.01802063
test/ISIC_0035699.jpg,5,5,0.02713013,0.0249176,0.02000427,0.0255127,0.02035522,0.86279297,0.01942444
test/ISIC_0035987.jpg,5,5,0.01937866,0.02124023,0.01777649,0.01956177,0.02690125,0.87695312,0.01820374
test/ISIC_0035726.jpg,5,5,0.02511597,0.02218628,0.02261353,0.01757812,0.40771484,0.49072266,0.01413727
test/ISIC_0035574.jpg,5,5,0.02947998,0.0193634,0.02366638,0.02243042,0.01482391,0.86865234,0.0216217
test/ISIC_0035356.jpg,5,5,0.02557373,0.01311493,0.01194,0.01629639,0.05093384,0.86767578,0.01444244
test/ISIC_0035563.jpg,5,5,0.01931763,0.01820374,0.01669312,0.01956177,0.01415253,0.89550781,0.01675415
test/ISIC_0035224.jpg,4,4,0.0193634,0.01779175,0.01765442,0.01731873,0.8828125,0.02682495,0.01846313
test/ISIC_0034956.jpg,5,5,0.01631165,0.01933289,0.01412201,0.01817322,0.05871582,0.859375,0.01387024
test/ISIC_0035130.jpg,4,5,0.01664734,0.01236725,0.00839996,0.01977539,0.05813599,0.8671875,0.01768494
test/ISIC_0034818.jpg,5,4,0.01552582,0.01454163,0.0209198,0.01690674,0.84960938,0.06787109,0.0147934
test/ISIC_0034805.jpg,6,6,0.02204895,0.04754639,0.01875305,0.01779175,0.01294708,0.01294708,0.86816406
test/ISIC_0035680.jpg,4,5,0.02140808,0.01400757,0.01225281,0.01747131,0.02392578,0.89404297,0.01705933
test/ISIC_0035926.jpg,2,2,0.02053833,0.01499176,0.81005859,0.0246582,0.01135254,0.09844971,0.01980591
test/ISIC_0035177.jpg,4,4,0.02145386,0.02124023,0.014534,0.02090454,0.76171875,0.14172363,0.01856995
test/ISIC_0035807.jpg,2,5,0.04467773,0.02275085,0.21948242,0.06298828,0.01259613,0.62109375,0.0166626
test/ISIC_0034574.jpg,2,2,0.0164032,0.02503967,0.88183594,0.01991272,0.01634216,0.01525879,0.02510071
test/ISIC_0034708.jpg,5,5,0.02101135,0.01994324,0.02046204,0.01925659,0.0164032,0.88769531,0.01515961
test/ISIC_0034979.jpg,5,5,0.02186584,0.01960754,0.01916504,0.01998901,0.01678467,0.8828125,0.01953125
test/ISIC_0035556.jpg,2,4,0.01405334,0.01276398,0.02062988,0.01629639,0.81396484,0.11065674,0.01176453
test/ISIC_0035713.jpg,5,5,0.02223206,0.01663208,0.01847839,0.01977539,0.0255127,0.88037109,0.01716614
test/ISIC_0034828.jpg,5,5,0.02429199,0.02053833,0.02142334,0.02189636,0.02157593,0.87255859,0.01754761
test/ISIC_0034625.jpg,5,5,0.0214386,0.01951599,0.02008057,0.02076721,0.01531219,0.88671875,0.01599121
test/ISIC_0035676.jpg,2,2,0.02008057,0.01977539,0.88574219,0.02297974,0.01537323,0.0174408,0.01838684
test/ISIC_0035313.jpg,4,2,0.01396179,0.01931763,0.44580078,0.02601624,0.43041992,0.04678345,0.01759338
test/ISIC_0035661.jpg,2,2,0.02459717,0.01722717,0.88671875,0.02148438,0.01407623,0.01725769,0.01843262
test/ISIC_0034644.jpg,4,5,0.02267456,0.01948547,0.01478577,0.01478577,0.13635254,0.77685547,0.01495361
test/ISIC_0035022.jpg,5,5,0.01704407,0.01705933,0.01655579,0.01893616,0.01443481,0.89746094,0.01847839
test/ISIC_0035286.jpg,5,5,0.01908875,0.01878357,0.0151825,0.02380371,0.01629639,0.890625,0.01644897
test/ISIC_0035815.jpg,5,5,0.02035522,0.01751709,0.01431274,0.01425934,0.07989502,0.83837891,0.0154953
test/ISIC_0035653.jpg,4,4,0.02153015,0.01887512,0.01722717,0.02006531,0.87158203,0.03598022,0.01482391
test/ISIC_0035834.jpg,2,4,0.03071594,0.35986328,0.02436829,0.0139389,0.48901367,0.02888489,0.05316162
test/ISIC_0034710.jpg,2,2,0.02142334,0.0149765,0.88818359,0.02050781,0.01715088,0.01728821,0.02026367
test/ISIC_0034993.jpg,2,2,0.02339172,0.01783752,0.86816406,0.02116394,0.01599121,0.0350647,0.01847839
test/ISIC_0035989.jpg,5,5,0.01835632,0.01560211,0.03927612,0.01480103,0.01430511,0.88427734,0.01338196
test/ISIC_0035328.jpg,5,5,0.02145386,0.01858521,0.01579285,0.02322388,0.01494598,0.88623047,0.02000427
test/ISIC_0035006.jpg,5,5,0.01992798,0.01753235,0.01997375,0.02133179,0.01748657,0.88574219,0.01789856
test/ISIC_0034691.jpg,2,2,0.02496338,0.01534271,0.86669922,0.02294922,0.02311707,0.02867126,0.01832581
test/ISIC_0035998.jpg,5,5,0.01863098,0.02241516,0.01881409,0.02726746,0.01392365,0.87548828,0.02348328
test/ISIC_0035458.jpg,5,5,0.0142746,0.01525116,0.3046875,0.01546478,0.05618286,0.58007812,0.01400757
test/ISIC_0035882.jpg,0,0,0.89160156,0.01715088,0.02232361,0.01506042,0.02102661,0.0209198,0.01177979
test/ISIC_0034950.jpg,5,5,0.01828003,0.01776123,0.01881409,0.02044678,0.01516724,0.89306641,0.01649475
test/ISIC_0034851.jpg,5,5,0.01870728,0.01820374,0.01622009,0.02058411,0.01398468,0.89208984,0.02000427
test/ISIC_0034916.jpg,5,5,0.01971436,0.01628113,0.01376343,0.0196991,0.02540588,0.8828125,0.02236938
test/ISIC_0034619.jpg,5,5,0.02337646,0.01882935,0.02268982,0.02192688,0.0149765,0.87890625,0.01945496
test/ISIC_0035869.jpg,5,5,0.02577209,0.0254364,0.01890564,0.02365112,0.01241302,0.87548828,0.0184021
test/ISIC_0034727.jpg,5,5,0.01509857,0.01780701,0.01600647,0.01786804,0.04962158,0.85888672,0.0249176
test/ISIC_0035376.jpg,0,0,0.89990234,0.0213623,0.01450348,0.01716614,0.01459503,0.01445007,0.01794434
test/ISIC_0036025.jpg,2,2,0.01724243,0.01359558,0.83300781,0.01971436,0.06768799,0.03155518,0.0174408
test/ISIC_0035076.jpg,2,2,0.0202179,0.01922607,0.88085938,0.02398682,0.01660156,0.01626587,0.02307129
test/ISIC_0035117.jpg,0,0,0.72558594,0.02323914,0.02073669,0.02061462,0.17260742,0.02554321,0.01173401
test/ISIC_0034664.jpg,5,5,0.02322388,0.01986694,0.020401,0.02130127,0.01491547,0.88378906,0.01634216
test/ISIC_0034861.jpg,5,5,0.01655579,0.01715088,0.01473236,0.01873779,0.01982117,0.89501953,0.01794434
test/ISIC_0034779.jpg,5,5,0.01831055,0.01631165,0.01635742,0.02156067,0.01753235,0.89306641,0.01707458
test/ISIC_0035781.jpg,5,5,0.01678467,0.015625,0.01603699,0.01428223,0.01489258,0.90820312,0.0144043
test/ISIC_0035771.jpg,5,5,0.02246094,0.02043152,0.01525879,0.01850891,0.02349854,0.88427734,0.01551056
test/ISIC_0035786.jpg,5,5,0.01986694,0.01409149,0.01093292,0.01901245,0.01756287,0.89990234,0.0188446
test/ISIC_0035705.jpg,4,4,0.02024841,0.01696777,0.01542664,0.01698303,0.76464844,0.15100098,0.01473236
test/ISIC_0034832.jpg,5,5,0.02357483,0.02285767,0.01420593,0.01725769,0.01893616,0.88427734,0.01898193
test/ISIC_0034623.jpg,5,5,0.02142334,0.01701355,0.01745605,0.02323914,0.01424408,0.88720703,0.01933289
test/ISIC_0035995.jpg,5,5,0.01812744,0.01558685,0.01257324,0.02197266,0.38769531,0.52685547,0.01712036
test/ISIC_0035161.jpg,5,5,0.01971436,0.01789856,0.01687622,0.02098083,0.01828003,0.88916016,0.0171814
test/ISIC_0035948.jpg,5,5,0.02349854,0.01887512,0.01381683,0.01832581,0.42602539,0.48364258,0.01567078
test/ISIC_0035865.jpg,2,2,0.02081299,0.0181427,0.53857422,0.02880859,0.35449219,0.02281189,0.01649475
test/ISIC_0035195.jpg,5,5,0.02105713,0.01882935,0.01843262,0.02095032,0.01503754,0.88916016,0.01641846
test/ISIC_0035664.jpg,2,2,0.02796936,0.0168457,0.85449219,0.01965332,0.01422119,0.05142212,0.01546478
test/ISIC_0034538.jpg,0,0,0.88769531,0.02606201,0.01475525,0.02000427,0.01464081,0.01750183,0.01945496
test/ISIC_0035031.jpg,5,5,0.01675415,0.01879883,0.01635742,0.01992798,0.0174408,0.89404297,0.01647949
test/ISIC_0035025.jpg,5,5,0.01802063,0.01821899,0.01520538,0.01837158,0.02885437,0.88525391,0.01629639
test/ISIC_0034734.jpg,6,6,0.02163696,0.01451874,0.01489258,0.01754761,0.01773071,0.12963867,0.78417969
test/ISIC_0035609.jpg,5,5,0.01809692,0.016922,0.01626587,0.02073669,0.01609802,0.89453125,0.01722717
test/ISIC_0034605.jpg,4,4,0.01713562,0.01829529,0.02587891,0.01712036,0.73974609,0.16772461,0.01396942
test/ISIC_0035976.jpg,1,1,0.01689148,0.74951172,0.15148926,0.01895142,0.01502991,0.0319519,0.01608276
test/ISIC_0035189.jpg,5,2,0.02903748,0.01939392,0.44677734,0.0319519,0.01423645,0.44091797,0.0177002
test/ISIC_0035823.jpg,4,5,0.02243042,0.02319336,0.01308441,0.01863098,0.32519531,0.57958984,0.01766968
test/ISIC_0035494.jpg,5,5,0.0160675,0.01570129,0.01863098,0.01580811,0.38989258,0.52783203,0.0160675
test/ISIC_0035635.jpg,2,2,0.0244751,0.02059937,0.86474609,0.02246094,0.02563477,0.01953125,0.02268982
test/ISIC_0035956.jpg,4,4,0.02590942,0.02104187,0.01882935,0.02415466,0.87060547,0.01980591,0.0194397
test/ISIC_0035816.jpg,4,4,0.02415466,0.02085876,0.01528931,0.02261353,0.8203125,0.07830811,0.01849365
test/ISIC_0034996.jpg,5,2,0.02264404,0.01768494,0.69970703,0.02658081,0.0149765,0.20361328,0.01502228
test/ISIC_0035571.jpg,5,4,0.01951599,0.01600647,0.02322388,0.02029419,0.87451172,0.02633667,0.01997375
test/ISIC_0034693.jpg,2,2,0.02484131,0.02033997,0.875,0.02084351,0.01831055,0.02140808,0.01907349
test/ISIC_0035179.jpg,2,2,0.02095032,0.02171326,0.890625,0.02084351,0.01557922,0.01383972,0.01628113
test/ISIC_0035919.jpg,3,3,0.01500702,0.01679993,0.01573181,0.89404297,0.01701355,0.02259827,0.01861572
test/ISIC_0035483.jpg,5,5,0.01805115,0.01806641,0.0160675,0.01957703,0.01673889,0.89404297,0.01724243
test/ISIC_0034612.jpg,1,1,0.02110291,0.88671875,0.0136261,0.02090454,0.01591492,0.02061462,0.02119446
test/ISIC_0034937.jpg,6,6,0.02531433,0.02024841,0.02111816,0.01911926,0.01754761,0.01519012,0.88134766
test/ISIC_0035818.jpg,2,2,0.01391602,0.04428101,0.86328125,0.01989746,0.02780151,0.01580811,0.01519775
test/ISIC_0035437.jpg,5,5,0.01828003,0.01741028,0.01678467,0.02030945,0.01248932,0.89697266,0.01776123
test/ISIC_0034637.jpg,5,1,0.04589844,0.80957031,0.02618408,0.01873779,0.01462555,0.0690918,0.01579285
test/ISIC_0035200.jpg,5,5,0.02642822,0.03738403,0.01203918,0.02336121,0.01535797,0.86474609,0.02078247
test/ISIC_0035707.jpg,5,5,0.01994324,0.02189636,0.01455688,0.02375793,0.01600647,0.88525391,0.01850891
test/ISIC_0034533.jpg,5,5,0.01623535,0.01994324,0.01515961,0.02359009,0.01476288,0.89160156,0.01890564
test/ISIC_0035564.jpg,2,2,0.01148224,0.01280975,0.59667969,0.01248932,0.2734375,0.07122803,0.02198792
test/ISIC_0035965.jpg,5,5,0.02095032,0.01895142,0.01324463,0.01725769,0.02467346,0.88671875,0.01802063
test/ISIC_0036034.jpg,4,2,0.01055908,0.01078033,0.59912109,0.01101685,0.06396484,0.14501953,0.15966797
test/ISIC_0035643.jpg,0,0,0.89257812,0.01828003,0.01637268,0.01855469,0.01350403,0.02597046,0.01480103
test/ISIC_0035315.jpg,5,5,0.02116394,0.02163696,0.01739502,0.02171326,0.01649475,0.88574219,0.01603699
test/ISIC_0035303.jpg,5,5,0.02203369,0.02087402,0.01856995,0.02455139,0.01568604,0.87695312,0.02113342
test/ISIC_0035651.jpg,4,4,0.02110291,0.01930237,0.0209198,0.02075195,0.88037109,0.02151489,0.01625061
test/ISIC_0035501.jpg,5,5,0.01707458,0.01872253,0.01725769,0.01911926,0.02757263,0.88574219,0.01459503
test/ISIC_0034724.jpg,2,2,0.01847839,0.01495361,0.88085938,0.01826477,0.0163269,0.02934265,0.02156067
test/ISIC_0035920.jpg,4,4,0.02357483,0.01896667,0.01858521,0.019104,0.66162109,0.24816895,0.00995636
test/ISIC_0034959.jpg,4,4,0.02192688,0.02296448,0.02690125,0.0229187,0.86767578,0.02122498,0.01617432
test/ISIC_0035519.jpg,5,5,0.02000427,0.01882935,0.01824951,0.02148438,0.01655579,0.88818359,0.01660156
test/ISIC_0035546.jpg,5,5,0.01655579,0.01600647,0.14331055,0.02009583,0.01693726,0.77294922,0.01416779
test/ISIC_0035996.jpg,2,2,0.0219574,0.01751709,0.89160156,0.01951599,0.01618958,0.01533508,0.01786804
test/ISIC_0035851.jpg,5,4,0.01631165,0.01454926,0.01922607,0.01885986,0.87402344,0.04483032,0.01221466
test/ISIC_0035124.jpg,4,5,0.02124023,0.12237549,0.01342773,0.0164032,0.21044922,0.60253906,0.01387787
test/ISIC_0034556.jpg,5,5,0.01977539,0.01789856,0.01820374,0.01951599,0.01617432,0.89257812,0.01583862
test/ISIC_0035392.jpg,5,5,0.01577759,0.01169586,0.01360321,0.04211426,0.27001953,0.61035156,0.03640747
test/ISIC_0035841.jpg,5,5,0.0191803,0.01651001,0.01486969,0.02127075,0.02313232,0.88867188,0.01617432
test/ISIC_0036051.jpg,4,4,0.01651001,0.01681519,0.02186584,0.0164032,0.87011719,0.04156494,0.01695251
test/ISIC_0035602.jpg,4,2,0.01456451,0.01260376,0.86816406,0.01765442,0.03207397,0.03585815,0.01914978
test/ISIC_0035523.jpg,5,5,0.01815796,0.01997375,0.01705933,0.02340698,0.01818848,0.88623047,0.01681519
test/ISIC_0035298.jpg,5,5,0.02124023,0.01904297,0.01829529,0.02153015,0.01617432,0.88623047,0.01724243
test/ISIC_0035321.jpg,2,1,0.04440308,0.86621094,0.0256958,0.01495361,0.02108765,0.01358795,0.0139389
test/ISIC_0036060.jpg,2,2,0.01643372,0.01436615,0.89453125,0.01667786,0.01371002,0.01724243,0.02688599
test/ISIC_0034972.jpg,2,5,0.01084137,0.01332092,0.02774048,0.01250458,0.06195068,0.86376953,0.01012421
test/ISIC_0035474.jpg,5,4,0.02185059,0.01951599,0.05075073,0.01490784,0.75732422,0.1217041,0.01400757
test/ISIC_0035178.jpg,5,5,0.02775574,0.0201416,0.01603699,0.02053833,0.36816406,0.53125,0.01625061
test/ISIC_0035341.jpg,5,5,0.02003479,0.01899719,0.01809692,0.02102661,0.01651001,0.88818359,0.01713562
test/ISIC_0035524.jpg,5,5,0.01992798,0.01927185,0.01683044,0.02157593,0.01612854,0.88916016,0.0171051
test/ISIC_0035367.jpg,5,5,0.02622986,0.02403259,0.02149963,0.02330017,0.02001953,0.86816406,0.01663208
test/ISIC_0035153.jpg,5,5,0.01849365,0.01731873,0.01522827,0.02085876,0.01593018,0.88476562,0.02761841
test/ISIC_0034650.jpg,4,4,0.02459717,0.02062988,0.01835632,0.02319336,0.87597656,0.01885986,0.01837158
test/ISIC_0035521.jpg,5,5,0.02153015,0.01983643,0.02166748,0.01959229,0.04983521,0.84667969,0.02067566
test/ISIC_0035587.jpg,5,5,0.01808167,0.01907349,0.01759338,0.02024841,0.02023315,0.88818359,0.01672363
test/ISIC_0035738.jpg,5,5,0.01986694,0.01256561,0.07220459,0.01612854,0.0189209,0.84570312,0.0146637
test/ISIC_0035698.jpg,4,4,0.01429749,0.01503754,0.11364746,0.01821899,0.80371094,0.01789856,0.0171814
test/ISIC_0035794.jpg,4,4,0.01465607,0.01543427,0.03598022,0.01499176,0.83837891,0.06610107,0.01445007
test/ISIC_0035342.jpg,5,5,0.01847839,0.01826477,0.01696777,0.02127075,0.01698303,0.88818359,0.01966858
test/ISIC_0034763.jpg,5,5,0.01852417,0.01757812,0.01644897,0.01982117,0.0168457,0.89453125,0.01635742
test/ISIC_0034628.jpg,4,4,0.03427124,0.02670288,0.02708435,0.02359009,0.84960938,0.02192688,0.01676941
test/ISIC_0035982.jpg,3,0,0.43188477,0.0149231,0.08508301,0.41625977,0.02098083,0.014328,0.01644897
test/ISIC_0035329.jpg,5,5,0.02104187,0.01898193,0.01771545,0.02120972,0.01580811,0.88769531,0.01763916
test/ISIC_0035393.jpg,4,4,0.01507568,0.01213074,0.05163574,0.01558685,0.86230469,0.02560425,0.0177002
test/ISIC_0035597.jpg,5,5,0.01776123,0.01982117,0.0271759,0.016922,0.39355469,0.50830078,0.01628113
test/ISIC_0035102.jpg,5,5,0.02055359,0.01994324,0.02058411,0.02255249,0.01976013,0.87646484,0.02033997
test/ISIC_0035039.jpg,2,2,0.0252533,0.01734924,0.88671875,0.01776123,0.01707458,0.01719666,0.01861572
test/ISIC_0035601.jpg,5,5,0.02415466,0.0196228,0.01502991,0.02165222,0.01765442,0.88134766,0.02062988
test/ISIC_0034908.jpg,5,5,0.02328491,0.02043152,0.02178955,0.02337646,0.01548004,0.87792969,0.01765442
test/ISIC_0035782.jpg,5,5,0.02523804,0.02252197,0.01721191,0.02565002,0.0161438,0.87597656,0.01705933
test/ISIC_0034920.jpg,5,5,0.01853943,0.01869202,0.01326752,0.01976013,0.02429199,0.88916016,0.01641846
test/ISIC_0035732.jpg,4,4,0.01777649,0.01820374,0.01211548,0.01603699,0.64404297,0.2746582,0.01719666
test/ISIC_0035070.jpg,4,4,0.01916504,0.01824951,0.0218811,0.01773071,0.86181641,0.04638672,0.01496887
test/ISIC_0035199.jpg,5,4,0.02333069,0.01122284,0.07434082,0.01615906,0.81787109,0.0428772,0.01404572
test/ISIC_0036049.jpg,5,5,0.02227783,0.01745605,0.01068115,0.01535797,0.04727173,0.87011719,0.01660156
test/ISIC_0035667.jpg,1,1,0.01660156,0.87304688,0.0110321,0.0239563,0.01681519,0.02435303,0.03411865
test/ISIC_0035930.jpg,5,5,0.025177,0.02355957,0.02275085,0.02276611,0.0196228,0.86865234,0.01751709
test/ISIC_0034933.jpg,5,5,0.02204895,0.01831055,0.01782227,0.02157593,0.01483154,0.88818359,0.01741028
test/ISIC_0034748.jpg,0,2,0.02580261,0.01647949,0.87597656,0.01374054,0.03829956,0.01512146,0.01470184
test/ISIC_0035952.jpg,6,5,0.01331329,0.03106689,0.0124054,0.0188446,0.01745605,0.68896484,0.21826172
test/ISIC_0035334.jpg,1,1,0.02052307,0.86816406,0.02243042,0.02337646,0.02365112,0.01730347,0.02449036
test/ISIC_0035323.jpg,5,5,0.02172852,0.02104187,0.01956177,0.02545166,0.01500702,0.88085938,0.01652527
test/ISIC_0035903.jpg,5,5,0.0211792,0.01594543,0.02029419,0.01464081,0.17687988,0.73681641,0.01451874
test/ISIC_0035910.jpg,6,5,0.02624512,0.01806641,0.01118469,0.01882935,0.01945496,0.76855469,0.13757324
test/ISIC_0035845.jpg,4,4,0.02908325,0.02006531,0.01760864,0.02333069,0.86279297,0.01919556,0.02809143
test/ISIC_0035621.jpg,5,5,0.0177002,0.01629639,0.01500702,0.01559448,0.02102661,0.89892578,0.01522827
test/ISIC_0035682.jpg,4,4,0.0181427,0.01911926,0.01525879,0.01593018,0.79833984,0.11712646,0.01611328
test/ISIC_0035734.jpg,5,5,0.02128601,0.02111816,0.01533508,0.01747131,0.0480957,0.86132812,0.01550293
test/ISIC_0034643.jpg,5,5,0.02233887,0.01887512,0.01643372,0.02445984,0.01498413,0.88183594,0.0211792
test/ISIC_0034598.jpg,1,1,0.01664734,0.89453125,0.01620483,0.01849365,0.01860046,0.01593018,0.01942444
test/ISIC_0035090.jpg,4,5,0.01940918,0.01173401,0.02799988,0.01385498,0.08068848,0.83251953,0.01403809
test/ISIC_0035172.jpg,5,5,0.02333069,0.0206604,0.01727295,0.03031921,0.01156616,0.87011719,0.0267334
test/ISIC_0035395.jpg,5,5,0.0173645,0.01437378,0.34521484,0.01879883,0.07519531,0.50976562,0.01947021
test/ISIC_0035436.jpg,2,4,0.01889038,0.01654053,0.39624023,0.0193634,0.46459961,0.06713867,0.01741028
test/ISIC_0035876.jpg,1,1,0.02178955,0.87646484,0.01611328,0.02282715,0.01647949,0.01503754,0.03134155
test/ISIC_0035962.jpg,5,5,0.0171051,0.0177002,0.01039124,0.01462555,0.02539062,0.89697266,0.01785278
test/ISIC_0035250.jpg,5,5,0.0231781,0.0242157,0.01432037,0.02062988,0.016922,0.87402344,0.02690125
test/ISIC_0034852.jpg,5,5,0.01898193,0.01525879,0.01034546,0.01673889,0.02438354,0.88330078,0.03112793
test/ISIC_0034567.jpg,5,5,0.021698,0.02043152,0.01872253,0.02099609,0.01615906,0.88476562,0.0171051
test/ISIC_0034572.jpg,4,4,0.01878357,0.02000427,0.01652527,0.02037048,0.88574219,0.01966858,0.01905823
test/ISIC_0034795.jpg,5,5,0.02632141,0.0216217,0.1361084,0.02598572,0.01499939,0.75341797,0.02139282
test/ISIC_0034771.jpg,4,4,0.01451111,0.01334381,0.0164032,0.0158844,0.87109375,0.05328369,0.01567078
test/ISIC_0034723.jpg,2,2,0.01856995,0.01750183,0.88964844,0.01945496,0.01676941,0.01766968,0.02052307
test/ISIC_0034894.jpg,5,5,0.01939392,0.0181427,0.0128479,0.02069092,0.02471924,0.890625,0.01341248
test/ISIC_0035616.jpg,5,5,0.01863098,0.01465607,0.01262665,0.01693726,0.0456543,0.87744141,0.01412201
test/ISIC_0034665.jpg,5,5,0.02307129,0.01806641,0.01902771,0.02033997,0.01255035,0.88964844,0.01719666
test/ISIC_0035647.jpg,5,5,0.0291748,0.02130127,0.02415466,0.02696228,0.01841736,0.85302734,0.02684021
test/ISIC_0035046.jpg,5,4,0.01733398,0.01716614,0.04034424,0.0201416,0.55322266,0.33618164,0.01546478
test/ISIC_0035683.jpg,1,1,0.01254272,0.77929688,0.01785278,0.0184021,0.11846924,0.01380157,0.03979492
test/ISIC_0035129.jpg,5,5,0.02578735,0.01493073,0.01285553,0.02078247,0.20629883,0.70214844,0.01745605
test/ISIC_0034947.jpg,5,5,0.02076721,0.01992798,0.01811218,0.02160645,0.01705933,0.88134766,0.02101135
test/ISIC_0035547.jpg,1,1,0.01731873,0.88183594,0.01609802,0.01977539,0.02301025,0.01907349,0.02288818
test/ISIC_0034696.jpg,5,5,0.01985168,0.01953125,0.01727295,0.02305603,0.01292419,0.89111328,0.01612854
test/ISIC_0035883.jpg,5,5,0.02264404,0.02149963,0.01408386,0.02510071,0.01292419,0.8828125,0.02087402
test/ISIC_0034697.jpg,5,5,0.01957703,0.01737976,0.01760864,0.02075195,0.01198578,0.89550781,0.01722717
test/ISIC_0035554.jpg,5,4,0.01600647,0.01248932,0.02227783,0.01491547,0.74658203,0.15710449,0.03062439
test/ISIC_0035154.jpg,2,2,0.02182007,0.02261353,0.87353516,0.02235413,0.01872253,0.0166626,0.02426147
test/ISIC_0035946.jpg,6,6,0.03768921,0.01724243,0.04003906,0.01623535,0.0512085,0.04534912,0.79248047
test/ISIC_0035230.jpg,5,5,0.01979065,0.01803589,0.01835632,0.02093506,0.01494598,0.89111328,0.01699829
test/ISIC_0034943.jpg,5,5,0.01940918,0.0184021,0.01834106,0.02029419,0.01225281,0.89306641,0.01821899
test/ISIC_0035227.jpg,5,5,0.01638794,0.0176239,0.02023315,0.01771545,0.02128601,0.89013672,0.0165863
test/ISIC_0035557.jpg,5,5,0.02883911,0.02680969,0.02615356,0.02772522,0.01594543,0.84960938,0.02484131
test/ISIC_0035365.jpg,5,5,0.0181427,0.0174408,0.01599121,0.01937866,0.01724243,0.89355469,0.0184021
test/ISIC_0034736.jpg,5,5,0.01464081,0.0158844,0.01564026,0.01808167,0.01357269,0.90380859,0.01838684
test/ISIC_0035779.jpg,5,5,0.02615356,0.02545166,0.01817322,0.02435303,0.01841736,0.86865234,0.0189209
test/ISIC_0035723.jpg,3,2,0.02032471,0.01657104,0.58935547,0.31103516,0.01491547,0.03067017,0.01704407
test/ISIC_0035644.jpg,5,5,0.01927185,0.01893616,0.01556396,0.02151489,0.01337433,0.89111328,0.02024841
test/ISIC_0035828.jpg,5,5,0.0317688,0.02246094,0.03237915,0.03219604,0.01281738,0.82763672,0.040802
test/ISIC_0034560.jpg,5,5,0.02134705,0.01983643,0.01673889,0.0216217,0.01490021,0.88964844,0.01596069
test/ISIC_0035142.jpg,2,2,0.01715088,0.01589966,0.88867188,0.01829529,0.01773071,0.02046204,0.02183533
test/ISIC_0035372.jpg,0,0,0.88720703,0.02053833,0.01713562,0.02085876,0.01506805,0.0177002,0.02127075
test/ISIC_0035958.jpg,5,5,0.02415466,0.02085876,0.0117569,0.0214386,0.30737305,0.59667969,0.01757812
test/ISIC_0035844.jpg,3,3,0.02105713,0.01496124,0.01712036,0.77734375,0.12384033,0.02722168,0.01850891
test/ISIC_0035087.jpg,5,5,0.02069092,0.0171051,0.01702881,0.02082825,0.01399231,0.88818359,0.02218628
test/ISIC_0034629.jpg,5,4,0.01832581,0.01193237,0.02973938,0.01242065,0.77929688,0.13659668,0.01190186
test/ISIC_0034578.jpg,2,2,0.01573181,0.01508331,0.89501953,0.01806641,0.01683044,0.02142334,0.01774597
test/ISIC_0035226.jpg,6,6,0.25463867,0.04769897,0.0383606,0.02677917,0.01759338,0.01327515,0.6015625
test/ISIC_0036046.jpg,5,5,0.0213623,0.01557159,0.02058411,0.01545715,0.01998901,0.89404297,0.01277161
test/ISIC_0035489.jpg,5,5,0.02098083,0.01420593,0.0221405,0.01502228,0.21789551,0.69824219,0.01160431
test/ISIC_0035939.jpg,5,5,0.0262146,0.02079773,0.0140152,0.02163696,0.25317383,0.64990234,0.01410675
test/ISIC_0035793.jpg,5,5,0.02702332,0.02101135,0.02177429,0.02070618,0.01754761,0.87597656,0.01599121
test/ISIC_0035757.jpg,5,5,0.01774597,0.02182007,0.26049805,0.02816772,0.01166534,0.6328125,0.02738953
test/ISIC_0035262.jpg,1,1,0.01904297,0.87011719,0.01435089,0.02600098,0.01602173,0.02549744,0.02920532
test/ISIC_0034911.jpg,6,6,0.01853943,0.01704407,0.0164032,0.01574707,0.01390839,0.02011108,0.8984375
test/ISIC_0034649.jpg,5,5,0.01698303,0.01771545,0.01623535,0.0184021,0.02667236,0.88818359,0.01570129
test/ISIC_0035186.jpg,5,5,0.09222412,0.19104004,0.01911926,0.01690674,0.04592896,0.61816406,0.01646423
test/ISIC_0035027.jpg,5,5,0.02301025,0.02067566,0.01808167,0.022995,0.01502228,0.88330078,0.01705933
test/ISIC_0034555.jpg,6,6,0.02172852,0.01734924,0.02001953,0.0226593,0.0191803,0.01675415,0.88232422
test/ISIC_0034683.jpg,5,5,0.02050781,0.01869202,0.0196991,0.0211792,0.01551056,0.88720703,0.01725769
test/ISIC_0034939.jpg,2,0,0.88525391,0.00971985,0.02809143,0.01643372,0.0199585,0.01582336,0.02468872
test/ISIC_0034584.jpg,4,5,0.02081299,0.01698303,0.01480103,0.01707458,0.0249939,0.89208984,0.01331329
test/ISIC_0035526.jpg,5,5,0.0193634,0.01924133,0.01335144,0.01889038,0.02722168,0.88623047,0.01591492
test/ISIC_0034544.jpg,5,5,0.01821899,0.01485443,0.01033783,0.01197815,0.03912354,0.86279297,0.04248047
test/ISIC_0034869.jpg,5,5,0.01919556,0.01824951,0.01817322,0.02119446,0.01506805,0.89111328,0.01704407
test/ISIC_0035712.jpg,5,5,0.02326965,0.02001953,0.03729248,0.02052307,0.01634216,0.86474609,0.01800537
test/ISIC_0034588.jpg,1,1,0.00961304,0.87841797,0.01611328,0.01538086,0.02467346,0.03598022,0.01986694
test/ISIC_0034608.jpg,6,6,0.02085876,0.02210999,0.02171326,0.01733398,0.02153015,0.02026367,0.87597656
test/ISIC_0035119.jpg,0,0,0.89208984,0.02172852,0.01608276,0.02050781,0.01565552,0.01600647,0.01771545
test/ISIC_0034954.jpg,6,6,0.01876831,0.01829529,0.01937866,0.01712036,0.0146637,0.0186615,0.89306641
test/ISIC_0035943.jpg,5,4,0.01701355,0.01617432,0.01882935,0.01482391,0.51708984,0.40039062,0.01567078
test/ISIC_0035833.jpg,2,2,0.02297974,0.02153015,0.88134766,0.02096558,0.01158142,0.02529907,0.01637268
test/ISIC_0035696.jpg,4,4,0.02201843,0.02279663,0.01927185,0.02325439,0.86132812,0.03158569,0.01966858
test/ISIC_0034834.jpg,5,5,0.02174377,0.01907349,0.01831055,0.0229187,0.01385498,0.88818359,0.01608276
test/ISIC_0035223.jpg,5,5,0.01893616,0.01623535,0.01812744,0.01679993,0.01826477,0.89501953,0.01655579
test/ISIC_0034949.jpg,4,4,0.02059937,0.01937866,0.01660156,0.02154541,0.88916016,0.01520538,0.01751709
test/ISIC_0035205.jpg,5,5,0.02128601,0.02035522,0.019104,0.02073669,0.01930237,0.88378906,0.01553345
test/ISIC_0034530.jpg,5,5,0.0262146,0.02082825,0.01971436,0.05993652,0.01782227,0.83154297,0.0241394
test/ISIC_0035151.jpg,2,2,0.0154953,0.01707458,0.89160156,0.02012634,0.01580811,0.01779175,0.02223206
test/ISIC_0034974.jpg,5,5,0.02061462,0.01890564,0.01538849,0.0231781,0.01303864,0.89013672,0.01875305
test/ISIC_0034942.jpg,5,5,0.02340698,0.01779175,0.01546478,0.02772522,0.0147171,0.88037109,0.02032471
test/ISIC_0034938.jpg,5,5,0.01564026,0.01570129,0.01233673,0.01468658,0.0725708,0.85644531,0.01287842
test/ISIC_0034656.jpg,2,2,0.01934814,0.01340485,0.64648438,0.02388,0.16882324,0.10839844,0.01972961
test/ISIC_0035811.jpg,5,5,0.01985168,0.01664734,0.0147934,0.01916504,0.40014648,0.51269531,0.01661682
test/ISIC_0035990.jpg,5,5,0.02171326,0.020401,0.01361084,0.0213623,0.01516724,0.88525391,0.02233887
test/ISIC_0034651.jpg,2,2,0.02624512,0.0218811,0.82568359,0.02207947,0.0176239,0.06585693,0.02058411
test/ISIC_0035999.jpg,5,4,0.02174377,0.01335907,0.01693726,0.01879883,0.61279297,0.29980469,0.01634216
test/ISIC_0034715.jpg,5,5,0.01896667,0.01681519,0.01780701,0.0191803,0.01417542,0.89453125,0.01849365
test/ISIC_0035813.jpg,5,5,0.0222168,0.02189636,0.01524353,0.01924133,0.02365112,0.88085938,0.01707458
test/ISIC_0035185.jpg,2,2,0.01712036,0.01702881,0.89257812,0.01916504,0.01596069,0.01889038,0.019104
test/ISIC_0036039.jpg,5,4,0.01847839,0.01400757,0.01853943,0.01571655,0.81152344,0.1081543,0.01360321
test/ISIC_0035633.jpg,6,6,0.01554108,0.01452637,0.01982117,0.02288818,0.04278564,0.01267242,0.87158203
test/ISIC_0034777.jpg,5,5,0.02282715,0.01925659,0.02220154,0.02177429,0.01515198,0.88427734,0.01444244
test/ISIC_0035164.jpg,5,5,0.01794434,0.02098083,0.01997375,0.02348328,0.01306152,0.88818359,0.01655579
test/ISIC_0034642.jpg,3,3,0.02053833,0.02380371,0.21069336,0.46069336,0.01166534,0.25463867,0.01811218
test/ISIC_0035123.jpg,5,5,0.01983643,0.02098083,0.01722717,0.0249176,0.01649475,0.88427734,0.01651001
test/ISIC_0036064.jpg,1,4,0.01768494,0.11413574,0.15344238,0.03421021,0.63818359,0.02262878,0.01942444
test/ISIC_0035463.jpg,2,2,0.02171326,0.02114868,0.86767578,0.02523804,0.0206604,0.0166626,0.0269928
test/ISIC_0035439.jpg,3,3,0.01954651,0.02076721,0.02137756,0.88720703,0.02038574,0.0142746,0.01634216
test/ISIC_0035548.jpg,5,5,0.01800537,0.01468658,0.01411438,0.01765442,0.01377869,0.89892578,0.02293396
test/ISIC_0035674.jpg,5,5,0.02886963,0.01815796,0.02633667,0.01570129,0.19873047,0.69628906,0.01609802
test/ISIC_0035047.jpg,4,4,0.0213623,0.01818848,0.03271484,0.02633667,0.86572266,0.01721191,0.01860046
test/ISIC_0034790.jpg,5,5,0.02168274,0.01956177,0.01928711,0.02235413,0.0176239,0.87695312,0.02246094
test/ISIC_0034833.jpg,1,1,0.05633545,0.87695312,0.01540375,0.01158142,0.01268768,0.01411438,0.01304626
test/ISIC_0034762.jpg,5,5,0.02406311,0.02220154,0.02157593,0.02429199,0.01574707,0.875,0.01712036
test/ISIC_0034614.jpg,2,2,0.02450562,0.02456665,0.45288086,0.03038025,0.03158569,0.41870117,0.01733398
test/ISIC_0035590.jpg,2,2,0.02015686,0.01580811,0.88671875,0.01998901,0.01713562,0.01882935,0.02148438
test/ISIC_0035394.jpg,5,4,0.01467896,0.01629639,0.0302124,0.01657104,0.63769531,0.26879883,0.01573181
test/ISIC_0035907.jpg,5,5,0.02005005,0.01435852,0.02839661,0.02957153,0.01357269,0.46191406,0.43212891
test/ISIC_0035459.jpg,4,4,0.0171814,0.02153015,0.18811035,0.03533936,0.68798828,0.03747559,0.01256561
test/ISIC_0035821.jpg,3,3,0.01881409,0.02020264,0.01846313,0.88525391,0.01930237,0.01876831,0.01930237
test/ISIC_0034928.jpg,5,5,0.01792908,0.01673889,0.01553345,0.01989746,0.0140152,0.89746094,0.01832581
test/ISIC_0035512.jpg,5,5,0.02008057,0.01896667,0.01773071,0.02224731,0.01580811,0.88720703,0.0178833
test/ISIC_0035082.jpg,5,5,0.01760864,0.02116394,0.01794434,0.02513123,0.01411438,0.88623047,0.01757812
test/ISIC_0034803.jpg,5,5,0.02679443,0.0139389,0.03411865,0.01908875,0.01553345,0.87158203,0.01889038
test/ISIC_0035120.jpg,1,1,0.0194397,0.87988281,0.01905823,0.0221405,0.02174377,0.01797485,0.01977539
test/ISIC_0034898.jpg,0,4,0.03149414,0.02609253,0.15405273,0.02236938,0.72167969,0.03068542,0.01357269
test/ISIC_0035640.jpg,4,4,0.02198792,0.02049255,0.01832581,0.021698,0.84716797,0.05062866,0.01957703
test/ISIC_0035891.jpg,5,5,0.01724243,0.01672363,0.01663208,0.01594543,0.03237915,0.88476562,0.01629639
test/ISIC_0035975.jpg,5,5,0.0216217,0.01506042,0.01496124,0.01346588,0.14367676,0.77832031,0.01293182
test/ISIC_0035364.jpg,2,0,0.89160156,0.01756287,0.01799011,0.0177002,0.02050781,0.01835632,0.01611328
test/ISIC_0035484.jpg,5,5,0.02328491,0.0223999,0.0635376,0.0188446,0.01128387,0.84423828,0.01631165
test/ISIC_0034687.jpg,4,4,0.0218811,0.0160675,0.02572632,0.01646423,0.86767578,0.0368042,0.015625
test/ISIC_0035145.jpg,5,5,0.01846313,0.01750183,0.01611328,0.01870728,0.01622009,0.89892578,0.0141449
test/ISIC_0034620.jpg,5,5,0.02204895,0.01855469,0.01765442,0.02366638,0.01574707,0.88574219,0.0166626
test/ISIC_0034582.jpg,5,5,0.01611328,0.01712036,0.01560211,0.01705933,0.01583862,0.90283203,0.01551819
test/ISIC_0034757.jpg,5,5,0.01893616,0.01672363,0.01199341,0.02639771,0.02337646,0.87939453,0.02308655
test/ISIC_0035312.jpg,5,5,0.02032471,0.01913452,0.01849365,0.02087402,0.01520538,0.88964844,0.01646423
test/ISIC_0035433.jpg,5,0,0.79150391,0.10974121,0.01237488,0.02452087,0.00980377,0.01803589,0.03424072
test/ISIC_0034690.jpg,5,5,0.02493286,0.02256775,0.0154953,0.02478027,0.01470947,0.87646484,0.02093506
test/ISIC_0035221.jpg,5,5,0.02410889,0.0223999,0.02059937,0.02438354,0.01467133,0.87451172,0.01940918
test/ISIC_0035623.jpg,5,5,0.02308655,0.02175903,0.04431152,0.04473877,0.00786591,0.84277344,0.01551056
test/ISIC_0035028.jpg,2,2,0.01582336,0.01721191,0.56933594,0.01794434,0.33544922,0.02505493,0.0189209
test/ISIC_0035695.jpg,3,4,0.01881409,0.18273926,0.12719727,0.01048279,0.41186523,0.1385498,0.11029053
test/ISIC_0035974.jpg,5,5,0.0242157,0.01875305,0.02023315,0.01576233,0.42382812,0.48510742,0.01210785
test/ISIC_0035654.jpg,5,5,0.03057861,0.02641296,0.02099609,0.02349854,0.01558685,0.86132812,0.0214386
test/ISIC_0035558.jpg,4,5,0.01378632,0.01661682,0.02677917,0.01509857,0.21459961,0.69482422,0.01824951
test/ISIC_0035044.jpg,5,5,0.02648926,0.01843262,0.04385376,0.01554871,0.01296234,0.8671875,0.01557159
test/ISIC_0035611.jpg,5,5,0.02075195,0.01977539,0.02088928,0.02304077,0.01646423,0.88330078,0.0158844
test/ISIC_0034826.jpg,2,2,0.02246094,0.01812744,0.87011719,0.01942444,0.01337433,0.03475952,0.0219574
test/ISIC_0035000.jpg,4,4,0.03305054,0.01486206,0.02267456,0.02088928,0.87255859,0.0198822,0.01586914
test/ISIC_0035994.jpg,5,4,0.01835632,0.01617432,0.01527405,0.01773071,0.8515625,0.06585693,0.01525116
test/ISIC_0036036.jpg,5,2,0.01815796,0.02622986,0.63330078,0.02293396,0.01023102,0.2590332,0.03009033
test/ISIC_0034754.jpg,5,4,0.01805115,0.01456451,0.01914978,0.01548767,0.64355469,0.27026367,0.01913452
test/ISIC_0035785.jpg,5,4,0.02340698,0.01559448,0.01314545,0.01911926,0.46606445,0.44384766,0.01879883
test/ISIC_0035435.jpg,5,5,0.02372742,0.016922,0.02458191,0.01800537,0.01846313,0.88427734,0.0141449
test/ISIC_0035747.jpg,4,4,0.01927185,0.01535797,0.01421356,0.01678467,0.78076172,0.13757324,0.01625061
test/ISIC_0035783.jpg,5,4,0.01855469,0.01560974,0.01319122,0.01461792,0.85107422,0.06994629,0.01701355
test/ISIC_0035508.jpg,5,5,0.01957703,0.02032471,0.01741028,0.02310181,0.01823425,0.88378906,0.01780701
test/ISIC_0035831.jpg,2,2,0.02416992,0.01876831,0.87402344,0.0209198,0.02163696,0.02001953,0.02061462
test/ISIC_0035400.jpg,5,5,0.02268982,0.01972961,0.02061462,0.02337646,0.01748657,0.87988281,0.01626587
test/ISIC_0034714.jpg,4,4,0.01461029,0.01400757,0.02108765,0.01924133,0.75732422,0.15625,0.01747131
test/ISIC_0034576.jpg,5,5,0.02011108,0.01986694,0.01806641,0.02032471,0.01558685,0.88671875,0.01913452
test/ISIC_0034923.jpg,5,5,0.0196991,0.01742554,0.0133667,0.0209198,0.01919556,0.89208984,0.0174408
test/ISIC_0034877.jpg,5,5,0.01570129,0.01415253,0.01374054,0.0171051,0.06311035,0.86132812,0.01502991
test/ISIC_0035053.jpg,5,5,0.02267456,0.01939392,0.02316284,0.02334595,0.01529694,0.87792969,0.01818848
test/ISIC_0035456.jpg,5,5,0.02038574,0.01075745,0.01406097,0.0161438,0.06155396,0.86230469,0.01502228
test/ISIC_0035478.jpg,4,4,0.02191162,0.02189636,0.0196991,0.02561951,0.86669922,0.02438354,0.01991272
test/ISIC_0034791.jpg,5,5,0.10046387,0.01013947,0.25756836,0.02529907,0.112854,0.47558594,0.01821899
test/ISIC_0034820.jpg,3,5,0.01963806,0.01276398,0.00964355,0.35913086,0.06048584,0.51953125,0.01899719
test/ISIC_0034639.jpg,5,5,0.01708984,0.01483917,0.0113678,0.02684021,0.01184845,0.89404297,0.02403259
test/ISIC_0034732.jpg,5,4,0.01980591,0.01509094,0.01597595,0.01663208,0.59716797,0.31542969,0.01968384
test/ISIC_0035306.jpg,4,4,0.02230835,0.02209473,0.01739502,0.02627563,0.85742188,0.03405762,0.02050781
test/ISIC_0035917.jpg,2,4,0.01835632,0.01499939,0.01893616,0.06945801,0.84130859,0.01885986,0.0178833
test/ISIC_0034800.jpg,5,5,0.02096558,0.01708984,0.01467896,0.02330017,0.01288605,0.89404297,0.01702881
test/ISIC_0035728.jpg,5,5,0.01679993,0.01945496,0.01469421,0.01963806,0.01808167,0.89453125,0.01676941
test/ISIC_0035051.jpg,5,5,0.03123474,0.02937317,0.02755737,0.02667236,0.02157593,0.84033203,0.02304077
test/ISIC_0034615.jpg,2,2,0.01737976,0.02220154,0.89013672,0.01992798,0.01551819,0.01367188,0.0209198
test/ISIC_0034946.jpg,1,1,0.0178833,0.88232422,0.01765442,0.02192688,0.01997375,0.01803589,0.02207947
test/ISIC_0034577.jpg,5,5,0.0181427,0.01809692,0.01467133,0.01916504,0.02241516,0.89160156,0.01568604
test/ISIC_0035101.jpg,5,2,0.01226044,0.1385498,0.62744141,0.02630615,0.01925659,0.14257812,0.03353882
test/ISIC_0034728.jpg,5,5,0.0176239,0.01676941,0.01617432,0.02024841,0.0135498,0.89746094,0.01792908
test/ISIC_0035092.jpg,5,5,0.02444458,0.01960754,0.01795959,0.02189636,0.01577759,0.87890625,0.02125549
test/ISIC_0035767.jpg,4,5,0.0223999,0.01820374,0.01056671,0.01602173,0.05276489,0.86035156,0.01972961
test/ISIC_0035736.jpg,4,4,0.03018188,0.02479553,0.02128601,0.02775574,0.86230469,0.01679993,0.01675415
test/ISIC_0035884.jpg,5,5,0.01786804,0.01415253,0.01983643,0.01342773,0.04776001,0.87451172,0.01267242
test/ISIC_0034684.jpg,2,2,0.02861023,0.01968384,0.859375,0.0219574,0.02684021,0.02191162,0.02182007
test/ISIC_0035366.jpg,4,4,0.01593018,0.01208496,0.14697266,0.01852417,0.7265625,0.05371094,0.02607727
test/ISIC_0035228.jpg,5,5,0.01832581,0.01852417,0.01861572,0.02172852,0.01675415,0.88623047,0.01979065
test/ISIC_0035615.jpg,5,5,0.01829529,0.01092529,0.01170349,0.02069092,0.03656006,0.89013672,0.01190186
test/ISIC_0034701.jpg,5,5,0.02459717,0.01802063,0.00951385,0.01948547,0.04541016,0.8671875,0.01580811
test/ISIC_0035532.jpg,5,5,0.02235413,0.01805115,0.02235413,0.01741028,0.01715088,0.88574219,0.0168457
test/ISIC_0036031.jpg,1,1,0.01431274,0.88183594,0.02432251,0.01795959,0.02816772,0.01591492,0.01751709
test/ISIC_0035108.jpg,5,5,0.01846313,0.02015686,0.01629639,0.0194397,0.0219574,0.88769531,0.01612854
test/ISIC_0035307.jpg,5,5,0.02153015,0.0194397,0.01846313,0.02159119,0.01570129,0.88671875,0.01673889
test/ISIC_0035859.jpg,5,5,0.03161621,0.019104,0.08459473,0.02520752,0.01052094,0.81103516,0.01799011
test/ISIC_0035769.jpg,5,4,0.01646423,0.01739502,0.01387024,0.01522064,0.73046875,0.18066406,0.02581787
test/ISIC_0034613.jpg,5,5,0.02372742,0.0174408,0.01673889,0.02185059,0.02024841,0.88232422,0.01759338
test/ISIC_0035380.jpg,5,5,0.0161438,0.01811218,0.01583862,0.02127075,0.01499176,0.89648438,0.01722717
test/ISIC_0035560.jpg,5,5,0.02261353,0.02111816,0.019104,0.02462769,0.01809692,0.87841797,0.01623535
test/ISIC_0034978.jpg,5,5,0.04501343,0.01617432,0.04827881,0.02932739,0.01577759,0.82470703,0.02056885
test/ISIC_0035538.jpg,2,5,0.0151825,0.01328278,0.29711914,0.02037048,0.14367676,0.49707031,0.01342773
test/ISIC_0035659.jpg,5,4,0.01557922,0.01241302,0.06744385,0.01181793,0.50488281,0.12109375,0.26660156
test/ISIC_0035281.jpg,5,5,0.01934814,0.02024841,0.01881409,0.02384949,0.01687622,0.88183594,0.01913452
test/ISIC_0035940.jpg,3,3,0.02661133,0.05032349,0.00905609,0.86328125,0.01634216,0.02305603,0.01124573
test/ISIC_0035708.jpg,4,4,0.02178955,0.01608276,0.01599121,0.01986694,0.88867188,0.02436829,0.01303864
test/ISIC_0035386.jpg,5,5,0.01345825,0.01527405,0.01519775,0.01858521,0.02108765,0.89892578,0.01737976
test/ISIC_0034891.jpg,1,1,0.01245117,0.89208984,0.01210785,0.02011108,0.02650452,0.01555634,0.02125549
test/ISIC_0034722.jpg,5,5,0.01896667,0.01893616,0.01828003,0.02151489,0.01424408,0.890625,0.01756287
test/ISIC_0035550.jpg,4,4,0.02555847,0.0252533,0.0224762,0.01974487,0.86328125,0.03131104,0.01256561
test/ISIC_0035216.jpg,4,4,0.0239563,0.02035522,0.01985168,0.02375793,0.88183594,0.01593018,0.01435089
test/ISIC_0034808.jpg,5,5,0.01715088,0.01482391,0.01573181,0.01928711,0.01531219,0.90283203,0.0148468
test/ISIC_0035509.jpg,5,5,0.03494263,0.02682495,0.02250671,0.02668762,0.02064514,0.84277344,0.02560425
test/ISIC_0035817.jpg,5,5,0.02035522,0.01583862,0.01364136,0.01478577,0.09747314,0.82421875,0.01367188
test/ISIC_0036035.jpg,1,1,0.04879761,0.77734375,0.01345062,0.01869202,0.11584473,0.01460266,0.01130676
test/ISIC_0035947.jpg,5,5,0.02171326,0.02175903,0.01913452,0.02099609,0.01751709,0.87890625,0.01972961
test/ISIC_0035003.jpg,5,5,0.01411438,0.01494598,0.01271057,0.01576233,0.05386353,0.87304688,0.01551056
test/ISIC_0035505.jpg,4,4,0.03155518,0.11712646,0.01889038,0.02177429,0.78564453,0.01230621,0.01268768
test/ISIC_0034952.jpg,1,1,0.019104,0.8828125,0.01603699,0.02099609,0.0198822,0.01889038,0.02227783
test/ISIC_0034681.jpg,5,5,0.02049255,0.0202179,0.01856995,0.02090454,0.01676941,0.88671875,0.01618958
test/ISIC_0034589.jpg,5,5,0.02011108,0.01982117,0.01702881,0.02365112,0.01511383,0.88427734,0.02018738
test/ISIC_0035019.jpg,5,5,0.03152466,0.0209198,0.02011108,0.02172852,0.03894043,0.84716797,0.01942444
test/ISIC_0035702.jpg,5,5,0.01641846,0.0134964,0.02114868,0.01683044,0.01491547,0.89990234,0.01750183
test/ISIC_0034568.jpg,5,5,0.02017212,0.01719666,0.0177002,0.0213623,0.01672363,0.89013672,0.01649475
test/ISIC_0035774.jpg,5,5,0.02416992,0.01429749,0.0791626,0.01463318,0.07250977,0.78027344,0.01469421
test/ISIC_0035340.jpg,2,4,0.01478577,0.01477814,0.17907715,0.01664734,0.72314453,0.03427124,0.01730347
test/ISIC_0035579.jpg,5,5,0.02137756,0.01302338,0.01281738,0.01512146,0.04495239,0.87988281,0.01258087
test/ISIC_0035403.jpg,2,4,0.02255249,0.0227356,0.01519775,0.01835632,0.63134766,0.27148438,0.01831055
test/ISIC_0034682.jpg,1,1,0.01406097,0.89355469,0.01449585,0.02012634,0.01965332,0.01701355,0.02125549
test/ISIC_0035354.jpg,5,5,0.02146912,0.01803589,0.01608276,0.02116394,0.01376343,0.89306641,0.01660156
test/ISIC_0035854.jpg,4,4,0.01760864,0.01773071,0.02612305,0.01622009,0.86425781,0.04153442,0.01637268
test/ISIC_0035936.jpg,5,4,0.02178955,0.01771545,0.01292419,0.01869202,0.75195312,0.16040039,0.01652527
test/ISIC_0035642.jpg,0,4,0.12005615,0.01713562,0.03065491,0.01907349,0.60009766,0.18664551,0.02632141
test/ISIC_0035792.jpg,5,6,0.0241394,0.01611328,0.02508545,0.04614258,0.02709961,0.09320068,0.76806641
test/ISIC_0034815.jpg,5,5,0.02555847,0.01831055,0.02479553,0.01690674,0.01681519,0.8828125,0.01480865
test/ISIC_0034636.jpg,5,5,0.01905823,0.01846313,0.01791382,0.01985168,0.01612854,0.89208984,0.01664734
test/ISIC_0034716.jpg,5,5,0.02125549,0.02154541,0.02088928,0.02223206,0.0171051,0.87988281,0.01712036
test/ISIC_0035488.jpg,5,5,0.02975464,0.0254364,0.02423096,0.02545166,0.02087402,0.8515625,0.02276611
test/ISIC_0035073.jpg,5,5,0.02713013,0.02380371,0.01956177,0.02409363,0.01321411,0.87011719,0.02209473
test/ISIC_0035128.jpg,0,4,0.1003418,0.0116272,0.020401,0.02230835,0.74023438,0.07269287,0.03256226
test/ISIC_0035417.jpg,5,5,0.01982117,0.01070404,0.01184082,0.01899719,0.05264282,0.87304688,0.01287079
test/ISIC_0035658.jpg,1,1,0.02362061,0.86865234,0.01782227,0.02526855,0.0269928,0.01808167,0.01971436
test/ISIC_0034680.jpg,5,5,0.0135498,0.00896454,0.28271484,0.02124023,0.16003418,0.44042969,0.07312012
test/ISIC_0035567.jpg,5,5,0.01765442,0.01771545,0.01820374,0.02056885,0.01525879,0.89453125,0.01602173
test/ISIC_0035933.jpg,1,2,0.0214386,0.23876953,0.61230469,0.0486145,0.03518677,0.03295898,0.01085663
test/ISIC_0035852.jpg,6,6,0.02798462,0.01815796,0.01939392,0.01737976,0.01469421,0.20947266,0.69287109
test/ISIC_0035240.jpg,4,4,0.02998352,0.0184021,0.01904297,0.02244568,0.859375,0.0307312,0.01982117
test/ISIC_0035196.jpg,4,4,0.01916504,0.02218628,0.03887939,0.0160675,0.63232422,0.25756836,0.01398468
test/ISIC_0035390.jpg,5,5,0.02493286,0.01725769,0.03344727,0.02079773,0.01036835,0.87402344,0.01904297
test/ISIC_0035023.jpg,5,4,0.02043152,0.01689148,0.02079773,0.01672363,0.69677734,0.21081543,0.01774597
test/ISIC_0035812.jpg,5,5,0.02064514,0.01728821,0.01390076,0.01899719,0.01463318,0.89990234,0.0144043
test/ISIC_0034527.jpg,5,5,0.02116394,0.02168274,0.12341309,0.01473999,0.08685303,0.71972656,0.01224518
test/ISIC_0034618.jpg,2,2,0.02178955,0.12414551,0.77099609,0.01586914,0.01754761,0.03149414,0.01826477
test/ISIC_0034662.jpg,5,5,0.01966858,0.02023315,0.01579285,0.02177429,0.01704407,0.88769531,0.01777649
test/ISIC_0034925.jpg,5,5,0.01586914,0.01535797,0.01139832,0.01800537,0.08477783,0.83886719,0.01553345
test/ISIC_0035318.jpg,2,2,0.02540588,0.01724243,0.87109375,0.02256775,0.02279663,0.02072144,0.02001953
test/ISIC_0034992.jpg,5,5,0.0198822,0.01663208,0.01809692,0.02253723,0.01250458,0.89501953,0.01542664
test/ISIC_0035870.jpg,5,5,0.01667786,0.01419067,0.0092926,0.01647949,0.09667969,0.82861328,0.01828003
test/ISIC_0034967.jpg,5,4,0.01585388,0.0133667,0.0484314,0.01340485,0.79980469,0.09484863,0.01410675
test/ISIC_0035572.jpg,5,5,0.02105713,0.02050781,0.01820374,0.02520752,0.01309967,0.87988281,0.02197266
test/ISIC_0034900.jpg,5,5,0.02015686,0.02079773,0.01808167,0.02163696,0.01837158,0.8828125,0.01815796
test/ISIC_0035727.jpg,5,5,0.02140808,0.0164032,0.01367188,0.01867676,0.02217102,0.89306641,0.01462555
test/ISIC_0035327.jpg,5,5,0.02560425,0.01808167,0.01300812,0.02816772,0.38525391,0.51367188,0.01634216
test/ISIC_0034660.jpg,5,5,0.0178833,0.0160675,0.01235962,0.0161438,0.01567078,0.875,0.046875
test/ISIC_0034915.jpg,2,2,0.01893616,0.01750183,0.88769531,0.01907349,0.01890564,0.01582336,0.02220154
test/ISIC_0035182.jpg,5,5,0.02503967,0.01875305,0.03056335,0.02206421,0.0161438,0.87158203,0.01564026
test/ISIC_0035716.jpg,5,5,0.01922607,0.01541138,0.01649475,0.0135498,0.39453125,0.52539062,0.01531219
test/ISIC_0035060.jpg,5,5,0.01731873,0.01725769,0.01461029,0.0196228,0.01681519,0.89892578,0.015625
test/ISIC_0034909.jpg,5,5,0.01623535,0.01754761,0.0213623,0.01508331,0.44140625,0.47241211,0.01596069
test/ISIC_0035487.jpg,2,2,0.24353027,0.01730347,0.59863281,0.01751709,0.08300781,0.02639771,0.0134201
test/ISIC_0034749.jpg,5,5,0.01716614,0.01567078,0.02026367,0.01385498,0.04537964,0.87304688,0.0144043
test/ISIC_0034906.jpg,0,0,0.84423828,0.08398438,0.01558685,0.01449585,0.01298523,0.01045227,0.0181427
test/ISIC_0035447.jpg,5,5,0.02500916,0.0221405,0.03625488,0.02456665,0.01015472,0.86376953,0.01818848
test/ISIC_0035059.jpg,5,5,0.02163696,0.0118103,0.05990601,0.01907349,0.25048828,0.62353516,0.01353455
test/ISIC_0035853.jpg,4,5,0.01879883,0.01216888,0.08459473,0.01382446,0.02268982,0.8359375,0.01197052
test/ISIC_0034868.jpg,5,5,0.02024841,0.01942444,0.02085876,0.02148438,0.01567078,0.88427734,0.01817322
test/ISIC_0034862.jpg,5,5,0.01730347,0.01436615,0.01345062,0.01544952,0.08209229,0.84570312,0.01160431
test/ISIC_0035665.jpg,5,5,0.02531433,0.01638794,0.01679993,0.01824951,0.01461792,0.89306641,0.01576233
test/ISIC_0035755.jpg,2,2,0.01834106,0.0168457,0.88867188,0.01994324,0.01322174,0.02563477,0.01727295
test/ISIC_0035697.jpg,5,5,0.02157593,0.01451111,0.01160431,0.01618958,0.08563232,0.8359375,0.01441956
test/ISIC_0035899.jpg,2,2,0.02258301,0.01593018,0.51171875,0.02064514,0.01678467,0.39599609,0.01655579
test/ISIC_0036014.jpg,5,5,0.02001953,0.01824951,0.01834106,0.01806641,0.01365662,0.890625,0.02122498
test/ISIC_0035242.jpg,5,5,0.0219574,0.02189636,0.01828003,0.02182007,0.01882935,0.88134766,0.01565552
test/ISIC_0035914.jpg,4,4,0.02638245,0.02185059,0.02334595,0.02476501,0.87158203,0.01605225,0.01591492
test/ISIC_0034746.jpg,2,1,0.02706909,0.86962891,0.01423645,0.02941895,0.02606201,0.01724243,0.01652527
test/ISIC_0034982.jpg,0,0,0.89794922,0.01242065,0.02648926,0.01593018,0.01524353,0.01591492,0.01597595
test/ISIC_0035802.jpg,2,2,0.02505493,0.01716614,0.8515625,0.02046204,0.01411438,0.0513916,0.02027893
test/ISIC_0035872.jpg,5,4,0.01852417,0.01580811,0.01675415,0.01686096,0.89111328,0.02467346,0.01628113
test/ISIC_0035553.jpg,0,0,0.796875,0.0112381,0.02148438,0.01308441,0.09442139,0.04238892,0.02043152
test/ISIC_0035960.jpg,1,1,0.01625061,0.89160156,0.01504517,0.01858521,0.01786804,0.01956177,0.02098083
test/ISIC_0035527.jpg,5,1,0.01132965,0.89648438,0.01731873,0.01493835,0.01831055,0.02340698,0.01841736
test/ISIC_0035162.jpg,5,5,0.01351929,0.01277161,0.08770752,0.01573181,0.25170898,0.60546875,0.01324463
test/ISIC_0035015.jpg,5,5,0.02049255,0.0194397,0.0218811,0.02168274,0.01713562,0.8828125,0.01675415
test/ISIC_0034601.jpg,5,5,0.01780701,0.01704407,0.01669312,0.01942444,0.01560211,0.89550781,0.01766968
test/ISIC_0034782.jpg,2,2,0.02006531,0.02279663,0.75585938,0.0276947,0.00984955,0.12609863,0.03787231
test/ISIC_0035610.jpg,4,5,0.03143311,0.02244568,0.0147934,0.02400208,0.37109375,0.51757812,0.01837158
test/ISIC_0035931.jpg,6,6,0.13623047,0.02024841,0.03552246,0.01112366,0.01272583,0.03289795,0.75097656
test/ISIC_0035396.jpg,5,5,0.02157593,0.01579285,0.01638794,0.01922607,0.01528931,0.89501953,0.01660156
test/ISIC_0036017.jpg,5,5,0.02003479,0.01919556,0.01979065,0.01947021,0.01255798,0.89208984,0.01664734
test/ISIC_0035333.jpg,5,5,0.02043152,0.01870728,0.01951599,0.02172852,0.01693726,0.88476562,0.01812744
test/ISIC_0034741.jpg,5,5,0.02163696,0.0234375,0.01625061,0.02294922,0.01635742,0.87841797,0.02113342
test/ISIC_0035750.jpg,2,2,0.01368713,0.01368713,0.55029297,0.01422882,0.31323242,0.08239746,0.01235962
test/ISIC_0034593.jpg,5,5,0.02105713,0.01942444,0.01681519,0.02171326,0.0173645,0.88916016,0.01461792
test/ISIC_0035355.jpg,1,1,0.02882385,0.88720703,0.01730347,0.01698303,0.01550293,0.01384735,0.0202179
test/ISIC_0034889.jpg,5,5,0.02253723,0.01983643,0.01731873,0.02339172,0.01593018,0.87548828,0.02532959
test/ISIC_0034610.jpg,5,5,0.02012634,0.0177002,0.0178833,0.02082825,0.01291656,0.89257812,0.01800537
test/ISIC_0035404.jpg,5,5,0.01649475,0.01766968,0.01292419,0.01655579,0.02192688,0.89794922,0.01672363
test/ISIC_0035525.jpg,4,5,0.03634644,0.06323242,0.01171875,0.01411438,0.04446411,0.81689453,0.01309967
test/ISIC_0035343.jpg,5,5,0.01509094,0.01446533,0.01052856,0.01424408,0.05349731,0.87548828,0.01667786
test/ISIC_0034809.jpg,5,5,0.0171814,0.0178833,0.01687622,0.01907349,0.02096558,0.89306641,0.01491547
test/ISIC_0034607.jpg,5,5,0.01774597,0.01591492,0.01626587,0.02088928,0.01423645,0.89501953,0.02006531
test/ISIC_0034880.jpg,5,5,0.01754761,0.01809692,0.01615906,0.01922607,0.01564026,0.89794922,0.01524353
test/ISIC_0034632.jpg,5,4,0.01459503,0.01412964,0.09649658,0.01927185,0.7421875,0.10015869,0.0133667
test/ISIC_0035715.jpg,2,2,0.01339722,0.01470184,0.63525391,0.03088379,0.25537109,0.03071594,0.01956177
test/ISIC_0035583.jpg,5,5,0.02134705,0.03579712,0.00991058,0.02110291,0.03543091,0.85595703,0.02047729
test/ISIC_0035704.jpg,5,4,0.02008057,0.01567078,0.01829529,0.01773071,0.80761719,0.10803223,0.01276398
test/ISIC_0035056.jpg,5,5,0.02589417,0.02554321,0.02294922,0.02288818,0.01976013,0.86425781,0.01846313
test/ISIC_0035194.jpg,6,6,0.03393555,0.03408813,0.06848145,0.02024841,0.07861328,0.06866455,0.69580078
test/ISIC_0035310.jpg,1,1,0.02931213,0.85839844,0.03308105,0.02241516,0.01785278,0.02215576,0.01669312
test/ISIC_0034543.jpg,5,5,0.02105713,0.01911926,0.01898193,0.0229187,0.01608276,0.88183594,0.0198822
test/ISIC_0035430.jpg,4,4,0.01689148,0.01856995,0.02723694,0.02281189,0.88378906,0.0142746,0.01660156
test/ISIC_0035150.jpg,5,5,0.03668213,0.04916382,0.11920166,0.01403809,0.03814697,0.72998047,0.01277924
test/ISIC_0034965.jpg,5,5,0.01977539,0.01661682,0.01846313,0.02163696,0.01465607,0.88867188,0.02005005
test/ISIC_0035109.jpg,2,2,0.01655579,0.01660156,0.89355469,0.01759338,0.02001953,0.01541138,0.02043152
test/ISIC_0035751.jpg,2,2,0.01552582,0.01437378,0.88037109,0.01649475,0.01779175,0.03683472,0.01869202
test/ISIC_0035083.jpg,5,5,0.01841736,0.01835632,0.01485443,0.01870728,0.025177,0.89013672,0.0141983
test/ISIC_0035412.jpg,5,5,0.02798462,0.02001953,0.01861572,0.0275116,0.01548004,0.86865234,0.02189636
test/ISIC_0035973.jpg,5,5,0.01704407,0.01837158,0.02015686,0.02059937,0.01380157,0.89453125,0.01557159
test/ISIC_0034706.jpg,2,2,0.0252533,0.0188446,0.87255859,0.01985168,0.02207947,0.01977539,0.02148438
test/ISIC_0035041.jpg,1,1,0.0189209,0.88037109,0.01800537,0.02209473,0.02204895,0.01789856,0.02082825
test/ISIC_0035612.jpg,2,2,0.01204681,0.01626587,0.83642578,0.01675415,0.08026123,0.01924133,0.01882935
test/ISIC_0035118.jpg,5,5,0.01771545,0.01791382,0.01550293,0.01998901,0.0160675,0.89501953,0.01797485
test/ISIC_0035077.jpg,5,5,0.02168274,0.01786804,0.01748657,0.02325439,0.01560974,0.88427734,0.0198822
test/ISIC_0035598.jpg,5,5,0.0193634,0.01696777,0.01582336,0.01982117,0.01629639,0.89453125,0.01722717
test/ISIC_0034645.jpg,5,5,0.01998901,0.01817322,0.01496887,0.01950073,0.01783752,0.89306641,0.01663208
test/ISIC_0035951.jpg,5,4,0.01820374,0.01695251,0.01617432,0.01818848,0.80517578,0.1083374,0.01719666
test/ISIC_0035896.jpg,5,5,0.0227356,0.02210999,0.01290894,0.02084351,0.01399994,0.88671875,0.02093506
test/ISIC_0035539.jpg,5,5,0.01728821,0.01597595,0.01416779,0.01826477,0.02069092,0.89599609,0.01737976
test/ISIC_0034761.jpg,5,5,0.02105713,0.01707458,0.01573181,0.01925659,0.01403046,0.89453125,0.01834106
test/ISIC_0035363.jpg,5,5,0.01805115,0.01716614,0.01577759,0.01954651,0.01378632,0.8984375,0.01747131
test/ISIC_0035838.jpg,5,4,0.02058411,0.0149231,0.01450348,0.01649475,0.67675781,0.24084473,0.01603699
test/ISIC_0035446.jpg,1,1,0.04272461,0.72363281,0.10009766,0.01163483,0.07739258,0.03451538,0.01013947
test/ISIC_0034936.jpg,1,1,0.01571655,0.89208984,0.01844788,0.01533508,0.02389526,0.01599121,0.01831055
test/ISIC_0035048.jpg,4,4,0.01809692,0.01210022,0.14587402,0.01982117,0.44018555,0.34277344,0.02110291
test/ISIC_0035842.jpg,0,4,0.02641296,0.01246643,0.01293945,0.02450562,0.73095703,0.17028809,0.02241516
test/ISIC_0036054.jpg,5,5,0.0252533,0.02389526,0.01782227,0.02171326,0.01753235,0.87158203,0.02233887
test/ISIC_0034744.jpg,5,5,0.02081299,0.01959229,0.01675415,0.02032471,0.01553345,0.89111328,0.01602173
test/ISIC_0035900.jpg,4,4,0.02871704,0.02093506,0.01831055,0.02529907,0.86914062,0.01745605,0.02015686
test/ISIC_0035232.jpg,4,4,0.02581787,0.01496124,0.01602173,0.01872253,0.82177734,0.08514404,0.01771545
test/ISIC_0035126.jpg,5,5,0.02230835,0.01887512,0.01085663,0.01855469,0.04013062,0.86962891,0.01982117
test/ISIC_0035055.jpg,5,5,0.02319336,0.02047729,0.01546478,0.02272034,0.01279449,0.88623047,0.01905823
test/ISIC_0035442.jpg,5,5,0.01504517,0.01282501,0.01689148,0.01591492,0.01341248,0.88330078,0.04275513
test/ISIC_0035759.jpg,3,3,0.02023315,0.04443359,0.02612305,0.85205078,0.02114868,0.0221405,0.0140686
test/ISIC_0035847.jpg,2,2,0.0145874,0.01392365,0.88232422,0.02104187,0.01724243,0.02783203,0.02290344
test/ISIC_0034922.jpg,5,5,0.02505493,0.01760864,0.02592468,0.0271759,0.013237,0.87451172,0.0163269
test/ISIC_0034546.jpg,2,2,0.02314758,0.01759338,0.87890625,0.01820374,0.01937866,0.02389526,0.01869202
test/ISIC_0035431.jpg,5,5,0.01727295,0.01771545,0.01483917,0.01831055,0.01502991,0.8984375,0.01815796
test/ISIC_0035963.jpg,5,5,0.02006531,0.0151825,0.01129913,0.01573181,0.18762207,0.73583984,0.01437378
test/ISIC_0035212.jpg,2,2,0.01724243,0.02220154,0.88476562,0.01548767,0.01545715,0.02577209,0.01930237
test/ISIC_0035608.jpg,0,0,0.89111328,0.0194397,0.01573181,0.01789856,0.01489258,0.01855469,0.02246094
test/ISIC_0035292.jpg,5,5,0.02201843,0.01972961,0.01560211,0.02087402,0.01438904,0.88818359,0.01899719
test/ISIC_0035369.jpg,5,5,0.02102661,0.01998901,0.01997375,0.02366638,0.01502228,0.8828125,0.01757812
test/ISIC_0035451.jpg,2,2,0.30517578,0.04522705,0.57128906,0.02786255,0.01831055,0.01552582,0.01651001
test/ISIC_0034600.jpg,5,5,0.01911926,0.01837158,0.01515198,0.02056885,0.02444458,0.88183594,0.0206604
test/ISIC_0035314.jpg,5,5,0.02017212,0.02220154,0.01617432,0.02142334,0.0193634,0.8828125,0.01805115
test/ISIC_0035691.jpg,0,2,0.02552795,0.00928497,0.81738281,0.01791382,0.04837036,0.05804443,0.02359009
test/ISIC_0035406.jpg,4,4,0.01777649,0.01290131,0.02430725,0.01515961,0.67285156,0.2434082,0.01366425
test/ISIC_0035935.jpg,5,4,0.02131653,0.01963806,0.01577759,0.02122498,0.77636719,0.12976074,0.01597595
test/ISIC_0034768.jpg,5,5,0.02131653,0.02003479,0.01806641,0.02090454,0.0163269,0.88671875,0.01663208
test/ISIC_0034886.jpg,5,5,0.01698303,0.01725769,0.01672363,0.01902771,0.01571655,0.89550781,0.01861572
test/ISIC_0035239.jpg,3,3,0.01860046,0.01956177,0.0196991,0.87011719,0.01773071,0.03158569,0.02272034
test/ISIC_0036032.jpg,2,4,0.0137558,0.01252747,0.04992676,0.04666138,0.74853516,0.12005615,0.00879669
test/ISIC_0035093.jpg,5,5,0.0148468,0.01689148,0.01264191,0.01860046,0.02102661,0.90039062,0.01580811
test/ISIC_0035536.jpg,5,5,0.02107239,0.01951599,0.01983643,0.01933289,0.01602173,0.88720703,0.01708984
test/ISIC_0034652.jpg,2,2,0.02285767,0.02296448,0.86669922,0.02250671,0.01763916,0.02120972,0.02598572
test/ISIC_0034810.jpg,5,5,0.02099609,0.02127075,0.01852417,0.02505493,0.01499939,0.87744141,0.02182007
test/ISIC_0035282.jpg,5,5,0.02044678,0.0199585,0.01837158,0.02290344,0.01634216,0.88330078,0.01870728
test/ISIC_0034596.jpg,2,2,0.01499939,0.01235199,0.8046875,0.01795959,0.08007812,0.05291748,0.01701355
test/ISIC_0035029.jpg,0,0,0.69335938,0.02056885,0.01236725,0.02175903,0.1965332,0.03967285,0.01560974
test/ISIC_0035291.jpg,1,5,0.31835938,0.0406189,0.25390625,0.01954651,0.01541901,0.33129883,0.02093506
test/ISIC_0035625.jpg,1,1,0.01707458,0.89111328,0.01593018,0.01889038,0.01698303,0.01728821,0.02259827
test/ISIC_0035800.jpg,5,5,0.02070618,0.02061462,0.01348114,0.0166626,0.0247345,0.890625,0.01319122
test/ISIC_0034635.jpg,5,1,0.0163269,0.85839844,0.02932739,0.01371002,0.01982117,0.0446167,0.01783752
test/ISIC_0034940.jpg,5,5,0.02125549,0.01881409,0.01994324,0.02078247,0.01731873,0.88574219,0.01611328
test/ISIC_0035049.jpg,5,5,0.02314758,0.02125549,0.02081299,0.02394104,0.01625061,0.87744141,0.0171814
test/ISIC_0035465.jpg,5,0,0.43041992,0.41772461,0.01548004,0.01561737,0.034729,0.05758667,0.0284729
test/ISIC_0034882.jpg,4,4,0.01721191,0.01625061,0.01460266,0.02180481,0.88037109,0.03244019,0.0171051
test/ISIC_0035806.jpg,5,2,0.01488495,0.06860352,0.58984375,0.01872253,0.27294922,0.01681519,0.01820374
test/ISIC_0035248.jpg,4,4,0.02389526,0.02114868,0.01977539,0.02754211,0.86914062,0.01998901,0.01832581
test/ISIC_0035324.jpg,5,4,0.01882935,0.01654053,0.01552582,0.02001953,0.64111328,0.2668457,0.02101135
test/ISIC_0035561.jpg,4,5,0.02871704,0.02124023,0.01570129,0.0224762,0.4296875,0.46923828,0.01305389
test/ISIC_0035345.jpg,4,4,0.01889038,0.01622009,0.01641846,0.01960754,0.88671875,0.02661133,0.0153656
test/ISIC_0035530.jpg,5,5,0.01972961,0.01853943,0.01855469,0.02085876,0.01626587,0.88427734,0.02163696
test/ISIC_0035688.jpg,5,5,0.01882935,0.01625061,0.01979065,0.01966858,0.01153564,0.89599609,0.01805115
test/ISIC_0034564.jpg,5,5,0.02088928,0.02362061,0.01705933,0.02632141,0.01391602,0.87988281,0.0184021
test/ISIC_0035236.jpg,5,5,0.01262665,0.01753235,0.05886841,0.01200104,0.08599854,0.78564453,0.02737427
test/ISIC_0034948.jpg,2,2,0.01463318,0.01690674,0.89257812,0.01939392,0.01689148,0.02082825,0.01870728
test/ISIC_0034573.jpg,4,4,0.02146912,0.01730347,0.02798462,0.01751709,0.78271484,0.11669922,0.01612854
test/ISIC_0035134.jpg,5,5,0.02140808,0.01951599,0.01791382,0.02243042,0.01327515,0.88769531,0.01785278
test/ISIC_0035760.jpg,5,5,0.02380371,0.01904297,0.0322876,0.02770996,0.00841522,0.86523438,0.02363586
test/ISIC_0035840.jpg,5,5,0.021698,0.02140808,0.01431274,0.02171326,0.01860046,0.88427734,0.01776123
test/ISIC_0034876.jpg,3,3,0.01629639,0.01960754,0.01826477,0.88476562,0.0184021,0.02049255,0.02215576
test/ISIC_0035791.jpg,5,5,0.01780701,0.0163269,0.01132202,0.01846313,0.02363586,0.89794922,0.01451111
test/ISIC_0035565.jpg,5,5,0.01933289,0.01669312,0.01424408,0.01835632,0.01977539,0.89111328,0.02037048
test/ISIC_0036052.jpg,5,5,0.02536011,0.01255798,0.16674805,0.02008057,0.22485352,0.53710938,0.01311493
test/ISIC_0035449.jpg,5,5,0.02307129,0.02185059,0.01789856,0.02365112,0.01180267,0.86962891,0.03222656
test/ISIC_0035438.jpg,5,5,0.02326965,0.01727295,0.01994324,0.02256775,0.01477051,0.88476562,0.01756287
test/ISIC_0034793.jpg,5,0,0.76953125,0.01455688,0.03240967,0.02766418,0.02922058,0.1072998,0.0193634
test/ISIC_0035268.jpg,5,5,0.02095032,0.02079773,0.01852417,0.0216217,0.01560974,0.88574219,0.01661682
test/ISIC_0034958.jpg,4,4,0.02233887,0.10522461,0.03036499,0.01340485,0.796875,0.01942444,0.01226807
test/ISIC_0034695.jpg,1,1,0.01356506,0.89013672,0.01286316,0.01940918,0.01800537,0.02288818,0.02313232
test/ISIC_0035085.jpg,5,5,0.02494812,0.02030945,0.01438141,0.02053833,0.01612854,0.875,0.02879333
test/ISIC_0034766.jpg,3,3,0.02252197,0.02636719,0.02505493,0.875,0.01875305,0.01338196,0.0188446
test/ISIC_0035904.jpg,3,4,0.06652832,0.1217041,0.02348328,0.10778809,0.61376953,0.05093384,0.01599121
test/ISIC_0035322.jpg,1,1,0.11602783,0.80322266,0.0161438,0.01785278,0.01428223,0.01506042,0.01745605
test/ISIC_0034970.jpg,0,2,0.01544189,0.01499939,0.42651367,0.01439667,0.29052734,0.2208252,0.01721191
test/ISIC_0034595.jpg,4,4,0.0140686,0.0140686,0.02694702,0.02067566,0.88818359,0.02033997,0.01583862
test/ISIC_0034537.jpg,5,5,0.02584839,0.01879883,0.01197815,0.01771545,0.05102539,0.86230469,0.01256561
test/ISIC_0035541.jpg,5,5,0.01928711,0.01811218,0.02111816,0.02236938,0.0174408,0.88476562,0.01687622
test/ISIC_0034569.jpg,5,5,0.03857422,0.02294922,0.01820374,0.02854919,0.05612183,0.81298828,0.02275085
test/ISIC_0035662.jpg,5,5,0.02001953,0.02366638,0.01365662,0.02049255,0.02401733,0.88085938,0.01725769
test/ISIC_0034792.jpg,5,4,0.0144577,0.01236725,0.1262207,0.01560211,0.77099609,0.02577209,0.03433228
test/ISIC_0035421.jpg,0,0,0.85595703,0.01257324,0.01997375,0.0256958,0.02513123,0.01413727,0.04629517
test/ISIC_0034847.jpg,5,5,0.02238464,0.02079773,0.01893616,0.02270508,0.01800537,0.87988281,0.01713562
test/ISIC_0035857.jpg,5,5,0.01313782,0.01756287,0.0091095,0.06542969,0.04830933,0.80566406,0.04092407
test/ISIC_0034752.jpg,5,5,0.01820374,0.02207947,0.01622009,0.01800537,0.10437012,0.80615234,0.01511383
test/ISIC_0034756.jpg,5,5,0.02087402,0.01748657,0.01534271,0.02067566,0.01312256,0.88867188,0.02366638
test/ISIC_0035152.jpg,5,4,0.01916504,0.01751709,0.0141449,0.01940918,0.55664062,0.35473633,0.01826477
test/ISIC_0035486.jpg,4,4,0.02601624,0.02178955,0.01885986,0.02618408,0.86523438,0.02061462,0.0213623
test/ISIC_0035066.jpg,5,5,0.02154541,0.01951599,0.01933289,0.02090454,0.02020264,0.88085938,0.01759338
test/ISIC_0034873.jpg,4,0,0.50341797,0.01241302,0.02903748,0.0214386,0.30371094,0.1003418,0.02961731
test/ISIC_0035894.jpg,4,4,0.01916504,0.02101135,0.01768494,0.02186584,0.87744141,0.02616882,0.01647949
test/ISIC_0036055.jpg,5,5,0.02192688,0.02366638,0.02116394,0.0302124,0.01062012,0.82275391,0.06964111
test/ISIC_0035921.jpg,5,5,0.02174377,0.01631165,0.01371002,0.01622009,0.01811218,0.89941406,0.01472473
test/ISIC_0035979.jpg,5,5,0.01696777,0.01652527,0.01120758,0.01695251,0.01757812,0.90283203,0.01817322
test/ISIC_0034634.jpg,5,5,0.01953125,0.016922,0.01757812,0.01728821,0.0134964,0.89794922,0.01722717
test/ISIC_0035835.jpg,5,5,0.02435303,0.01806641,0.02308655,0.01956177,0.01425934,0.88378906,0.01664734
test/ISIC_0035588.jpg,3,3,0.01641846,0.01554108,0.01557922,0.89257812,0.02705383,0.01392365,0.01889038
test/ISIC_0035305.jpg,1,1,0.01424408,0.72314453,0.0625,0.01776123,0.15478516,0.01679993,0.01060486
test/ISIC_0035080.jpg,5,5,0.01608276,0.01651001,0.01348114,0.01815796,0.04373169,0.87597656,0.01618958
test/ISIC_0035681.jpg,5,5,0.02377319,0.01805115,0.01443481,0.01698303,0.0241394,0.88867188,0.01409149
test/ISIC_0034988.jpg,4,4,0.01608276,0.01739502,0.01812744,0.02075195,0.82080078,0.0892334,0.01777649
test/ISIC_0034935.jpg,5,5,0.01937866,0.01291656,0.08026123,0.01811218,0.01820374,0.83691406,0.01438904
test/ISIC_0034767.jpg,5,5,0.01496124,0.0124054,0.02618408,0.01172638,0.03430176,0.88623047,0.01425171
test/ISIC_0035970.jpg,5,5,0.02140808,0.01754761,0.01424408,0.01519012,0.03097534,0.88525391,0.01538086
test/ISIC_0034968.jpg,5,5,0.01687622,0.01828003,0.01792908,0.01933289,0.01799011,0.89306641,0.01647949
test/ISIC_0036058.jpg,5,4,0.01805115,0.015625,0.03808594,0.01503754,0.83447266,0.0635376,0.01512909
test/ISIC_0035010.jpg,2,2,0.02577209,0.01785278,0.88671875,0.01832581,0.01611328,0.01644897,0.01879883
test/ISIC_0035166.jpg,5,5,0.02418518,0.02212524,0.02337646,0.01954651,0.02502441,0.8671875,0.01834106
test/ISIC_0035411.jpg,5,5,0.02238464,0.01937866,0.01930237,0.01893616,0.0142746,0.88818359,0.01731873
test/ISIC_0034994.jpg,2,2,0.01637268,0.01782227,0.86474609,0.01552582,0.01597595,0.02816772,0.04147339
test/ISIC_0035359.jpg,5,5,0.01968384,0.01855469,0.0186615,0.02235413,0.01620483,0.88769531,0.01670837
test/ISIC_0035330.jpg,0,0,0.87548828,0.02833557,0.02244568,0.02165222,0.0158844,0.01773071,0.0186615
test/ISIC_0034539.jpg,2,2,0.01867676,0.01531982,0.43725586,0.01681519,0.24609375,0.24682617,0.01899719
test/ISIC_0034879.jpg,1,1,0.02032471,0.86376953,0.01534271,0.01841736,0.03475952,0.01676941,0.03074646
test/ISIC_0035170.jpg,5,5,0.01885986,0.01000214,0.06204224,0.0109024,0.06488037,0.82421875,0.00932312
test/ISIC_0035810.jpg,2,2,0.02217102,0.02110291,0.87695312,0.02404785,0.01609802,0.01773071,0.02168274
test/ISIC_0034902.jpg,5,5,0.02095032,0.01809692,0.01812744,0.02087402,0.01623535,0.88769531,0.01777649
test/ISIC_0035344.jpg,5,5,0.0168457,0.01721191,0.01461792,0.01875305,0.02816772,0.88867188,0.01571655
test/ISIC_0034563.jpg,5,5,0.01908875,0.01820374,0.01794434,0.01971436,0.01355743,0.89208984,0.01933289
test/ISIC_0034844.jpg,5,5,0.02032471,0.01924133,0.01850891,0.02072144,0.01542664,0.89013672,0.01557922
test/ISIC_0035819.jpg,4,4,0.01759338,0.01599121,0.02372742,0.01611328,0.86767578,0.04733276,0.01167297
test/ISIC_0035694.jpg,2,2,0.0191803,0.0234375,0.87939453,0.02384949,0.02140808,0.0118103,0.02069092
test/ISIC_0035619.jpg,2,2,0.02348328,0.01843262,0.87451172,0.02023315,0.02003479,0.0223999,0.02104187
test/ISIC_0035832.jpg,5,5,0.02191162,0.02005005,0.01338196,0.01777649,0.21472168,0.6953125,0.01681519
test/ISIC_0035685.jpg,3,2,0.01385498,0.0368042,0.53955078,0.29223633,0.05926514,0.03491211,0.02336121
test/ISIC_0035605.jpg,4,5,0.01416016,0.01322937,0.02415466,0.01689148,0.18115234,0.73583984,0.01470184
test/ISIC_0034998.jpg,4,4,0.02198792,0.01528931,0.01715088,0.02946472,0.86816406,0.03320312,0.01496124
test/ISIC_0035826.jpg,4,4,0.02339172,0.0236969,0.02163696,0.02598572,0.86474609,0.01957703,0.02076721
test/ISIC_0036022.jpg,1,2,0.01625061,0.02189636,0.89208984,0.02182007,0.01332092,0.0138092,0.02081299
test/ISIC_0034892.jpg,5,5,0.02165222,0.02061462,0.01934814,0.02246094,0.01373291,0.88427734,0.01805115
test/ISIC_0035515.jpg,5,5,0.01875305,0.02844238,0.01705933,0.01288605,0.30859375,0.59716797,0.01699829
test/ISIC_0034581.jpg,5,5,0.0196228,0.01908875,0.01594543,0.07580566,0.01303101,0.83300781,0.02325439
test/ISIC_0034731.jpg,5,5,0.05114746,0.01355743,0.22229004,0.01712036,0.19848633,0.48022461,0.01728821
test/ISIC_0035464.jpg,2,2,0.02519226,0.02253723,0.86376953,0.02006531,0.0269928,0.02200317,0.01942444
test/ISIC_0034801.jpg,5,5,0.01925659,0.02041626,0.01722717,0.0206604,0.0188446,0.88818359,0.01522827
test/ISIC_0036033.jpg,5,4,0.02043152,0.01846313,0.01652527,0.0164032,0.71875,0.19494629,0.01450348
test/ISIC_0034542.jpg,2,2,0.01686096,0.01602173,0.87792969,0.02580261,0.01421356,0.03027344,0.01879883
test/ISIC_0034885.jpg,5,4,0.01285553,0.01146698,0.28125,0.01597595,0.4753418,0.17895508,0.02416992
test/ISIC_0034927.jpg,5,5,0.02111816,0.01954651,0.01271057,0.01673889,0.4362793,0.47631836,0.01725769
test/ISIC_0034585.jpg,0,1,0.01179504,0.703125,0.02600098,0.01721191,0.05072021,0.16442871,0.026474
test/ISIC_0035613.jpg,2,2,0.02206421,0.01478577,0.89453125,0.016922,0.01435089,0.01913452,0.0181427
test/ISIC_0034733.jpg,0,4,0.10473633,0.01715088,0.0297699,0.01966858,0.79003906,0.02087402,0.01771545
test/ISIC_0035024.jpg,5,5,0.02154541,0.01776123,0.01747131,0.02178955,0.01625061,0.88867188,0.01635742
test/ISIC_0035798.jpg,5,5,0.02105713,0.01887512,0.01496124,0.01899719,0.01683044,0.89257812,0.01663208
test/ISIC_0034663.jpg,2,2,0.02426147,0.02035522,0.86914062,0.01649475,0.02328491,0.03105164,0.01538086
test/ISIC_0035078.jpg,0,0,0.89794922,0.01252747,0.01948547,0.01573181,0.01763916,0.01783752,0.01899719
test/ISIC_0035513.jpg,5,5,0.01716614,0.01461792,0.01095581,0.04299927,0.014534,0.87646484,0.0231781
test/ISIC_0035479.jpg,5,5,0.01837158,0.01589966,0.0131073,0.02250671,0.01515961,0.89794922,0.01675415
test/ISIC_0035176.jpg,5,5,0.02478027,0.01850891,0.01579285,0.02557373,0.01651001,0.87988281,0.01887512
test/ISIC_0035106.jpg,1,1,0.01470184,0.88818359,0.01608276,0.01997375,0.02114868,0.01849365,0.02139282
test/ISIC_0035351.jpg,4,2,0.01847839,0.00976562,0.85009766,0.01480865,0.06088257,0.0295105,0.01625061
test/ISIC_0034624.jpg,5,5,0.01881409,0.01756287,0.0165863,0.02072144,0.01448822,0.89306641,0.01855469
test/ISIC_0035765.jpg,2,4,0.01216888,0.01615906,0.18237305,0.03063965,0.67675781,0.07165527,0.01006317
test/ISIC_0035993.jpg,2,2,0.0171051,0.00953674,0.81591797,0.01535797,0.0949707,0.02886963,0.01826477
test/ISIC_0035603.jpg,6,6,0.02391052,0.02424622,0.02127075,0.01681519,0.01948547,0.02088928,0.87353516
test/ISIC_0034540.jpg,5,5,0.02316284,0.01916504,0.01759338,0.0242157,0.01279449,0.88427734,0.01878357
test/ISIC_0035735.jpg,2,2,0.01811218,0.01300812,0.87402344,0.02023315,0.02970886,0.0304718,0.01420593
test/ISIC_0035091.jpg,5,5,0.01799011,0.00998688,0.05957031,0.01255035,0.39770508,0.48828125,0.01387787
test/ISIC_0034717.jpg,5,5,0.02735901,0.0254364,0.00998688,0.01556396,0.0947876,0.81005859,0.01679993
test/ISIC_0035026.jpg,1,1,0.03479004,0.80224609,0.05776978,0.01285553,0.04699707,0.02146912,0.02366638
test/ISIC_0035491.jpg,5,5,0.02494812,0.01260376,0.01434326,0.02268982,0.3059082,0.60498047,0.01436615
test/ISIC_0035618.jpg,5,5,0.02191162,0.01986694,0.02061462,0.02137756,0.01611328,0.87695312,0.02320862
test/ISIC_0035013.jpg,5,5,0.02000427,0.02023315,0.0184021,0.02000427,0.01855469,0.88671875,0.01602173
test/ISIC_0035081.jpg,4,4,0.02754211,0.02394104,0.02081299,0.0249176,0.86474609,0.02055359,0.01731873
test/ISIC_0036061.jpg,5,5,0.02284241,0.02607727,0.15637207,0.02362061,0.0163269,0.73388672,0.02099609
test/ISIC_0035967.jpg,5,5,0.01860046,0.01779175,0.01204681,0.01611328,0.02471924,0.89404297,0.016922
test/ISIC_0035968.jpg,4,2,0.01534271,0.01290131,0.84521484,0.01418304,0.07067871,0.02778625,0.01372528
test/ISIC_0034694.jpg,2,2,0.01644897,0.01834106,0.85986328,0.02593994,0.01494598,0.04223633,0.02230835
test/ISIC_0035461.jpg,5,5,0.02229309,0.02075195,0.01754761,0.02145386,0.01721191,0.8828125,0.01789856
test/ISIC_0035181.jpg,5,5,0.02023315,0.02038574,0.02111816,0.02241516,0.01704407,0.8828125,0.01605225
test/ISIC_0036013.jpg,5,5,0.02536011,0.0267334,0.01795959,0.02381897,0.01237488,0.87451172,0.01924133
test/ISIC_0034913.jpg,5,5,0.019104,0.01844788,0.01956177,0.01994324,0.01539612,0.89013672,0.01722717
test/ISIC_0035149.jpg,0,0,0.90283203,0.01747131,0.014328,0.01638794,0.01426697,0.01574707,0.01899719
test/ISIC_0035742.jpg,5,5,0.02464294,0.02044678,0.01193237,0.02130127,0.02363586,0.88232422,0.01547241
test/ISIC_0035237.jpg,5,5,0.02032471,0.01803589,0.01512146,0.01889038,0.01296997,0.89746094,0.01742554
test/ISIC_0035481.jpg,5,4,0.02041626,0.01399231,0.01953125,0.01568604,0.55566406,0.35742188,0.01747131
test/ISIC_0035008.jpg,0,1,0.0385437,0.72021484,0.16955566,0.01087189,0.02737427,0.01765442,0.01585388
test/ISIC_0034822.jpg,6,6,0.02059937,0.01846313,0.03817749,0.05981445,0.31347656,0.01615906,0.53320312
test/ISIC_0035540.jpg,5,5,0.01771545,0.01914978,0.02078247,0.02227783,0.01705933,0.88476562,0.01817322
test/ISIC_0035253.jpg,5,5,0.01779175,0.01664734,0.0148468,0.02041626,0.01660156,0.89746094,0.0163269
test/ISIC_0035591.jpg,5,5,0.0191803,0.01861572,0.01715088,0.02029419,0.01760864,0.88818359,0.01881409
test/ISIC_0034571.jpg,2,2,0.02110291,0.01654053,0.88427734,0.0178833,0.02166748,0.01959229,0.01872253
test/ISIC_0034653.jpg,5,5,0.01950073,0.01782227,0.02105713,0.02311707,0.01689148,0.88671875,0.01502228
test/ISIC_0035922.jpg,4,4,0.0289917,0.02122498,0.0231781,0.02450562,0.87353516,0.0144043,0.01435089
test/ISIC_0034729.jpg,5,5,0.01771545,0.01780701,0.01737976,0.01855469,0.01550293,0.89550781,0.01753235
test/ISIC_0035094.jpg,5,5,0.02168274,0.0163269,0.00899506,0.01786804,0.16748047,0.74707031,0.02067566
test/ISIC_0034532.jpg,5,5,0.01515198,0.01256561,0.0112381,0.01443481,0.11773682,0.81445312,0.01425171
test/ISIC_0036016.jpg,1,1,0.01998901,0.88232422,0.01751709,0.02185059,0.02050781,0.0178833,0.02001953
test/ISIC_0034654.jpg,5,5,0.02035522,0.01940918,0.01799011,0.02182007,0.01747131,0.88574219,0.01719666
test/ISIC_0034641.jpg,5,5,0.01741028,0.01669312,0.01663208,0.01689148,0.02011108,0.89794922,0.0142746
test/ISIC_0035158.jpg,5,5,0.02081299,0.02046204,0.01831055,0.02293396,0.01585388,0.88427734,0.01728821
test/ISIC_0035709.jpg,5,5,0.0243988,0.01889038,0.02133179,0.02122498,0.01481628,0.87890625,0.02041626
test/ISIC_0035938.jpg,4,4,0.01954651,0.00791168,0.06463623,0.08306885,0.51367188,0.30102539,0.01045227
test/ISIC_0035756.jpg,4,5,0.02856445,0.02822876,0.03796387,0.01476288,0.15637207,0.72167969,0.01216888
test/ISIC_0035419.jpg,5,5,0.01992798,0.01696777,0.01228333,0.01634216,0.02778625,0.89160156,0.01502228
test/ISIC_0034772.jpg,5,5,0.01889038,0.01889038,0.01689148,0.02285767,0.01612854,0.88818359,0.01831055
test/ISIC_0034789.jpg,5,5,0.01940918,0.01939392,0.01135254,0.02372742,0.01986694,0.88867188,0.01771545
test/ISIC_0035533.jpg,2,2,0.01965332,0.02055359,0.88232422,0.01942444,0.0188446,0.01721191,0.02209473
test/ISIC_0035925.jpg,6,6,0.02792358,0.02099609,0.02105713,0.01846313,0.03363037,0.02032471,0.85742188
test/ISIC_0035692.jpg,1,1,0.01766968,0.88427734,0.01599121,0.02508545,0.02009583,0.01715088,0.01983643
test/ISIC_0035908.jpg,2,2,0.01945496,0.02062988,0.88085938,0.02203369,0.01670837,0.01747131,0.02279663
test/ISIC_0035418.jpg,5,5,0.02098083,0.01548004,0.01812744,0.02163696,0.01184082,0.89111328,0.0209198
test/ISIC_0035772.jpg,1,1,0.01722717,0.50341797,0.02046204,0.01526642,0.40551758,0.02235413,0.01561737
test/ISIC_0034850.jpg,2,2,0.01481628,0.01207733,0.84960938,0.01881409,0.02987671,0.05743408,0.01716614
test/ISIC_0035706.jpg,5,5,0.01785278,0.01348877,0.02220154,0.01817322,0.09741211,0.81982422,0.01092529
test/ISIC_0035582.jpg,5,4,0.01312256,0.01424408,0.02926636,0.01340485,0.81738281,0.09802246,0.01469421
test/ISIC_0035379.jpg,5,5,0.01450348,0.01381683,0.01176453,0.01580811,0.03018188,0.8984375,0.01539612
test/ISIC_0036040.jpg,5,5,0.02015686,0.01876831,0.0184021,0.01733398,0.01763916,0.89111328,0.01676941
test/ISIC_0034890.jpg,5,5,0.02124023,0.02000427,0.01957703,0.01959229,0.01542664,0.88720703,0.01673889
test/ISIC_0034831.jpg,5,5,0.01582336,0.01365662,0.01579285,0.01759338,0.0196991,0.90185547,0.01571655
test/ISIC_0035441.jpg,5,5,0.02160645,0.01754761,0.01860046,0.02244568,0.01118469,0.88916016,0.01925659
test/ISIC_0035531.jpg,5,5,0.01617432,0.01737976,0.01277924,0.01972961,0.02944946,0.88720703,0.01737976
test/ISIC_0034854.jpg,5,5,0.01870728,0.01707458,0.01678467,0.02311707,0.01451111,0.89208984,0.01780701
test/ISIC_0035673.jpg,5,4,0.01705933,0.01480103,0.01577759,0.01644897,0.81835938,0.10180664,0.01576233
test/ISIC_0034986.jpg,5,5,0.02139282,0.02122498,0.01771545,0.02142334,0.01673889,0.88378906,0.01794434
test/ISIC_0035373.jpg,5,5,0.02116394,0.01502991,0.01298523,0.01422119,0.22680664,0.69726562,0.01245117
test/ISIC_0034836.jpg,5,4,0.01872253,0.01520538,0.02156067,0.01837158,0.85253906,0.05413818,0.01928711
test/ISIC_0034553.jpg,5,5,0.01815796,0.01878357,0.01213837,0.01878357,0.05114746,0.86523438,0.01561737
test/ISIC_0034964.jpg,5,4,0.01838684,0.01560211,0.01757812,0.01863098,0.65820312,0.25268555,0.01881409
test/ISIC_0036021.jpg,2,2,0.02055359,0.02287292,0.49755859,0.02661133,0.0176239,0.39575195,0.01904297
test/ISIC_0035731.jpg,5,5,0.01937866,0.01438141,0.01481628,0.01997375,0.02708435,0.88867188,0.01567078
test/ISIC_0035280.jpg,4,4,0.02835083,0.01413727,0.31298828,0.02104187,0.53710938,0.06118774,0.02485657
test/ISIC_0036041.jpg,5,5,0.01713562,0.01605225,0.01251984,0.04299927,0.06066895,0.83203125,0.01858521
test/ISIC_0035867.jpg,5,5,0.01837158,0.01248932,0.01864624,0.01433563,0.17529297,0.74511719,0.01560974
test/ISIC_0035652.jpg,5,5,0.02516174,0.02378845,0.0171814,0.02134705,0.0136261,0.88085938,0.0181427
test/ISIC_0035288.jpg,5,5,0.02009583,0.01875305,0.01702881,0.01950073,0.0181427,0.89160156,0.01499176
test/ISIC_0035980.jpg,5,4,0.02023315,0.02191162,0.0171051,0.02067566,0.87060547,0.0324707,0.01686096
test/ISIC_0034788.jpg,5,5,0.02070618,0.01887512,0.01611328,0.02238464,0.01605225,0.88574219,0.01989746
test/ISIC_0034802.jpg,2,2,0.01759338,0.01670837,0.88476562,0.01968384,0.01750183,0.02400208,0.01960754
test/ISIC_0034919.jpg,5,5,0.01730347,0.01660156,0.01419067,0.02218628,0.01540375,0.88720703,0.02690125
test/ISIC_0035632.jpg,5,5,0.02401733,0.07354736,0.01052856,0.01893616,0.0269165,0.82617188,0.01966858
test/ISIC_0034866.jpg,5,5,0.01914978,0.01828003,0.01683044,0.02102661,0.01553345,0.89208984,0.01693726
test/ISIC_0035455.jpg,5,5,0.02577209,0.02534485,0.13024902,0.02210999,0.0160675,0.76318359,0.01715088
test/ISIC_0035246.jpg,5,2,0.01901245,0.02043152,0.62158203,0.0152359,0.04891968,0.25878906,0.01591492
test/ISIC_0035072.jpg,1,1,0.05273438,0.85839844,0.0154953,0.02020264,0.01609802,0.02099609,0.01603699
test/ISIC_0034860.jpg,5,5,0.02090454,0.01992798,0.01467896,0.02433777,0.01394653,0.88671875,0.01971436
test/ISIC_0035017.jpg,5,5,0.01930237,0.01847839,0.01748657,0.02261353,0.01437378,0.890625,0.01702881
test/ISIC_0035482.jpg,5,5,0.01895142,0.01959229,0.02015686,0.02052307,0.01902771,0.88427734,0.01731873
test/ISIC_0034784.jpg,4,4,0.02006531,0.02046204,0.01977539,0.01930237,0.65478516,0.24182129,0.0239563
test/ISIC_0035399.jpg,5,5,0.01629639,0.01596069,0.01097107,0.01676941,0.04101562,0.8828125,0.01626587
test/ISIC_0034783.jpg,5,5,0.02815247,0.01506042,0.03460693,0.01748657,0.0136795,0.87744141,0.01364136
test/ISIC_0035135.jpg,5,5,0.02081299,0.0177002,0.01939392,0.01870728,0.01428223,0.89208984,0.0168457
test/ISIC_0035470.jpg,5,5,0.01546478,0.01763916,0.01331329,0.01730347,0.03820801,0.88134766,0.01679993
test/ISIC_0035190.jpg,2,2,0.01061249,0.01173401,0.85449219,0.01887512,0.06414795,0.02426147,0.01571655
test/ISIC_0034709.jpg,5,5,0.0262146,0.02288818,0.02154541,0.02685547,0.01574707,0.86474609,0.02224731
test/ISIC_0035641.jpg,5,5,0.0146637,0.01438904,0.01183319,0.02650452,0.04092407,0.87548828,0.01617432
test/ISIC_0035210.jpg,0,0,0.83056641,0.0165863,0.08135986,0.01450348,0.01994324,0.01966858,0.01721191
test/ISIC_0035140.jpg,5,5,0.01841736,0.01800537,0.03573608,0.02072144,0.01576233,0.87646484,0.01469421
test/ISIC_0034995.jpg,1,4,0.05581665,0.04977417,0.02383423,0.01503754,0.76220703,0.03065491,0.06243896
test/ISIC_0035739.jpg,2,2,0.01424408,0.01217651,0.60107422,0.01713562,0.22607422,0.11450195,0.01478577
test/ISIC_0036028.jpg,5,5,0.02093506,0.0184021,0.01583862,0.01890564,0.01773071,0.89306641,0.01512146
test/ISIC_0034526.jpg,2,2,0.01763916,0.01960754,0.87988281,0.02224731,0.01161194,0.02510071,0.02368164
test/ISIC_0034848.jpg,5,5,0.02044678,0.02041626,0.01870728,0.02200317,0.01690674,0.88574219,0.01557159
test/ISIC_0034738.jpg,5,5,0.01976013,0.01953125,0.02287292,0.01826477,0.01537323,0.88818359,0.01622009
test/ISIC_0035462.jpg,4,4,0.02111816,0.02159119,0.01879883,0.021698,0.85546875,0.04129028,0.02017212
test/ISIC_0034719.jpg,3,3,0.01493073,0.01533508,0.01101685,0.88623047,0.0380249,0.01255798,0.02206421
test/ISIC_0035002.jpg,5,5,0.0177002,0.01638794,0.01411438,0.02038574,0.02540588,0.890625,0.01535034
test/ISIC_0035063.jpg,5,5,0.0186615,0.01381683,0.01167297,0.01806641,0.03222656,0.87109375,0.03439331
test/ISIC_0035316.jpg,2,4,0.01405334,0.01468658,0.28125,0.01947021,0.62744141,0.0221405,0.02079773
test/ISIC_0034830.jpg,5,5,0.01737976,0.016922,0.02015686,0.01994324,0.01326752,0.89404297,0.01832581
test/ISIC_0034606.jpg,1,1,0.01954651,0.87646484,0.01683044,0.02270508,0.02682495,0.0168457,0.02098083
test/ISIC_0035510.jpg,4,5,0.02880859,0.02508545,0.01792908,0.02153015,0.42138672,0.46191406,0.02352905
test/ISIC_0034794.jpg,2,2,0.02526855,0.01861572,0.87255859,0.0206604,0.02095032,0.0216217,0.0202179
test/ISIC_0034666.jpg,3,3,0.00767899,0.19665527,0.01528931,0.60742188,0.01803589,0.01858521,0.1361084
test/ISIC_0035978.jpg,5,5,0.02729797,0.01733398,0.02427673,0.02102661,0.01244354,0.88183594,0.0158844
test/ISIC_0034531.jpg,2,2,0.02110291,0.01521301,0.75048828,0.02285767,0.14660645,0.02157593,0.02229309
test/ISIC_0034604.jpg,5,5,0.02638245,0.02256775,0.02095032,0.02494812,0.02383423,0.85888672,0.02224731
test/ISIC_0035346.jpg,5,5,0.02359009,0.01942444,0.0135498,0.01837158,0.02313232,0.88525391,0.01657104
test/ISIC_0034813.jpg,5,5,0.01651001,0.01260376,0.07189941,0.01248932,0.30883789,0.56689453,0.01041412
test/ISIC_0035656.jpg,5,5,0.01461792,0.01091003,0.02650452,0.01177979,0.12805176,0.79345703,0.0146637
test/ISIC_0036005.jpg,4,5,0.02532959,0.01422119,0.01098633,0.0276947,0.34716797,0.5546875,0.01957703
test/ISIC_0035423.jpg,5,2,0.02140808,0.01971436,0.77539062,0.0224762,0.01330566,0.12536621,0.02236938
test/ISIC_0035270.jpg,2,2,0.01512146,0.01486206,0.80175781,0.01676941,0.11291504,0.0227356,0.01589966
test/ISIC_0035191.jpg,5,5,0.01820374,0.01774597,0.02330017,0.02062988,0.01564026,0.88867188,0.01568604
test/ISIC_0035737.jpg,6,6,0.03146362,0.04019165,0.02046204,0.02258301,0.02377319,0.22583008,0.63574219
test/ISIC_0035770.jpg,5,5,0.02146912,0.01576233,0.12731934,0.02267456,0.01556396,0.78076172,0.01664734
test/ISIC_0035710.jpg,5,4,0.0218811,0.02423096,0.01708984,0.02104187,0.85839844,0.03994751,0.01745605
test/ISIC_0034699.jpg,1,1,0.01483154,0.88964844,0.01259613,0.0209198,0.01730347,0.02064514,0.02380371
test/ISIC_0035777.jpg,5,5,0.02023315,0.020401,0.01690674,0.0189209,0.02490234,0.87890625,0.01977539
test/ISIC_0035231.jpg,5,5,0.02320862,0.01948547,0.01846313,0.0216217,0.0154953,0.88183594,0.02008057
test/ISIC_0034747.jpg,5,5,0.01782227,0.01832581,0.01805115,0.02043152,0.01667786,0.89257812,0.01608276
test/ISIC_0035466.jpg,2,0,0.82910156,0.01087189,0.09039307,0.01385498,0.02532959,0.01548004,0.01506805
test/ISIC_0035506.jpg,5,5,0.02484131,0.02049255,0.02058411,0.02574158,0.01567078,0.87353516,0.0193634
test/ISIC_0035604.jpg,5,5,0.02079773,0.019104,0.01985168,0.02145386,0.01850891,0.88330078,0.01707458
test/ISIC_0035606.jpg,4,2,0.01512909,0.01148224,0.84423828,0.0174408,0.05053711,0.04360962,0.01756287
test/ISIC_0036002.jpg,1,1,0.02145386,0.87451172,0.02767944,0.01887512,0.02029419,0.01663208,0.02052307
test/ISIC_0035885.jpg,5,4,0.01947021,0.01602173,0.01560211,0.01719666,0.71875,0.19592285,0.01698303
test/ISIC_0035575.jpg,5,5,0.02729797,0.02041626,0.03259277,0.02302551,0.01203918,0.87011719,0.01462555
test/ISIC_0035001.jpg,0,0,0.88574219,0.01712036,0.01213074,0.01950073,0.02688599,0.02224731,0.01655579
test/ISIC_0035261.jpg,2,2,0.02377319,0.01396179,0.88378906,0.0196991,0.01867676,0.02305603,0.01679993
test/ISIC_0034957.jpg,4,4,0.02664185,0.0213623,0.02339172,0.02308655,0.86669922,0.02102661,0.01805115
test/ISIC_0034676.jpg,5,5,0.02038574,0.01824951,0.01809692,0.01805115,0.01465607,0.89160156,0.01902771
test/ISIC_0034897.jpg,5,5,0.01750183,0.01628113,0.01442719,0.01853943,0.01844788,0.89941406,0.01531219
test/ISIC_0034991.jpg,5,5,0.02017212,0.01998901,0.01730347,0.0202179,0.02156067,0.88476562,0.01612854
test/ISIC_0034930.jpg,2,0,0.85693359,0.03088379,0.05148315,0.01620483,0.01009369,0.01351929,0.02079773
test/ISIC_0034737.jpg,4,4,0.02017212,0.02478027,0.02111816,0.02368164,0.87548828,0.01901245,0.01551056
test/ISIC_0035801.jpg,5,5,0.01350403,0.01025391,0.03359985,0.0140686,0.2512207,0.59228516,0.08496094
test/ISIC_0035944.jpg,3,5,0.01404572,0.02261353,0.08148193,0.02218628,0.36157227,0.48706055,0.01114655
test/ISIC_0035522.jpg,4,4,0.02645874,0.02310181,0.01675415,0.02210999,0.85839844,0.03549194,0.01771545
test/ISIC_0034842.jpg,2,2,0.01800537,0.01834106,0.88769531,0.02172852,0.01583862,0.01641846,0.0219574
test/ISIC_0035058.jpg,5,5,0.02275085,0.02128601,0.01695251,0.02378845,0.01343536,0.8828125,0.01879883
test/ISIC_0035245.jpg,5,5,0.02410889,0.10009766,0.1439209,0.01942444,0.16223145,0.52832031,0.02212524
test/ISIC_0035050.jpg,5,4,0.01580811,0.01560974,0.01558685,0.01663208,0.76416016,0.15197754,0.02000427
test/ISIC_0035480.jpg,5,5,0.01947021,0.01713562,0.01599121,0.020401,0.01335907,0.89746094,0.01612854
test/ISIC_0034541.jpg,5,5,0.02148438,0.01789856,0.01696777,0.02197266,0.01361847,0.89111328,0.01705933
test/ISIC_0035928.jpg,5,5,0.02813721,0.02056885,0.02954102,0.01823425,0.01339722,0.87402344,0.01596069
test/ISIC_0035467.jpg,5,5,0.01954651,0.01858521,0.01739502,0.02227783,0.01708984,0.88769531,0.01733398
test/ISIC_0035254.jpg,1,1,0.01878357,0.88623047,0.01745605,0.02233887,0.01867676,0.01667786,0.02000427
test/ISIC_0034764.jpg,4,4,0.01654053,0.01498413,0.01402283,0.01876831,0.82373047,0.09399414,0.01776123
test/ISIC_0036001.jpg,5,5,0.02552795,0.01849365,0.01696777,0.02059937,0.01608276,0.88378906,0.01838684
test/ISIC_0034907.jpg,5,5,0.01377869,0.14611816,0.01132202,0.02835083,0.10577393,0.65820312,0.03665161
test/ISIC_0035648.jpg,5,4,0.01986694,0.01763916,0.21594238,0.01821899,0.40185547,0.31176758,0.01480865
test/ISIC_0035778.jpg,3,3,0.01051331,0.02528381,0.01165009,0.8984375,0.02203369,0.01712036,0.01496124
test/ISIC_0034821.jpg,5,5,0.02563477,0.02102661,0.01939392,0.02279663,0.01409912,0.88134766,0.01593018
test/ISIC_0035054.jpg,3,3,0.01557922,0.01881409,0.0171051,0.87988281,0.01980591,0.0300293,0.0186615
test/ISIC_0034840.jpg,2,2,0.09008789,0.02706909,0.80761719,0.02146912,0.01733398,0.01776123,0.01887512
test/ISIC_0034896.jpg,6,6,0.02348328,0.01959229,0.0234375,0.01470184,0.0202179,0.02288818,0.87548828
test/ISIC_0034602.jpg,5,5,0.02018738,0.01730347,0.01927185,0.02058411,0.01461792,0.88916016,0.01867676
test/ISIC_0035193.jpg,5,5,0.0213623,0.0221405,0.01985168,0.02108765,0.01647949,0.88183594,0.01725769
test/ISIC_0034552.jpg,5,5,0.01715088,0.01571655,0.02735901,0.01495361,0.31811523,0.58984375,0.01702881
test/ISIC_0035877.jpg,4,4,0.01593018,0.01583862,0.01332855,0.01487732,0.86816406,0.05487061,0.01715088
test/ISIC_0035357.jpg,1,1,0.0117569,0.89550781,0.01415253,0.02331543,0.01791382,0.01690674,0.02023315
test/ISIC_0034973.jpg,5,5,0.01629639,0.01771545,0.01373291,0.01911926,0.0151062,0.90136719,0.01686096
test/ISIC_0034753.jpg,0,0,0.88867188,0.02275085,0.02011108,0.02076721,0.01438141,0.01525879,0.01821899
test/ISIC_0036059.jpg,5,5,0.02163696,0.01879883,0.01324463,0.01803589,0.01705933,0.89453125,0.01664734
test/ISIC_0034955.jpg,5,2,0.0297699,0.02388,0.50488281,0.02996826,0.01433563,0.37939453,0.01773071
test/ISIC_0035703.jpg,5,4,0.02217102,0.0134964,0.01583862,0.01937866,0.47021484,0.4453125,0.01352692
test/ISIC_0034976.jpg,5,5,0.02340698,0.02020264,0.01844788,0.02009583,0.01948547,0.87890625,0.01930237
test/ISIC_0035600.jpg,5,5,0.02659607,0.01950073,0.02137756,0.0243988,0.01091766,0.87841797,0.01885986
test/ISIC_0035743.jpg,5,5,0.01869202,0.01716614,0.0152359,0.01930237,0.02708435,0.88427734,0.01832581
test/ISIC_0035125.jpg,2,2,0.01387787,0.03527832,0.87451172,0.01548004,0.02557373,0.0171814,0.01817322
test/ISIC_0034846.jpg,5,5,0.01930237,0.020401,0.01324463,0.01902771,0.0227356,0.88867188,0.01670837
test/ISIC_0035156.jpg,5,5,0.01597595,0.0173645,0.09307861,0.01412201,0.05761719,0.77978516,0.02185059
test/ISIC_0035559.jpg,5,5,0.01811218,0.01602173,0.01535034,0.01947021,0.01415253,0.89794922,0.01887512
test/ISIC_0036018.jpg,3,5,0.02032471,0.01264954,0.01189423,0.28344727,0.05145264,0.59765625,0.02272034
test/ISIC_0035718.jpg,1,1,0.01625061,0.89257812,0.01357269,0.02165222,0.01780701,0.01708984,0.02088928
test/ISIC_0035040.jpg,2,2,0.01347351,0.01475525,0.69433594,0.01573181,0.19152832,0.05758667,0.0123291
test/ISIC_0035991.jpg,5,5,0.02377319,0.02326965,0.01756287,0.02122498,0.01808167,0.87646484,0.01950073
test/ISIC_0035339.jpg,5,5,0.02029419,0.01672363,0.01805115,0.02233887,0.01486969,0.88916016,0.01864624
test/ISIC_0034548.jpg,4,0,0.89648438,0.01817322,0.01672363,0.01629639,0.01535797,0.01828003,0.01863098
test/ISIC_0034707.jpg,5,5,0.02055359,0.02062988,0.01716614,0.02113342,0.01716614,0.88378906,0.01974487
test/ISIC_0034587.jpg,5,5,0.01829529,0.01800537,0.01696777,0.01913452,0.01649475,0.89208984,0.01885986
test/ISIC_0034758.jpg,2,5,0.02934265,0.01366425,0.28662109,0.02462769,0.0184021,0.61181641,0.01552582
test/ISIC_0034594.jpg,5,5,0.01864624,0.01644897,0.0186615,0.01899719,0.01609802,0.89111328,0.01980591
test/ISIC_0035860.jpg,5,5,0.01422119,0.01496124,0.0171051,0.01502228,0.05291748,0.87304688,0.01252747
test/ISIC_0034870.jpg,0,2,0.02392578,0.30688477,0.56445312,0.01438141,0.05218506,0.01945496,0.01869202
test/ISIC_0035020.jpg,5,5,0.01934814,0.02127075,0.01644897,0.01899719,0.02017212,0.88232422,0.02124023
test/ISIC_0035954.jpg,5,5,0.01879883,0.0186615,0.01328278,0.0186615,0.03839111,0.875,0.01716614
test/ISIC_0035211.jpg,5,5,0.02435303,0.02316284,0.02262878,0.02023315,0.01947021,0.87402344,0.01589966
test/ISIC_0034812.jpg,2,2,0.02272034,0.01559448,0.85595703,0.02389526,0.01618958,0.04803467,0.01757812
test/ISIC_0035805.jpg,2,5,0.01646423,0.01174927,0.09039307,0.01259613,0.04980469,0.80957031,0.00959015
test/ISIC_0035861.jpg,5,4,0.01846313,0.01620483,0.01570129,0.01815796,0.85498047,0.06100464,0.01529694
test/ISIC_0035038.jpg,5,4,0.01582336,0.01483154,0.0164032,0.01834106,0.875,0.04241943,0.01728821
test/ISIC_0035827.jpg,4,4,0.02359009,0.02200317,0.02098083,0.01852417,0.87597656,0.02412415,0.01498413
test/ISIC_0035953.jpg,2,4,0.01982117,0.01768494,0.0153656,0.02122498,0.87695312,0.03656006,0.01260376
test/ISIC_0035898.jpg,5,5,0.02700806,0.016922,0.01821899,0.01879883,0.01617432,0.88574219,0.01719666
test/ISIC_0035143.jpg,5,5,0.02159119,0.01979065,0.0184021,0.02178955,0.01600647,0.88574219,0.01646423
test/ISIC_0035711.jpg,4,4,0.02452087,0.01977539,0.02017212,0.0218811,0.87792969,0.01652527,0.01916504
test/ISIC_0034856.jpg,5,4,0.02084351,0.01582336,0.0239563,0.01824951,0.87255859,0.03762817,0.0107193
test/ISIC_0035955.jpg,3,3,0.0117569,0.01737976,0.01383209,0.90576172,0.01986694,0.01783752,0.0134201
test/ISIC_0034640.jpg,5,5,0.01837158,0.02024841,0.01641846,0.01989746,0.01800537,0.88916016,0.01777649
test/ISIC_0035912.jpg,5,5,0.01985168,0.01620483,0.01246643,0.01861572,0.01455688,0.89794922,0.02026367
test/ISIC_0034977.jpg,5,5,0.016922,0.01377106,0.01218414,0.016922,0.02124023,0.89892578,0.01985168
test/ISIC_0035180.jpg,2,2,0.02030945,0.01675415,0.88037109,0.01776123,0.02078247,0.0249176,0.01893616
test/ISIC_0035052.jpg,5,5,0.01811218,0.01608276,0.01715088,0.02131653,0.01311493,0.89599609,0.01803589
test/ISIC_0034566.jpg,5,5,0.01922607,0.01543427,0.01622009,0.02017212,0.01317596,0.89990234,0.01579285
test/ISIC_0035131.jpg,2,2,0.02249146,0.01672363,0.88867188,0.01799011,0.01914978,0.01646423,0.01832581
test/ISIC_0035192.jpg,5,5,0.01983643,0.02085876,0.01821899,0.0222168,0.01730347,0.88525391,0.01629639
test/ISIC_0035663.jpg,4,5,0.02259827,0.01771545,0.01080322,0.02308655,0.36230469,0.54589844,0.01766968
test/ISIC_0034984.jpg,5,5,0.01837158,0.01953125,0.01507568,0.02189636,0.01690674,0.89257812,0.01573181
test/ISIC_0036056.jpg,4,4,0.01991272,0.1829834,0.01252747,0.02883911,0.61083984,0.13085938,0.01411438
test/ISIC_0035409.jpg,5,5,0.02099609,0.01850891,0.01835632,0.02172852,0.01470184,0.88916016,0.01664734
test/ISIC_0034705.jpg,5,5,0.01882935,0.0206604,0.01589966,0.01863098,0.34472656,0.5625,0.01885986
test/ISIC_0035875.jpg,5,5,0.02403259,0.01552582,0.02796936,0.01751709,0.03939819,0.85986328,0.01555634
test/ISIC_0034678.jpg,5,5,0.01960754,0.01768494,0.01534271,0.02232361,0.01550293,0.89257812,0.01693726
test/ISIC_0035358.jpg,5,5,0.02145386,0.01956177,0.02243042,0.02224731,0.01881409,0.87841797,0.01707458
test/ISIC_0035084.jpg,5,5,0.01863098,0.01828003,0.01734924,0.02082825,0.01858521,0.88964844,0.01669312
test/ISIC_0035497.jpg,5,5,0.02168274,0.02023315,0.0188446,0.02183533,0.01838684,0.88085938,0.01812744
test/ISIC_0035795.jpg,5,5,0.01712036,0.01882935,0.27734375,0.02912903,0.01148987,0.62451172,0.02175903
test/ISIC_0034648.jpg,5,5,0.01940918,0.01983643,0.01629639,0.02033997,0.01618958,0.88720703,0.02052307
test/ISIC_0035964.jpg,4,5,0.01447296,0.01167297,0.02536011,0.01132965,0.06750488,0.85839844,0.01145172
test/ISIC_0035034.jpg,5,5,0.01905823,0.01660156,0.01763916,0.02005005,0.02128601,0.88964844,0.01571655
test/ISIC_0035202.jpg,1,1,0.01340485,0.79833984,0.01963806,0.02513123,0.02314758,0.10418701,0.01622009
test/ISIC_0035878.jpg,2,2,0.01899719,0.01924133,0.88037109,0.02397156,0.01464844,0.01849365,0.02418518
test/ISIC_0035472.jpg,2,2,0.02073669,0.01760864,0.84130859,0.06616211,0.01971436,0.01699829,0.01763916
test/ISIC_0035452.jpg,5,5,0.01945496,0.01902771,0.02099609,0.02345276,0.01464081,0.88378906,0.01870728
test/ISIC_0035296.jpg,5,5,0.02330017,0.01869202,0.02294922,0.02726746,0.01482391,0.87304688,0.0196991
test/ISIC_0035308.jpg,1,1,0.02104187,0.8828125,0.01652527,0.02096558,0.02111816,0.01696777,0.02053833
test/ISIC_0035206.jpg,6,6,0.02038574,0.02008057,0.02018738,0.0236969,0.0171051,0.02059937,0.87792969
test/ISIC_0034875.jpg,4,4,0.04910278,0.01779175,0.03085327,0.01782227,0.83496094,0.03646851,0.01293945
test/ISIC_0035518.jpg,5,5,0.01786804,0.01531219,0.01366425,0.0164032,0.10974121,0.80859375,0.01858521
test/ISIC_0035945.jpg,5,5,0.02650452,0.02783203,0.01815796,0.02412415,0.01409149,0.86962891,0.01982117
test/ISIC_0035763.jpg,2,2,0.01948547,0.02090454,0.88134766,0.02267456,0.01628113,0.01889038,0.02032471
test/ISIC_0034899.jpg,1,1,0.01132202,0.77587891,0.01077271,0.01571655,0.01623535,0.01318359,0.15673828
test/ISIC_0035079.jpg,5,2,0.01628113,0.01542664,0.87011719,0.02098083,0.01210022,0.04797363,0.01699829
test/ISIC_0035278.jpg,5,5,0.02386475,0.02874756,0.01985168,0.02514648,0.01444244,0.86425781,0.02345276
test/ISIC_0035104.jpg,2,2,0.01760864,0.01189423,0.7265625,0.01992798,0.12976074,0.08099365,0.01307678
test/ISIC_0035722.jpg,5,4,0.02449036,0.01321411,0.01528931,0.02111816,0.54199219,0.36401367,0.01997375
test/ISIC_0035701.jpg,2,0,0.88867188,0.01950073,0.02796936,0.01553345,0.0128479,0.02038574,0.01495361
test/ISIC_0035168.jpg,2,2,0.02432251,0.01809692,0.87402344,0.0201416,0.02023315,0.02212524,0.02120972
test/ISIC_0034999.jpg,2,2,0.01670837,0.01931763,0.88720703,0.02157593,0.01712036,0.01295471,0.02510071
test/ISIC_0034579.jpg,0,0,0.89941406,0.01252747,0.02027893,0.01683044,0.01580811,0.01611328,0.01916504
test/ISIC_0035573.jpg,5,5,0.01750183,0.01307678,0.0112381,0.01564026,0.03253174,0.89501953,0.01490021
test/ISIC_0035719.jpg,4,5,0.01300049,0.01437378,0.0186615,0.01541901,0.06097412,0.86425781,0.01329803
test/ISIC_0035843.jpg,5,5,0.02062988,0.01499176,0.01190186,0.01576233,0.05209351,0.87011719,0.01443481
test/ISIC_0035243.jpg,2,4,0.08013916,0.02023315,0.23291016,0.01411438,0.61962891,0.02134705,0.01148224
test/ISIC_0034785.jpg,2,2,0.02107239,0.01771545,0.88134766,0.02075195,0.01424408,0.02490234,0.02017212
test/ISIC_0035445.jpg,5,5,0.02474976,0.01922607,0.01165009,0.0209198,0.01792908,0.88232422,0.02302551
test/ISIC_0035297.jpg,5,5,0.01933289,0.01820374,0.0194397,0.02142334,0.01384735,0.88867188,0.01930237
test/ISIC_0034597.jpg,3,0,0.77636719,0.02015686,0.07330322,0.01430511,0.01797485,0.0770874,0.02061462
test/ISIC_0034713.jpg,4,4,0.0262146,0.02157593,0.01841736,0.02232361,0.86279297,0.02978516,0.01869202
test/ISIC_0035650.jpg,3,5,0.04177856,0.00731659,0.02853394,0.31494141,0.10754395,0.35864258,0.14111328
test/ISIC_0034704.jpg,5,5,0.02145386,0.01997375,0.01972961,0.02122498,0.01686096,0.8828125,0.01794434
test/ISIC_0035873.jpg,2,2,0.03065491,0.02635193,0.85546875,0.02522278,0.01843262,0.02252197,0.02157593
test/ISIC_0034626.jpg,5,5,0.01843262,0.01785278,0.01547241,0.02653503,0.0146637,0.88574219,0.02130127
test/ISIC_0034545.jpg,1,1,0.01498413,0.89794922,0.01415253,0.01959229,0.01823425,0.01600647,0.01927185
test/ISIC_0035977.jpg,1,2,0.01602173,0.02183533,0.88232422,0.02365112,0.01544189,0.01577759,0.02508545
test/ISIC_0035218.jpg,2,0,0.45117188,0.02142334,0.37475586,0.03152466,0.01739502,0.07830811,0.0252533
test/ISIC_0035890.jpg,3,3,0.0164032,0.01913452,0.01745605,0.88769531,0.01878357,0.01768494,0.02307129
test/ISIC_0035285.jpg,5,5,0.01705933,0.01785278,0.01603699,0.01950073,0.01557159,0.89648438,0.01731873
test/ISIC_0036027.jpg,5,5,0.0236969,0.01728821,0.01953125,0.01867676,0.01597595,0.88818359,0.01651001
test/ISIC_0035068.jpg,5,5,0.01467896,0.01858521,0.01355743,0.02354431,0.01448822,0.69335938,0.22167969
test/ISIC_0034592.jpg,5,5,0.02645874,0.02210999,0.03552246,0.02590942,0.01403809,0.85693359,0.01916504
test/ISIC_0034551.jpg,5,5,0.01789856,0.01612854,0.01786804,0.01895142,0.013237,0.90087891,0.01480865
test/ISIC_0035350.jpg,5,5,0.02081299,0.01983643,0.01498413,0.02201843,0.01887512,0.88720703,0.01651001
test/ISIC_0034740.jpg,5,5,0.01832581,0.02024841,0.01828003,0.02227783,0.01687622,0.88574219,0.01847839
test/ISIC_0035492.jpg,5,5,0.02174377,0.02027893,0.01821899,0.02142334,0.01689148,0.88378906,0.01765442
test/ISIC_0034735.jpg,5,5,0.02571106,0.02314758,0.02243042,0.0224762,0.01631165,0.87353516,0.01628113
test/ISIC_0035197.jpg,5,5,0.01742554,0.0171051,0.01247406,0.015625,0.23181152,0.68798828,0.01776123
test/ISIC_0035909.jpg,5,5,0.01881409,0.01625061,0.01008606,0.01876831,0.02528381,0.89404297,0.01667786
test/ISIC_0034839.jpg,5,5,0.03155518,0.02372742,0.03625488,0.02679443,0.01605225,0.84521484,0.02020264
test/ISIC_0035534.jpg,5,5,0.01905823,0.01776123,0.01722717,0.02177429,0.01477051,0.89306641,0.01657104
test/ISIC_0035062.jpg,5,5,0.01956177,0.01876831,0.01641846,0.02082825,0.0150528,0.89160156,0.01763916
test/ISIC_0034770.jpg,2,2,0.01599121,0.01568604,0.875,0.01651001,0.04281616,0.01707458,0.01673889
test/ISIC_0035584.jpg,2,2,0.01779175,0.02128601,0.87939453,0.01950073,0.0105896,0.01963806,0.03201294
test/ISIC_0035014.jpg,5,5,0.0194397,0.01940918,0.01847839,0.02484131,0.01579285,0.88232422,0.01977539
test/ISIC_0034712.jpg,1,1,0.01615906,0.88574219,0.01626587,0.01928711,0.02128601,0.01693726,0.02432251
test/ISIC_0035112.jpg,1,1,0.02183533,0.89013672,0.01554871,0.01737976,0.02049255,0.01487732,0.01985168
test/ISIC_0035764.jpg,4,5,0.0196991,0.01858521,0.04534912,0.01252747,0.39770508,0.48999023,0.0160675
test/ISIC_0035570.jpg,2,5,0.0385437,0.02159119,0.3059082,0.02328491,0.01673889,0.57763672,0.01611328
test/ISIC_0035304.jpg,5,5,0.0181427,0.01797485,0.01445007,0.01933289,0.01858521,0.89501953,0.01634216
test/ISIC_0034883.jpg,5,5,0.0160675,0.01708984,0.01939392,0.01951599,0.0186615,0.89208984,0.01693726
test/ISIC_0034670.jpg,5,2,0.01998901,0.05331421,0.54443359,0.02026367,0.02026367,0.32373047,0.01789856
test/ISIC_0035594.jpg,1,1,0.01673889,0.87988281,0.01277924,0.01945496,0.01515198,0.02264404,0.03320312
test/ISIC_0035214.jpg,5,5,0.02041626,0.02104187,0.01887512,0.02127075,0.01802063,0.88330078,0.01698303
test/ISIC_0035495.jpg,5,5,0.02046204,0.01593018,0.02192688,0.02033997,0.01249695,0.89404297,0.01473999
test/ISIC_0035942.jpg,1,4,0.02775574,0.02052307,0.01803589,0.02404785,0.86523438,0.02865601,0.0158844
test/ISIC_0035332.jpg,1,1,0.01882935,0.88671875,0.01637268,0.01994324,0.01928711,0.01707458,0.02171326
test/ISIC_0035368.jpg,0,4,0.02630615,0.15136719,0.08734131,0.01470184,0.52783203,0.18103027,0.01142883
test/ISIC_0034953.jpg,2,2,0.01794434,0.01922607,0.89160156,0.01858521,0.01360321,0.01991272,0.01899719
test/ISIC_0035067.jpg,5,6,0.00775528,0.06890869,0.05618286,0.0064621,0.03302002,0.08972168,0.73779297
test/ISIC_0035511.jpg,2,4,0.0146637,0.01683044,0.0602417,0.03601074,0.76953125,0.09521484,0.00772095
test/ISIC_0035516.jpg,5,4,0.01594543,0.01282501,0.0484314,0.01907349,0.68554688,0.20617676,0.01197815
test/ISIC_0035229.jpg,4,4,0.02127075,0.0206604,0.0191803,0.02110291,0.86425781,0.0350647,0.01837158
test/ISIC_0034750.jpg,2,2,0.01602173,0.01321411,0.90283203,0.01538086,0.01516724,0.02024841,0.01705933
test/ISIC_0035836.jpg,5,5,0.02110291,0.01496887,0.01340485,0.01515961,0.03805542,0.88330078,0.01417542
test/ISIC_0034904.jpg,4,4,0.01947021,0.01831055,0.01675415,0.01782227,0.79980469,0.11065674,0.01696777
test/ISIC_0034638.jpg,4,4,0.02122498,0.01748657,0.03918457,0.01834106,0.86914062,0.02441406,0.01026917
test/ISIC_0035401.jpg,5,5,0.02304077,0.02056885,0.01930237,0.02416992,0.01426697,0.87890625,0.01956177
test/ISIC_0035675.jpg,3,3,0.03031921,0.01901245,0.02241516,0.54980469,0.03457642,0.32983398,0.0141449
test/ISIC_0035290.jpg,5,4,0.01332092,0.01246643,0.01972961,0.01533508,0.87304688,0.04864502,0.01730347
test/ISIC_0035089.jpg,4,4,0.02607727,0.01438141,0.02084351,0.01950073,0.63720703,0.26831055,0.01374817
test/ISIC_0034798.jpg,5,5,0.02241516,0.02153015,0.02052307,0.0226593,0.01699829,0.87841797,0.01724243
test/ISIC_0035639.jpg,5,5,0.01898193,0.02053833,0.02401733,0.01976013,0.01265717,0.88818359,0.01573181
test/ISIC_0035294.jpg,5,5,0.0194397,0.01858521,0.02012634,0.02024841,0.0153656,0.89013672,0.01617432
test/ISIC_0035391.jpg,2,2,0.01734924,0.01438904,0.89257812,0.01759338,0.01704407,0.02044678,0.02035522
test/ISIC_0034917.jpg,5,5,0.01913452,0.01513672,0.01942444,0.01834106,0.0168457,0.89355469,0.01766968
test/ISIC_0035319.jpg,5,5,0.02410889,0.02139282,0.01352692,0.02189636,0.01281738,0.88671875,0.0196228
test/ISIC_0034980.jpg,2,2,0.02101135,0.01628113,0.88916016,0.01783752,0.01699829,0.02017212,0.01872253
test/ISIC_0035420.jpg,4,4,0.01602173,0.02304077,0.01348877,0.01693726,0.85546875,0.06207275,0.01303864
test/ISIC_0035450.jpg,1,1,0.02212524,0.85693359,0.01574707,0.02194214,0.0440979,0.02331543,0.01600647
test/ISIC_0035320.jpg,5,5,0.02320862,0.01922607,0.01856995,0.02592468,0.01132202,0.85888672,0.04272461
test/ISIC_0035088.jpg,5,5,0.02108765,0.01982117,0.0181427,0.02047729,0.01626587,0.88818359,0.01593018
test/ISIC_0035260.jpg,5,5,0.01699829,0.01856995,0.01785278,0.0211792,0.01417542,0.89453125,0.01670837
test/ISIC_0035986.jpg,4,4,0.01968384,0.01641846,0.01983643,0.01902771,0.88818359,0.0176239,0.01930237
test/ISIC_0035057.jpg,2,2,0.02142334,0.01596069,0.76611328,0.01464081,0.1427002,0.02476501,0.0141983
test/ISIC_0035566.jpg,5,5,0.01889038,0.01869202,0.01881409,0.02020264,0.025177,0.88476562,0.01345825
test/ISIC_0035434.jpg,4,4,0.0188446,0.01956177,0.01795959,0.0199585,0.86816406,0.03329468,0.02235413
test/ISIC_0035677.jpg,3,5,0.02607727,0.08422852,0.01520538,0.25708008,0.01550293,0.57666016,0.02496338
test/ISIC_0035110.jpg,2,2,0.01795959,0.01457214,0.73730469,0.02333069,0.0541687,0.13366699,0.01921082
test/ISIC_0035824.jpg,1,1,0.0142746,0.89013672,0.01570129,0.01753235,0.02244568,0.01927185,0.02053833
test/ISIC_0035607.jpg,2,4,0.01815796,0.01555634,0.02352905,0.01707458,0.88134766,0.02740479,0.01679993
test/ISIC_0035624.jpg,2,2,0.01525879,0.01567078,0.87646484,0.02156067,0.01056671,0.04193115,0.01864624
test/ISIC_0034583.jpg,5,5,0.02241516,0.01065826,0.01189423,0.01457977,0.07086182,0.85449219,0.01529694
test/ISIC_0035874.jpg,5,1,0.01849365,0.52734375,0.03056335,0.01693726,0.36938477,0.01957703,0.01751709
test/ISIC_0035301.jpg,5,5,0.01847839,0.01841736,0.01496887,0.02140808,0.0171814,0.89013672,0.01931763
test/ISIC_0035985.jpg,5,5,0.0201416,0.01730347,0.0136261,0.01715088,0.05117798,0.86279297,0.01789856
test/ISIC_0035622.jpg,3,3,0.0271759,0.01898193,0.02047729,0.86328125,0.02006531,0.02937317,0.02088928
test/ISIC_0034881.jpg,5,5,0.0223999,0.02174377,0.02006531,0.02223206,0.01930237,0.87744141,0.0168457
test/ISIC_0034575.jpg,2,2,0.01644897,0.01856995,0.84326172,0.01876831,0.02578735,0.05932617,0.0177002
test/ISIC_0034987.jpg,2,2,0.0234375,0.01773071,0.890625,0.01705933,0.0174408,0.01580811,0.01783752
test/ISIC_0035913.jpg,4,4,0.01855469,0.01751709,0.0166626,0.01966858,0.88671875,0.02433777,0.01635742
test/ISIC_0035408.jpg,5,5,0.02259827,0.0218811,0.01783752,0.02244568,0.01593018,0.88134766,0.01811218
test/ISIC_0034901.jpg,5,5,0.02445984,0.01377106,0.02368164,0.01776123,0.01715088,0.88623047,0.01702881
test/ISIC_0035457.jpg,5,1,0.02474976,0.89355469,0.02134705,0.01538849,0.01284027,0.01622009,0.01567078
test/ISIC_0035721.jpg,4,4,0.01907349,0.01673889,0.01896667,0.02023315,0.84960938,0.01348114,0.06176758
test/ISIC_0035382.jpg,5,5,0.01947021,0.02027893,0.01560211,0.01972961,0.0166626,0.88964844,0.01856995
test/ISIC_0035893.jpg,5,5,0.02030945,0.01739502,0.01756287,0.02037048,0.02204895,0.88525391,0.0171051
test/ISIC_0035562.jpg,4,4,0.02322388,0.02223206,0.02278137,0.02290344,0.86767578,0.02270508,0.01853943
test/ISIC_0035929.jpg,4,4,0.02056885,0.01215363,0.00926971,0.0546875,0.7421875,0.14086914,0.02023315
test/ISIC_0035693.jpg,5,5,0.01730347,0.01202393,0.01252747,0.03738403,0.06726074,0.83154297,0.0221405
test/ISIC_0035184.jpg,5,5,0.02401733,0.01965332,0.01799011,0.02050781,0.01424408,0.88085938,0.02270508
test/ISIC_0035746.jpg,5,5,0.01994324,0.01394653,0.01078796,0.01460266,0.0847168,0.84375,0.01208496
test/ISIC_0036044.jpg,5,5,0.02145386,0.01452637,0.00900269,0.01508331,0.05389404,0.86767578,0.0181427
test/ISIC_0034720.jpg,2,0,0.76416016,0.06689453,0.0531311,0.00971985,0.04266357,0.04071045,0.02288818
test/ISIC_0034787.jpg,5,5,0.020401,0.02055359,0.01812744,0.02233887,0.01828003,0.88427734,0.0158844
test/ISIC_0036000.jpg,6,6,0.08258057,0.01544189,0.26635742,0.01754761,0.02110291,0.06988525,0.52734375
test/ISIC_0035440.jpg,3,1,0.01496887,0.49902344,0.01091003,0.0229187,0.1138916,0.3046875,0.0335083
test/ISIC_0035580.jpg,5,5,0.01931763,0.01747131,0.01667786,0.02049255,0.01506805,0.89355469,0.01745605
test/ISIC_0035274.jpg,5,5,0.01939392,0.019104,0.02072144,0.0211792,0.01567078,0.88867188,0.01538849
test/ISIC_0035209.jpg,5,5,0.02102661,0.01942444,0.0188446,0.02229309,0.01669312,0.88574219,0.0158844
test/ISIC_0035934.jpg,4,2,0.019104,0.01263428,0.81152344,0.01704407,0.01508331,0.10552979,0.01921082
test/ISIC_0035809.jpg,5,2,0.02429199,0.01867676,0.8046875,0.02127075,0.02093506,0.09173584,0.01843262
test/ISIC_0036012.jpg,4,4,0.025177,0.01942444,0.01794434,0.0219574,0.88232422,0.01612854,0.01695251
test/ISIC_0034985.jpg,5,5,0.0304718,0.02357483,0.02482605,0.03149414,0.0189209,0.8515625,0.01939392
test/ISIC_0034726.jpg,5,5,0.01858521,0.01719666,0.01675415,0.02005005,0.01506042,0.89501953,0.01756287
test/ISIC_0035829.jpg,2,4,0.02224731,0.01727295,0.01413727,0.02288818,0.84619141,0.06054688,0.01660156
test/ISIC_0034730.jpg,5,5,0.01806641,0.0165863,0.01739502,0.01812744,0.16918945,0.74609375,0.01438141
test/ISIC_0035856.jpg,5,5,0.02334595,0.01715088,0.01177979,0.01786804,0.02090454,0.89404297,0.01496887
test/ISIC_0034903.jpg,5,5,0.01879883,0.01829529,0.01730347,0.01913452,0.01348877,0.89404297,0.01875305
test/ISIC_0035949.jpg,2,2,0.01696777,0.0147934,0.83056641,0.01899719,0.02787781,0.07745361,0.01318359
test/ISIC_0035690.jpg,4,4,0.01622009,0.01506042,0.01861572,0.01878357,0.890625,0.02592468,0.0148468
test/ISIC_0034631.jpg,2,2,0.02371216,0.0308075,0.86669922,0.02180481,0.01828003,0.01364899,0.02514648
test/ISIC_0035981.jpg,5,5,0.02165222,0.02035522,0.01438141,0.0181427,0.01901245,0.89013672,0.01617432
test/ISIC_0034677.jpg,5,5,0.01872253,0.01861572,0.0178833,0.02261353,0.01421356,0.88964844,0.01838684
test/ISIC_0035528.jpg,5,5,0.02189636,0.01364136,0.01512146,0.01893616,0.01795959,0.88964844,0.02302551
test/ISIC_0035911.jpg,4,4,0.02464294,0.02789307,0.04431152,0.01876831,0.859375,0.01265717,0.0124588
test/ISIC_0034888.jpg,1,1,0.01786804,0.88378906,0.01507568,0.02325439,0.01968384,0.01850891,0.02178955
test/ISIC_0035670.jpg,4,4,0.03225708,0.01647949,0.02455139,0.02859497,0.56396484,0.31665039,0.01747131
test/ISIC_0035593.jpg,2,2,0.02586365,0.0355835,0.86474609,0.0287323,0.01517487,0.01154327,0.01843262
test/ISIC_0035850.jpg,5,5,0.02079773,0.01651001,0.01233673,0.015625,0.02023315,0.8984375,0.01620483
test/ISIC_0034874.jpg,4,4,0.02209473,0.01965332,0.01803589,0.02268982,0.87158203,0.02589417,0.02023315
test/ISIC_0035132.jpg,5,5,0.01889038,0.01091766,0.03735352,0.01287842,0.22802734,0.66894531,0.02285767
test/ISIC_0036045.jpg,5,4,0.0168457,0.01424408,0.01541138,0.01509857,0.84228516,0.08258057,0.01380157
test/ISIC_0034871.jpg,4,4,0.01873779,0.0181427,0.01992798,0.01756287,0.82958984,0.08056641,0.01557922
test/ISIC_0035121.jpg,5,5,0.02304077,0.02278137,0.02197266,0.02467346,0.01863098,0.86816406,0.02073669
test/ISIC_0036050.jpg,2,2,0.01649475,0.02334595,0.87353516,0.02215576,0.01100922,0.03405762,0.01925659
test/ISIC_0034529.jpg,4,4,0.01560211,0.01774597,0.02293396,0.02095032,0.890625,0.01625061,0.01583862
test/ISIC_0035581.jpg,5,5,0.01702881,0.01498413,0.01185608,0.01637268,0.0463562,0.87792969,0.01530457
test/ISIC_0034586.jpg,5,5,0.02578735,0.02192688,0.016922,0.02514648,0.01852417,0.87451172,0.01716614
test/ISIC_0035766.jpg,4,4,0.01612854,0.01693726,0.0174408,0.01522827,0.84423828,0.07531738,0.01468658
test/ISIC_0035065.jpg,5,5,0.01879883,0.01672363,0.01766968,0.02038574,0.01444244,0.89355469,0.01824951
test/ISIC_0035410.jpg,5,5,0.0236969,0.02322388,0.02455139,0.027771,0.01089478,0.8671875,0.02243042
test/ISIC_0035353.jpg,5,5,0.01771545,0.01623535,0.01599121,0.01873779,0.01683044,0.89892578,0.01568604
test/ISIC_0035042.jpg,3,3,0.0401001,0.02401733,0.02435303,0.85644531,0.01708984,0.02111816,0.01681519
test/ISIC_0035780.jpg,5,5,0.02088928,0.01731873,0.01381683,0.01719666,0.02206421,0.88769531,0.0209198
test/ISIC_0035265.jpg,5,0,0.68408203,0.01100922,0.04901123,0.02734375,0.05410767,0.15527344,0.01927185
test/ISIC_0034931.jpg,2,2,0.02069092,0.02235413,0.87597656,0.01992798,0.02127075,0.01622009,0.02348328
test/ISIC_0035775.jpg,5,5,0.01332855,0.02661133,0.00812531,0.04003906,0.05554199,0.80322266,0.05303955
test/ISIC_0035009.jpg,5,5,0.01774597,0.01583862,0.01021576,0.01625061,0.06994629,0.85351562,0.01629639
test/ISIC_0034657.jpg,4,5,0.02160645,0.01594543,0.01538086,0.01705933,0.33398438,0.58056641,0.0153656
test/ISIC_0035892.jpg,5,5,0.02108765,0.01811218,0.01673889,0.01396942,0.03289795,0.88134766,0.01583862
test/ISIC_0035370.jpg,5,4,0.0224762,0.01803589,0.02119446,0.01568604,0.51611328,0.38574219,0.02056885
test/ISIC_0035655.jpg,2,5,0.02323914,0.02005005,0.02497864,0.02522278,0.0165863,0.87402344,0.01576233
test/ISIC_0034773.jpg,5,2,0.02430725,0.02072144,0.51708984,0.01797485,0.02862549,0.3737793,0.01747131
test/ISIC_0035645.jpg,2,1,0.01721191,0.82666016,0.05545044,0.02107239,0.04187012,0.01826477,0.01957703
test/ISIC_0034918.jpg,4,4,0.01750183,0.01657104,0.01398468,0.01625061,0.70947266,0.20788574,0.01824951
test/ISIC_0035175.jpg,5,5,0.01890564,0.019104,0.02165222,0.02096558,0.0149765,0.88623047,0.01792908
test/ISIC_0034966.jpg,1,1,0.0160675,0.68017578,0.10510254,0.01161194,0.08728027,0.02532959,0.07434082
test/ISIC_0035586.jpg,1,6,0.01190948,0.35400391,0.01885986,0.01512909,0.01051331,0.03179932,0.55810547
test/ISIC_0035097.jpg,5,4,0.01982117,0.01617432,0.0224762,0.0246582,0.83203125,0.05477905,0.03031921
test/ISIC_0035139.jpg,4,4,0.02165222,0.02165222,0.01712036,0.01985168,0.81787109,0.08795166,0.01405334
test/ISIC_0036029.jpg,4,4,0.02603149,0.01320648,0.01476288,0.06835938,0.75439453,0.06234741,0.06100464
test/ISIC_0035045.jpg,5,5,0.01713562,0.016922,0.01547241,0.0193634,0.01657104,0.89697266,0.0176239
test/ISIC_0034878.jpg,5,5,0.02253723,0.0202179,0.01979065,0.02189636,0.01509094,0.88378906,0.01657104
test/ISIC_0035272.jpg,5,5,0.02111816,0.01015472,0.01725769,0.02386475,0.04275513,0.86962891,0.01534271
test/ISIC_0035754.jpg,2,2,0.01908875,0.01123047,0.88183594,0.01947021,0.03982544,0.01643372,0.01210022
test/ISIC_0035030.jpg,5,5,0.02049255,0.0189209,0.01875305,0.0202179,0.0158844,0.89013672,0.01547241
test/ISIC_0035163.jpg,2,2,0.01799011,0.01786804,0.88720703,0.02220154,0.01261902,0.0249939,0.01733398
test/ISIC_0035784.jpg,5,5,0.02391052,0.02645874,0.01469421,0.02090454,0.01921082,0.87939453,0.01521301
test/ISIC_0035768.jpg,2,2,0.01422119,0.0241394,0.58007812,0.02279663,0.17834473,0.16931152,0.01085663
test/ISIC_0036037.jpg,5,4,0.01968384,0.03793335,0.0209198,0.02217102,0.80322266,0.07788086,0.01829529
test/ISIC_0035299.jpg,5,5,0.01800537,0.01538086,0.0133667,0.0191803,0.03649902,0.87988281,0.01771545
test/ISIC_0035219.jpg,5,5,0.01850891,0.01797485,0.01661682,0.02009583,0.01511383,0.89404297,0.0177002
test/ISIC_0035700.jpg,4,4,0.01364136,0.01174164,0.02641296,0.01472473,0.86572266,0.05566406,0.0118866
test/ISIC_0035215.jpg,5,5,0.0214386,0.01927185,0.01954651,0.02189636,0.01957703,0.87744141,0.02104187
test/ISIC_0035146.jpg,5,5,0.01637268,0.01782227,0.01365662,0.01780701,0.04544067,0.87451172,0.01435852
test/ISIC_0035846.jpg,4,2,0.0146637,0.01567078,0.71337891,0.01525879,0.18212891,0.04510498,0.01387787
test/ISIC_0035453.jpg,5,5,0.02073669,0.01707458,0.01815796,0.02124023,0.01296234,0.890625,0.01930237
test/ISIC_0034689.jpg,5,5,0.01774597,0.01867676,0.01783752,0.01905823,0.01596069,0.89306641,0.01774597
test/ISIC_0034561.jpg,2,2,0.01730347,0.01114655,0.88037109,0.01722717,0.02232361,0.03814697,0.01332092
test/ISIC_0035959.jpg,2,2,0.02302551,0.01869202,0.87841797,0.0202179,0.01405334,0.02523804,0.02055359
test/ISIC_0036047.jpg,5,5,0.02180481,0.0171814,0.01361847,0.01748657,0.01502228,0.8984375,0.01654053
test/ISIC_0034932.jpg,5,5,0.0191803,0.02349854,0.01858521,0.02389526,0.02339172,0.86425781,0.02738953
test/ISIC_0036003.jpg,2,2,0.01157379,0.15234375,0.75634766,0.02113342,0.02186584,0.01137543,0.0252533
test/ISIC_0035797.jpg,5,2,0.02160645,0.01496124,0.84423828,0.02177429,0.02285767,0.05661011,0.01800537
test/ISIC_0034849.jpg,2,2,0.01997375,0.0194397,0.87890625,0.02253723,0.01702881,0.01783752,0.02438354
test/ISIC_0035887.jpg,4,4,0.02142334,0.01734924,0.0164032,0.01982117,0.88183594,0.01683044,0.02630615
test/ISIC_0035787.jpg,2,2,0.0181427,0.01631165,0.89208984,0.01934814,0.0174408,0.01628113,0.02053833
test/ISIC_0036062.jpg,0,4,0.06500244,0.01844788,0.30566406,0.01966858,0.55810547,0.02603149,0.00703049
test/ISIC_0035636.jpg,4,4,0.01922607,0.01734924,0.04605103,0.01522827,0.80273438,0.08477783,0.0147171
test/ISIC_0035317.jpg,0,5,0.18005371,0.0219574,0.03713989,0.01634216,0.14099121,0.58300781,0.02053833
test/ISIC_0035165.jpg,5,5,0.02008057,0.02078247,0.01779175,0.02070618,0.01638794,0.88769531,0.01663208
test/ISIC_0035213.jpg,5,5,0.0198822,0.01722717,0.01473236,0.01861572,0.43579102,0.47192383,0.02186584
test/ISIC_0035283.jpg,5,5,0.01593018,0.01583862,0.01597595,0.0153656,0.06030273,0.86328125,0.01348877
test/ISIC_0035289.jpg,5,5,0.02059937,0.01832581,0.01543427,0.01907349,0.03320312,0.87158203,0.02163696
test/ISIC_0035160.jpg,5,5,0.01998901,0.02513123,0.01824951,0.02633667,0.01589966,0.87353516,0.02076721
test/ISIC_0035133.jpg,5,5,0.02087402,0.01982117,0.01568604,0.01782227,0.03710938,0.87011719,0.01870728
test/ISIC_0034811.jpg,5,5,0.0144043,0.0134964,0.0089035,0.0151062,0.0161438,0.80371094,0.12841797
test/ISIC_0035360.jpg,3,3,0.02006531,0.01971436,0.02252197,0.88134766,0.01885986,0.01966858,0.01777649
test/ISIC_0035264.jpg,2,2,0.01702881,0.01625061,0.88769531,0.02017212,0.0249176,0.01413727,0.01974487
test/ISIC_0035758.jpg,5,5,0.01887512,0.01651001,0.0120163,0.01468658,0.04626465,0.87548828,0.0163269
test/ISIC_0035352.jpg,5,5,0.01997375,0.01872253,0.01927185,0.02020264,0.01574707,0.88867188,0.01763916
test/ISIC_0034698.jpg,5,5,0.01785278,0.01734924,0.01860046,0.01976013,0.01385498,0.89550781,0.01687622
test/ISIC_0035116.jpg,5,5,0.01773071,0.0176239,0.02224731,0.01719666,0.01412201,0.89697266,0.0139389
test/ISIC_0034781.jpg,5,5,0.02589417,0.02073669,0.02018738,0.02587891,0.01895142,0.86425781,0.02389526
test/ISIC_0035043.jpg,2,2,0.02218628,0.01739502,0.88427734,0.02052307,0.01596069,0.02224731,0.01754761
test/ISIC_0034617.jpg,5,4,0.02172852,0.02618408,0.02809143,0.01737976,0.65234375,0.23950195,0.01459503
test/ISIC_0035684.jpg,5,5,0.0189209,0.0149765,0.01280212,0.01419067,0.04699707,0.87939453,0.01260376
test/ISIC_0035966.jpg,5,4,0.02102661,0.01759338,0.01777649,0.01701355,0.70751953,0.20043945,0.01875305
test/ISIC_0035033.jpg,1,1,0.02459717,0.8203125,0.05490112,0.02561951,0.01608276,0.04049683,0.01795959
test/ISIC_0035950.jpg,2,2,0.32788086,0.0131073,0.54980469,0.03161621,0.02880859,0.03277588,0.01593018
test/ISIC_0035032.jpg,2,2,0.01957703,0.01898193,0.88427734,0.0224762,0.01765442,0.01382446,0.02305603
test/ISIC_0035902.jpg,4,4,0.02844238,0.02275085,0.01895142,0.02427673,0.86767578,0.01812744,0.01974487
test/ISIC_0034843.jpg,5,5,0.01416779,0.01218414,0.02381897,0.01242065,0.04281616,0.88134766,0.01319122
test/ISIC_0035814.jpg,6,6,0.02139282,0.01695251,0.01370239,0.01528168,0.01583862,0.06005859,0.85693359
test/ISIC_0035551.jpg,5,5,0.01818848,0.01716614,0.01701355,0.01972961,0.01647949,0.89404297,0.01719666
test/ISIC_0035879.jpg,5,5,0.02006531,0.01902771,0.27270508,0.01378632,0.14855957,0.51269531,0.0129776
test/ISIC_0034912.jpg,5,5,0.02124023,0.01960754,0.02098083,0.02156067,0.01763916,0.88183594,0.01698303
test/ISIC_0035744.jpg,1,1,0.01184082,0.87158203,0.01669312,0.01248169,0.05529785,0.0165863,0.01561737
test/ISIC_0035542.jpg,5,5,0.01843262,0.01838684,0.01548767,0.0202179,0.02278137,0.88720703,0.01757812
test/ISIC_0034702.jpg,5,5,0.0223999,0.01945496,0.01925659,0.01945496,0.01722717,0.88232422,0.02009583
test/ISIC_0035271.jpg,4,4,0.0173645,0.01605225,0.02688599,0.01712036,0.86865234,0.02238464,0.0317688
test/ISIC_0034823.jpg,5,5,0.01820374,0.01824951,0.02156067,0.02337646,0.01451111,0.88427734,0.01997375
test/ISIC_0034990.jpg,5,5,0.0218811,0.02172852,0.0181427,0.02134705,0.01953125,0.88134766,0.01620483
test/ISIC_0035384.jpg,5,5,0.01876831,0.02226257,0.0136261,0.02204895,0.02017212,0.88720703,0.01594543
test/ISIC_0035362.jpg,4,4,0.02290344,0.02435303,0.0211792,0.02128601,0.88037109,0.01890564,0.01110077
test/ISIC_0035733.jpg,1,1,0.01451111,0.88916016,0.01625061,0.01974487,0.02182007,0.01812744,0.02053833
test/ISIC_0035036.jpg,5,5,0.02278137,0.01773071,0.01986694,0.02050781,0.01745605,0.88476562,0.016922
test/ISIC_0034853.jpg,5,5,0.02166748,0.02095032,0.01760864,0.02293396,0.01251221,0.88720703,0.01698303
test/ISIC_0034961.jpg,0,0,0.87939453,0.01934814,0.01809692,0.02432251,0.01391602,0.01517487,0.02958679
test/ISIC_0035443.jpg,0,0,0.70117188,0.06512451,0.17053223,0.0138855,0.0138092,0.01629639,0.01908875
test/ISIC_0034837.jpg,5,5,0.01824951,0.01867676,0.01745605,0.02314758,0.01548767,0.88671875,0.02006531
test/ISIC_0035672.jpg,5,5,0.0198822,0.01580811,0.01457214,0.01526642,0.01878357,0.89794922,0.01774597
test/ISIC_0035256.jpg,5,5,0.01942444,0.01966858,0.0168457,0.02178955,0.01689148,0.88818359,0.01731873
test/ISIC_0035941.jpg,5,5,0.01698303,0.01242828,0.04156494,0.01334381,0.20410156,0.70019531,0.01150513
test/ISIC_0035167.jpg,5,5,0.01873779,0.01971436,0.01844788,0.01908875,0.01873779,0.88964844,0.01567078
test/ISIC_0035004.jpg,2,2,0.01675415,0.01667786,0.87890625,0.01899719,0.0141449,0.03613281,0.01835632
test/ISIC_0035668.jpg,5,2,0.01727295,0.01791382,0.85498047,0.02151489,0.01274109,0.05523682,0.02027893
test/ISIC_0034817.jpg,4,5,0.01567078,0.01249695,0.00796509,0.01348114,0.07366943,0.79199219,0.08453369
test/ISIC_0035679.jpg,2,2,0.01153564,0.03997803,0.77929688,0.02601624,0.07202148,0.05438232,0.01672363
test/ISIC_0035475.jpg,6,6,0.01902771,0.01765442,0.01667786,0.01734924,0.01438904,0.01878357,0.89599609
test/ISIC_0035689.jpg,5,4,0.01849365,0.01557159,0.02030945,0.01686096,0.78417969,0.12805176,0.0165863
test/ISIC_0034622.jpg,2,2,0.01947021,0.01644897,0.89013672,0.01815796,0.01698303,0.01741028,0.0213623
test/ISIC_0035507.jpg,5,5,0.01913452,0.01992798,0.01747131,0.02281189,0.01651001,0.88769531,0.01661682
test/ISIC_0034905.jpg,6,6,0.01605225,0.01393127,0.01556396,0.25830078,0.02322388,0.01791382,0.65527344
test/ISIC_0035293.jpg,2,2,0.01921082,0.01612854,0.88720703,0.01747131,0.01719666,0.01997375,0.02262878
test/ISIC_0034603.jpg,5,4,0.0150528,0.01382446,0.02398682,0.01681519,0.859375,0.05621338,0.01494598
test/ISIC_0035868.jpg,4,5,0.02311707,0.01753235,0.01439667,0.01638794,0.42333984,0.48999023,0.01522064
test/ISIC_0035490.jpg,1,1,0.01611328,0.77148438,0.01371002,0.01895142,0.0267334,0.13256836,0.02041626
test/ISIC_0035988.jpg,5,2,0.02557373,0.02258301,0.55078125,0.02262878,0.01500702,0.34375,0.01982117
test/ISIC_0035473.jpg,5,5,0.0275116,0.0223999,0.02603149,0.03848267,0.01754761,0.85009766,0.01776123
test/ISIC_0035544.jpg,5,5,0.02293396,0.02102661,0.02093506,0.02502441,0.01548767,0.87646484,0.01800537
test/ISIC_0035753.jpg,2,2,0.01976013,0.01954651,0.89160156,0.01914978,0.01374054,0.01672363,0.01948547
test/ISIC_0036038.jpg,5,5,0.01846313,0.01693726,0.01363373,0.01882935,0.1472168,0.77246094,0.01243591
test/ISIC_0035267.jpg,5,5,0.01712036,0.0121994,0.11199951,0.01071167,0.40673828,0.42700195,0.01412201
test/ISIC_0035402.jpg,5,5,0.02008057,0.01875305,0.01582336,0.02252197,0.01638794,0.88964844,0.0165863
test/ISIC_0036010.jpg,5,5,0.02166748,0.02018738,0.01205444,0.02073669,0.06939697,0.8359375,0.01979065
test/ISIC_0035657.jpg,5,6,0.02868652,0.01893616,0.02197266,0.02174377,0.04623413,0.26220703,0.60009766
test/ISIC_0035244.jpg,5,5,0.01800537,0.01715088,0.01378632,0.01881409,0.02638245,0.88623047,0.01953125
test/ISIC_0034895.jpg,4,4,0.01893616,0.01811218,0.30737305,0.01832581,0.58886719,0.03475952,0.01368713
test/ISIC_0034535.jpg,2,2,0.01927185,0.01535797,0.75,0.02140808,0.15600586,0.02131653,0.01646423
test/ISIC_0035997.jpg,4,4,0.02362061,0.0218811,0.0178833,0.0194397,0.80371094,0.09637451,0.01715088
test/ISIC_0035361.jpg,5,5,0.01724243,0.01724243,0.01580811,0.02182007,0.01597595,0.89160156,0.02011108
test/ISIC_0035127.jpg,2,2,0.02107239,0.01390839,0.86425781,0.01452637,0.0294342,0.03250122,0.02407837
test/ISIC_0034559.jpg,5,5,0.01759338,0.01931763,0.01792908,0.02116394,0.01496124,0.89208984,0.01687622
test/ISIC_0034739.jpg,6,6,0.02165222,0.01860046,0.02078247,0.01831055,0.01638794,0.01428986,0.89013672
test/ISIC_0034858.jpg,6,6,0.0131073,0.07348633,0.06414795,0.01163483,0.02958679,0.03182983,0.77636719
test/ISIC_0034565.jpg,1,1,0.01794434,0.72167969,0.08312988,0.01508331,0.10290527,0.04315186,0.01594543
test/ISIC_0035259.jpg,3,1,0.03393555,0.35180664,0.01213074,0.03601074,0.33837891,0.09002686,0.13769531
test/ISIC_0035937.jpg,2,2,0.03225708,0.02296448,0.67480469,0.02389526,0.02122498,0.20544434,0.01950073
test/ISIC_0035208.jpg,5,5,0.01838684,0.01585388,0.0206604,0.01882935,0.02445984,0.88720703,0.01441956
test/ISIC_0035889.jpg,4,4,0.01422119,0.01228333,0.02609253,0.01530457,0.88916016,0.02629089,0.01663208
test/ISIC_0035234.jpg,5,5,0.02035522,0.01924133,0.01739502,0.02064514,0.01785278,0.88720703,0.01716614
test/ISIC_0036007.jpg,3,3,0.01435089,0.01173401,0.01663208,0.82177734,0.05511475,0.06124878,0.01904297
test/ISIC_0035336.jpg,5,5,0.01540375,0.01795959,0.01066589,0.01494598,0.03424072,0.88818359,0.01864624
test/ISIC_0034743.jpg,5,5,0.01789856,0.03399658,0.07788086,0.02368164,0.00924683,0.81152344,0.02578735
test/ISIC_0035300.jpg,5,5,0.02011108,0.01763916,0.01745605,0.02186584,0.01545715,0.89160156,0.01609802
test/ISIC_0035389.jpg,1,2,0.2734375,0.05718994,0.52490234,0.01759338,0.02941895,0.0319519,0.06555176
test/ISIC_0035035.jpg,2,2,0.01664734,0.01361084,0.89550781,0.01763916,0.01573181,0.0202179,0.02049255
test/ISIC_0035309.jpg,5,5,0.02168274,0.01858521,0.01800537,0.01875305,0.01454163,0.89404297,0.01450348
test/ISIC_0035638.jpg,5,5,0.02053833,0.01856995,0.01817322,0.02740479,0.01387787,0.88671875,0.01493835
test/ISIC_0035074.jpg,5,5,0.01971436,0.01858521,0.01528931,0.02314758,0.015625,0.89013672,0.01730347
test/ISIC_0034679.jpg,1,1,0.01400757,0.89501953,0.01617432,0.01895142,0.01800537,0.01550293,0.02241516
test/ISIC_0034865.jpg,5,5,0.01713562,0.01660156,0.01661682,0.02011108,0.01580811,0.89697266,0.01661682
test/ISIC_0034863.jpg,4,4,0.02183533,0.01998901,0.0231781,0.02107239,0.87011719,0.02682495,0.01678467
test/ISIC_0035468.jpg,1,1,0.01329041,0.85351562,0.02304077,0.01131439,0.05123901,0.02459717,0.02296448
test/ISIC_0035415.jpg,1,1,0.02755737,0.87988281,0.01467896,0.01905823,0.01885986,0.01741028,0.02252197
test/ISIC_0034780.jpg,5,5,0.01669312,0.01663208,0.01373291,0.05960083,0.01257324,0.86230469,0.01869202
test/ISIC_0035348.jpg,0,4,0.27905273,0.01733398,0.03295898,0.02398682,0.60986328,0.01802063,0.01878357
test/ISIC_0035263.jpg,4,4,0.02275085,0.01846313,0.01774597,0.020401,0.85449219,0.0446167,0.02166748
test/ISIC_0035397.jpg,4,4,0.02708435,0.02200317,0.0319519,0.0173645,0.86376953,0.02522278,0.0125885
test/ISIC_0034759.jpg,1,1,0.02078247,0.88134766,0.01334381,0.02305603,0.01502991,0.01722717,0.02900696
test/ISIC_0034997.jpg,2,2,0.01538086,0.01261902,0.80273438,0.0178833,0.02398682,0.11328125,0.01437378
test/ISIC_0034971.jpg,4,4,0.02203369,0.02081299,0.01603699,0.02052307,0.87304688,0.02929688,0.01812744
test/ISIC_0035646.jpg,5,5,0.0193634,0.01817322,0.01565552,0.01971436,0.01768494,0.89355469,0.01585388
test/ISIC_0035007.jpg,5,5,0.01791382,0.01698303,0.01916504,0.01921082,0.01369476,0.89648438,0.01644897
test/ISIC_0034671.jpg,5,5,0.01976013,0.01812744,0.01893616,0.02030945,0.01552582,0.88964844,0.01745605
test/ISIC_0035808.jpg,5,5,0.02290344,0.02148438,0.02528381,0.01776123,0.01317596,0.8828125,0.01634216
test/ISIC_0035331.jpg,2,2,0.0269165,0.25219727,0.65429688,0.02035522,0.0174408,0.01623535,0.01242065
test/ISIC_0034672.jpg,5,5,0.02296448,0.01791382,0.01603699,0.01469421,0.22314453,0.68212891,0.02301025
test/ISIC_0034835.jpg,5,5,0.01963806,0.01858521,0.0201416,0.02270508,0.01570129,0.88574219,0.01754761
test/ISIC_0035258.jpg,2,2,0.01596069,0.01319885,0.50048828,0.02076721,0.3737793,0.06079102,0.01498413
test/ISIC_0034721.jpg,5,5,0.01942444,0.01434326,0.02601624,0.01577759,0.01190186,0.89648438,0.01596069
test/ISIC_0035198.jpg,5,5,0.02171326,0.0191803,0.02241516,0.02183533,0.01730347,0.88183594,0.01548767
test/ISIC_0036048.jpg,5,5,0.02430725,0.02456665,0.01573181,0.02787781,0.01689148,0.87353516,0.01705933
test/ISIC_0034857.jpg,5,5,0.02410889,0.01947021,0.01849365,0.02352905,0.01383209,0.88232422,0.01829529
test/ISIC_0034829.jpg,5,5,0.01824951,0.01771545,0.01905823,0.0216217,0.01491547,0.88964844,0.01898193
test/ISIC_0034549.jpg,6,6,0.01597595,0.02041626,0.01207733,0.01908875,0.01028442,0.06323242,0.85888672
test/ISIC_0034688.jpg,5,5,0.02043152,0.01302338,0.01364899,0.01921082,0.02011108,0.89794922,0.01556396
test/ISIC_0034872.jpg,5,5,0.02104187,0.01820374,0.01776123,0.02157593,0.01493073,0.88916016,0.01716614
test/ISIC_0034786.jpg,5,5,0.01901245,0.01352692,0.01876831,0.01410675,0.17102051,0.74658203,0.01695251
test/ISIC_0034524.jpg,5,5,0.01930237,0.0188446,0.01925659,0.0216217,0.01548767,0.88720703,0.01832581
test/ISIC_0035671.jpg,5,5,0.02064514,0.01333618,0.00972748,0.0181427,0.11834717,0.80517578,0.0144043
test/ISIC_0035471.jpg,2,2,0.01532745,0.01546478,0.85644531,0.02191162,0.01165771,0.06228638,0.01702881
test/ISIC_0035432.jpg,1,1,0.01602173,0.89941406,0.0234375,0.01829529,0.01475525,0.01210022,0.01574707
test/ISIC_0035476.jpg,5,5,0.02134705,0.02171326,0.01838684,0.02241516,0.01467896,0.88574219,0.01577759
test/ISIC_0034859.jpg,4,4,0.0196228,0.02020264,0.02548218,0.02223206,0.87841797,0.01828003,0.01565552
test/ISIC_0035555.jpg,5,5,0.01708984,0.02062988,0.01522064,0.01933289,0.02456665,0.88476562,0.01852417
test/ISIC_0035444.jpg,5,5,0.02052307,0.0163269,0.02809143,0.01974487,0.0319519,0.86865234,0.01483154
test/ISIC_0034525.jpg,5,5,0.01795959,0.01527405,0.01345062,0.06219482,0.06689453,0.81054688,0.01373291
test/ISIC_0034646.jpg,2,2,0.02233887,0.02189636,0.87207031,0.02426147,0.01760864,0.01531982,0.02633667
test/ISIC_0035225.jpg,5,4,0.0124054,0.01155853,0.03060913,0.01580811,0.86523438,0.04940796,0.01486969
test/ISIC_0035804.jpg,5,5,0.02137756,0.02027893,0.01459503,0.01791382,0.09246826,0.81787109,0.01532745
test/ISIC_0035422.jpg,5,5,0.02571106,0.02282715,0.01905823,0.02452087,0.01541138,0.87402344,0.01860046
test/ISIC_0035895.jpg,5,5,0.02290344,0.02182007,0.01881409,0.01843262,0.01902771,0.88378906,0.01543427
test/ISIC_0034700.jpg,5,5,0.01992798,0.01899719,0.01721191,0.02380371,0.01529694,0.88671875,0.01821899
test/ISIC_0034661.jpg,5,5,0.0194397,0.01583862,0.01138306,0.01737976,0.01612854,0.89990234,0.01972961
test/ISIC_0035589.jpg,2,2,0.01699829,0.01373291,0.88183594,0.01908875,0.01343536,0.03384399,0.02102661
test/ISIC_0035923.jpg,4,4,0.02124023,0.0177002,0.01951599,0.01963806,0.83398438,0.01351929,0.07427979
test/ISIC_0034921.jpg,5,4,0.01602173,0.01742554,0.02142334,0.01965332,0.82324219,0.08563232,0.01678467
test/ISIC_0034528.jpg,5,5,0.01809692,0.01567078,0.08959961,0.01741028,0.01826477,0.82861328,0.01212311
test/ISIC_0035493.jpg,5,5,0.02122498,0.01438141,0.0094986,0.01731873,0.07281494,0.85107422,0.0138855
test/ISIC_0034558.jpg,5,5,0.02111816,0.01747131,0.01583862,0.01646423,0.31738281,0.59375,0.01795959
test/ISIC_0035098.jpg,5,5,0.01687622,0.0148468,0.01287842,0.01992798,0.01345825,0.90576172,0.01634216
test/ISIC_0035927.jpg,5,5,0.02334595,0.01885986,0.01625061,0.02279663,0.01364136,0.88525391,0.01982117
test/ISIC_0035338.jpg,3,3,0.01795959,0.01742554,0.01370239,0.47045898,0.02262878,0.44287109,0.0151062
test/ISIC_0036004.jpg,1,1,0.01209259,0.84521484,0.0453186,0.01363373,0.02278137,0.03128052,0.02957153
test/ISIC_0035897.jpg,5,5,0.0174408,0.01434326,0.02209473,0.01334381,0.34375,0.57470703,0.0142746
test/ISIC_0035858.jpg,5,5,0.01826477,0.01299286,0.01292419,0.01293945,0.02529907,0.89941406,0.01824951
test/ISIC_0035520.jpg,5,5,0.02456665,0.01971436,0.01663208,0.02635193,0.01197815,0.87402344,0.02690125
test/ISIC_0035037.jpg,2,2,0.02404785,0.01593018,0.8671875,0.02780151,0.0199585,0.02459717,0.02056885
test/ISIC_0035660.jpg,1,1,0.01855469,0.88037109,0.01657104,0.02375793,0.02140808,0.0177002,0.02178955
test/ISIC_0035266.jpg,5,5,0.02198792,0.01948547,0.01870728,0.02230835,0.01654053,0.88378906,0.01719666
test/ISIC_0035157.jpg,5,5,0.0176239,0.015625,0.01737976,0.01971436,0.01017761,0.8984375,0.02095032
test/ISIC_0034633.jpg,4,4,0.01037598,0.16479492,0.08111572,0.01499939,0.41723633,0.29833984,0.01306915
test/ISIC_0035543.jpg,5,5,0.01916504,0.01432037,0.01119232,0.01396942,0.03970337,0.88623047,0.01528168
test/ISIC_0034774.jpg,5,5,0.02072144,0.01649475,0.01574707,0.02122498,0.02005005,0.88085938,0.02488708
test/ISIC_0034975.jpg,5,5,0.01876831,0.01478577,0.01256561,0.01731873,0.01396942,0.89453125,0.02806091
test/ISIC_0035730.jpg,2,2,0.0147171,0.01245117,0.82128906,0.01705933,0.04684448,0.07568359,0.0118866
test/ISIC_0035005.jpg,5,5,0.02516174,0.01288605,0.01834106,0.01615906,0.23425293,0.68261719,0.01059723
test/ISIC_0035577.jpg,5,5,0.01541901,0.01342773,0.01069641,0.01506042,0.01183319,0.85400391,0.07971191
test/ISIC_0035686.jpg,5,5,0.01708984,0.01675415,0.01976013,0.01300812,0.11871338,0.80078125,0.01384735
test/ISIC_0035820.jpg,5,0,0.87304688,0.01513672,0.01136017,0.02044678,0.01895142,0.04318237,0.01765442
test/ISIC_0035788.jpg,5,5,0.01933289,0.01491547,0.01950073,0.01924133,0.02807617,0.88330078,0.01564026
test/ISIC_0035748.jpg,4,4,0.02153015,0.02157593,0.01889038,0.02384949,0.87207031,0.02163696,0.02049255
test/ISIC_0035383.jpg,5,5,0.02043152,0.02116394,0.0191803,0.02095032,0.01905823,0.8828125,0.01626587
test/ISIC_0034686.jpg,2,2,0.01945496,0.01597595,0.890625,0.0211792,0.01716614,0.01586914,0.01965332
test/ISIC_0035499.jpg,5,5,0.02070618,0.01745605,0.01977539,0.02087402,0.01412201,0.88867188,0.01817322
test/ISIC_0035425.jpg,5,4,0.01512146,0.0148468,0.1986084,0.01316833,0.58154297,0.16088867,0.01585388
test/ISIC_0035169.jpg,5,5,0.0196228,0.01815796,0.0171814,0.02059937,0.01534271,0.89111328,0.01777649
test/ISIC_0035257.jpg,5,5,0.02424622,0.05722046,0.01496887,0.02754211,0.01102448,0.81884766,0.04602051
test/ISIC_0035631.jpg,2,2,0.02577209,0.0140152,0.79736328,0.02203369,0.01734924,0.09606934,0.02731323
test/ISIC_0034769.jpg,5,5,0.01985168,0.01808167,0.0168457,0.02024841,0.05221558,0.85351562,0.01913452
test/ISIC_0036043.jpg,2,2,0.01890564,0.01496124,0.88378906,0.02410889,0.01330566,0.02163696,0.02328491
test/ISIC_0035011.jpg,5,5,0.0280304,0.02316284,0.01992798,0.02330017,0.01321411,0.87353516,0.01858521
test/ISIC_0035789.jpg,4,4,0.02677917,0.02462769,0.01820374,0.02774048,0.85302734,0.0266571,0.022995
test/ISIC_0035837.jpg,5,4,0.02047729,0.02073669,0.02061462,0.02012634,0.49169922,0.41088867,0.01565552
test/ISIC_0035287.jpg,0,0,0.88769531,0.02037048,0.02049255,0.02062988,0.01513672,0.01594543,0.01959229
test/ISIC_0035241.jpg,5,5,0.01896667,0.01533508,0.01282501,0.01571655,0.08514404,0.83837891,0.01371765
test/ISIC_0035201.jpg,5,5,0.02149963,0.01895142,0.01864624,0.02558899,0.01907349,0.87451172,0.0216217
test/ISIC_0036042.jpg,5,5,0.01820374,0.01634216,0.01312256,0.01774597,0.01568604,0.90136719,0.01741028
test/ISIC_0035460.jpg,4,4,0.02255249,0.0193634,0.01676941,0.02536011,0.87207031,0.02397156,0.01971436
test/ISIC_0035888.jpg,4,4,0.01721191,0.01600647,0.01216125,0.01432037,0.83544922,0.08081055,0.02404785
test/ISIC_0034760.jpg,1,2,0.02536011,0.21630859,0.3112793,0.03041077,0.27441406,0.11657715,0.02545166
test/ISIC_0035830.jpg,5,5,0.01837158,0.01976013,0.01873779,0.01815796,0.01654053,0.89355469,0.01472473
test/ISIC_0036053.jpg,2,2,0.0184021,0.01625061,0.89013672,0.01722717,0.01960754,0.01864624,0.01960754
test/ISIC_0035503.jpg,5,5,0.02114868,0.01994324,0.02244568,0.02064514,0.01509094,0.88378906,0.01670837
test/ISIC_0035886.jpg,5,5,0.01652527,0.01774597,0.01459503,0.02497864,0.01490784,0.89306641,0.0181427
test/ISIC_0034867.jpg,5,5,0.01759338,0.01602173,0.01468658,0.02032471,0.01776123,0.89355469,0.02011108
test/ISIC_0035729.jpg,3,0,0.75683594,0.01701355,0.02098083,0.15344238,0.01664734,0.0171051,0.01803589
test/ISIC_0035398.jpg,5,2,0.00983429,0.02684021,0.70214844,0.01971436,0.15856934,0.05874634,0.02389526
test/ISIC_0034945.jpg,5,5,0.02151489,0.0174408,0.01655579,0.02110291,0.01350403,0.88720703,0.02249146
test/ISIC_0034742.jpg,5,5,0.01739502,0.01560974,0.01296234,0.01968384,0.01974487,0.89941406,0.01516724
test/ISIC_0035983.jpg,5,5,0.02313232,0.02313232,0.01792908,0.01966858,0.01701355,0.88085938,0.01824951
test/ISIC_0036006.jpg,1,1,0.02372742,0.84912109,0.00990295,0.03240967,0.02987671,0.03753662,0.01748657
test/ISIC_0035790.jpg,1,5,0.01831055,0.06420898,0.26611328,0.03189087,0.04486084,0.52636719,0.04824829
test/ISIC_0035454.jpg,3,3,0.01564026,0.08135986,0.0152359,0.79833984,0.01937866,0.05386353,0.01599121
test/ISIC_0035347.jpg,5,5,0.0202179,0.01846313,0.01733398,0.02166748,0.01340485,0.89160156,0.01727295
test/ISIC_0035413.jpg,5,5,0.02934265,0.02374268,0.01889038,0.02441406,0.01705933,0.86865234,0.01812744
test/ISIC_0035498.jpg,5,5,0.01983643,0.01753235,0.0173645,0.02003479,0.01628113,0.89306641,0.01599121
test/ISIC_0034989.jpg,5,5,0.02146912,0.01876831,0.01617432,0.02172852,0.01535034,0.88916016,0.01742554
test/ISIC_0034685.jpg,2,4,0.02258301,0.01867676,0.02270508,0.02282715,0.8671875,0.02897644,0.0168457
test/ISIC_0035335.jpg,5,5,0.01965332,0.02081299,0.01525116,0.01893616,0.02801514,0.88183594,0.01542664
test/ISIC_0034658.jpg,5,5,0.01707458,0.01908875,0.01550293,0.02047729,0.01698303,0.89453125,0.01649475
test/ISIC_0035277.jpg,2,2,0.0144577,0.01652527,0.86376953,0.01579285,0.03503418,0.0362854,0.01792908
test/ISIC_0035552.jpg,3,3,0.02005005,0.01953125,0.02046204,0.88085938,0.02122498,0.01799011,0.01986694
test/ISIC_0034745.jpg,5,5,0.01945496,0.01672363,0.01239777,0.02027893,0.01345062,0.90136719,0.01631165
test/ISIC_0034765.jpg,5,5,0.0151062,0.01763916,0.08374023,0.0125351,0.23193359,0.625,0.01409149
test/ISIC_0035075.jpg,2,2,0.02360535,0.01445007,0.85839844,0.03442383,0.01561737,0.0385437,0.01509094
test/ISIC_0035148.jpg,5,5,0.02206421,0.02391052,0.03363037,0.02790833,0.0736084,0.79003906,0.02879333
test/ISIC_0035617.jpg,5,5,0.04104614,0.0189209,0.02870178,0.02108765,0.0164032,0.85742188,0.0165863
test/ISIC_0035932.jpg,2,5,0.01301575,0.01315308,0.03533936,0.01389313,0.16577148,0.74462891,0.01425171
test/ISIC_0035634.jpg,2,2,0.0094986,0.21777344,0.59912109,0.02111816,0.02244568,0.0275116,0.10253906
test/ISIC_0035103.jpg,5,5,0.0188446,0.0184021,0.01559448,0.01992798,0.01657104,0.89208984,0.01844788
test/ISIC_0035649.jpg,5,5,0.02111816,0.02020264,0.01979065,0.02175903,0.01686096,0.87988281,0.02059937
test/ISIC_0035901.jpg,1,1,0.02018738,0.87548828,0.04196167,0.01594543,0.02018738,0.01019287,0.01582336
test/ISIC_0035822.jpg,5,5,0.01766968,0.01254272,0.0198822,0.01443481,0.20068359,0.72314453,0.01151276