
Loading weights:   0%|          | 0/199 [00:00<?, ?it/s]
Loading weights:   1%|          | 1/199 [00:00<00:00, 13751.82it/s, Materializing param=embeddings.LayerNorm.bias]
Loading weights:   1%|          | 1/199 [00:00<00:00, 2792.48it/s, Materializing param=embeddings.LayerNorm.bias] 
Loading weights:   1%|          | 2/199 [00:00<00:00, 3052.62it/s, Materializing param=embeddings.LayerNorm.weight]
Loading weights:   1%|          | 2/199 [00:00<00:00, 2211.02it/s, Materializing param=embeddings.LayerNorm.weight]
Loading weights:   2%|▏         | 3/199 [00:00<00:00, 2869.54it/s, Materializing param=embeddings.position_embeddings.weight]
Loading weights:   2%|▏         | 3/199 [00:00<00:03, 63.18it/s, Materializing param=embeddings.position_embeddings.weight]  
Loading weights:   2%|▏         | 4/199 [00:00<00:02, 82.68it/s, Materializing param=embeddings.token_type_embeddings.weight]
Loading weights:   2%|▏         | 4/199 [00:00<00:02, 82.50it/s, Materializing param=embeddings.token_type_embeddings.weight]
Loading weights:   3%|▎         | 5/199 [00:00<00:01, 102.48it/s, Materializing param=embeddings.word_embeddings.weight]     
Loading weights:   3%|▎         | 5/199 [00:00<00:01, 102.21it/s, Materializing param=embeddings.word_embeddings.weight]
Loading weights:   3%|▎         | 6/199 [00:00<00:01, 121.76it/s, Materializing param=encoder.layer.0.attention.output.LayerNorm.bias]
Loading weights:   3%|▎         | 6/199 [00:00<00:01, 120.88it/s, Materializing param=encoder.layer.0.attention.output.LayerNorm.bias]
Loading weights:   4%|▎         | 7/199 [00:00<00:02, 89.10it/s, Materializing param=encoder.layer.0.attention.output.LayerNorm.weight]
Loading weights:   4%|▎         | 7/199 [00:00<00:02, 88.60it/s, Materializing param=encoder.layer.0.attention.output.LayerNorm.weight]
Loading weights:   4%|▍         | 8/199 [00:00<00:02, 72.90it/s, Materializing param=encoder.layer.0.attention.output.LayerNorm.weight]
Loading weights:   4%|▍         | 8/199 [00:00<00:02, 72.90it/s, Materializing param=encoder.layer.0.attention.output.dense.bias]      
Loading weights:   4%|▍         | 8/199 [00:00<00:02, 72.90it/s, Materializing param=encoder.layer.0.attention.output.dense.bias]
Loading weights:   5%|▍         | 9/199 [00:00<00:02, 72.90it/s, Materializing param=encoder.layer.0.attention.output.dense.weight]
Loading weights:   5%|▍         | 9/199 [00:00<00:02, 72.90it/s, Materializing param=encoder.layer.0.attention.output.dense.weight]
Loading weights:   5%|▌         | 10/199 [00:00<00:02, 72.90it/s, Materializing param=encoder.layer.0.attention.self.key.bias]     
Loading weights:   5%|▌         | 10/199 [00:00<00:02, 72.90it/s, Materializing param=encoder.layer.0.attention.self.key.bias]
Loading weights:   6%|▌         | 11/199 [00:00<00:02, 72.90it/s, Materializing param=encoder.layer.0.attention.self.key.weight]
Loading weights:   6%|▌         | 11/199 [00:00<00:02, 72.90it/s, Materializing param=encoder.layer.0.attention.self.key.weight]
Loading weights:   6%|▌         | 12/199 [00:00<00:02, 72.90it/s, Materializing param=encoder.layer.0.attention.self.query.bias]
Loading weights:   6%|▌         | 12/199 [00:00<00:02, 72.90it/s, Materializing param=encoder.layer.0.attention.self.query.bias]
Loading weights:   7%|▋         | 13/199 [00:00<00:02, 72.90it/s, Materializing param=encoder.layer.0.attention.self.query.weight]
Loading weights:   7%|▋         | 13/199 [00:00<00:02, 72.90it/s, Materializing param=encoder.layer.0.attention.self.query.weight]
Loading weights:   7%|▋         | 14/199 [00:00<00:02, 72.90it/s, Materializing param=encoder.layer.0.attention.self.value.bias]  
Loading weights:   7%|▋         | 14/199 [00:00<00:02, 72.90it/s, Materializing param=encoder.layer.0.attention.self.value.bias]
Loading weights:   8%|▊         | 15/199 [00:00<00:02, 72.90it/s, Materializing param=encoder.layer.0.attention.self.value.weight]
Loading weights:   8%|▊         | 15/199 [00:00<00:02, 72.90it/s, Materializing param=encoder.layer.0.attention.self.value.weight]
Loading weights:   8%|▊         | 16/199 [00:00<00:02, 72.90it/s, Materializing param=encoder.layer.0.intermediate.dense.bias]    
Loading weights:   8%|▊         | 16/199 [00:00<00:02, 72.90it/s, Materializing param=encoder.layer.0.intermediate.dense.bias]
Loading weights:   9%|▊         | 17/199 [00:00<00:02, 72.90it/s, Materializing param=encoder.layer.0.intermediate.dense.weight]
Loading weights:   9%|▊         | 17/199 [00:00<00:02, 72.90it/s, Materializing param=encoder.layer.0.intermediate.dense.weight]
Loading weights:   9%|▉         | 18/199 [00:00<00:02, 72.90it/s, Materializing param=encoder.layer.0.output.LayerNorm.bias]    
Loading weights:   9%|▉         | 18/199 [00:00<00:02, 72.90it/s, Materializing param=encoder.layer.0.output.LayerNorm.bias]
Loading weights:  10%|▉         | 19/199 [00:00<00:02, 72.90it/s, Materializing param=encoder.layer.0.output.LayerNorm.weight]
Loading weights:  10%|▉         | 19/199 [00:00<00:02, 72.90it/s, Materializing param=encoder.layer.0.output.LayerNorm.weight]
Loading weights:  10%|█         | 20/199 [00:00<00:02, 72.90it/s, Materializing param=encoder.layer.0.output.dense.bias]      
Loading weights:  10%|█         | 20/199 [00:00<00:02, 72.90it/s, Materializing param=encoder.layer.0.output.dense.bias]
Loading weights:  11%|█         | 21/199 [00:00<00:01, 104.23it/s, Materializing param=encoder.layer.0.output.dense.bias]
Loading weights:  11%|█         | 21/199 [00:00<00:01, 104.23it/s, Materializing param=encoder.layer.0.output.dense.weight]
Loading weights:  11%|█         | 21/199 [00:00<00:01, 104.23it/s, Materializing param=encoder.layer.0.output.dense.weight]
Loading weights:  11%|█         | 22/199 [00:00<00:01, 104.23it/s, Materializing param=encoder.layer.1.attention.output.LayerNorm.bias]
Loading weights:  11%|█         | 22/199 [00:00<00:01, 104.23it/s, Materializing param=encoder.layer.1.attention.output.LayerNorm.bias]
Loading weights:  12%|█▏        | 23/199 [00:00<00:01, 104.23it/s, Materializing param=encoder.layer.1.attention.output.LayerNorm.weight]
Loading weights:  12%|█▏        | 23/199 [00:00<00:01, 104.23it/s, Materializing param=encoder.layer.1.attention.output.LayerNorm.weight]
Loading weights:  12%|█▏        | 24/199 [00:00<00:01, 104.23it/s, Materializing param=encoder.layer.1.attention.output.dense.bias]      
Loading weights:  12%|█▏        | 24/199 [00:00<00:01, 104.23it/s, Materializing param=encoder.layer.1.attention.output.dense.bias]
Loading weights:  13%|█▎        | 25/199 [00:00<00:01, 104.23it/s, Materializing param=encoder.layer.1.attention.output.dense.weight]
Loading weights:  13%|█▎        | 25/199 [00:00<00:01, 104.23it/s, Materializing param=encoder.layer.1.attention.output.dense.weight]
Loading weights:  13%|█▎        | 26/199 [00:00<00:01, 104.23it/s, Materializing param=encoder.layer.1.attention.self.key.bias]      
Loading weights:  13%|█▎        | 26/199 [00:00<00:01, 104.23it/s, Materializing param=encoder.layer.1.attention.self.key.bias]
Loading weights:  14%|█▎        | 27/199 [00:00<00:01, 104.23it/s, Materializing param=encoder.layer.1.attention.self.key.weight]
Loading weights:  14%|█▎        | 27/199 [00:00<00:01, 104.23it/s, Materializing param=encoder.layer.1.attention.self.key.weight]
Loading weights:  14%|█▍        | 28/199 [00:00<00:01, 104.23it/s, Materializing param=encoder.layer.1.attention.self.query.bias]
Loading weights:  14%|█▍        | 28/199 [00:00<00:01, 104.23it/s, Materializing param=encoder.layer.1.attention.self.query.bias]
Loading weights:  15%|█▍        | 29/199 [00:00<00:01, 104.23it/s, Materializing param=encoder.layer.1.attention.self.query.weight]
Loading weights:  15%|█▍        | 29/199 [00:00<00:01, 104.23it/s, Materializing param=encoder.layer.1.attention.self.query.weight]
Loading weights:  15%|█▌        | 30/199 [00:00<00:01, 104.23it/s, Materializing param=encoder.layer.1.attention.self.value.bias]  
Loading weights:  15%|█▌        | 30/199 [00:00<00:01, 104.23it/s, Materializing param=encoder.layer.1.attention.self.value.bias]
Loading weights:  16%|█▌        | 31/199 [00:00<00:01, 104.23it/s, Materializing param=encoder.layer.1.attention.self.value.weight]
Loading weights:  16%|█▌        | 31/199 [00:00<00:01, 104.23it/s, Materializing param=encoder.layer.1.attention.self.value.weight]
Loading weights:  16%|█▌        | 32/199 [00:00<00:01, 104.23it/s, Materializing param=encoder.layer.1.intermediate.dense.bias]    
Loading weights:  16%|█▌        | 32/199 [00:00<00:01, 104.23it/s, Materializing param=encoder.layer.1.intermediate.dense.bias]
Loading weights:  17%|█▋        | 33/199 [00:00<00:01, 104.23it/s, Materializing param=encoder.layer.1.intermediate.dense.weight]
Loading weights:  17%|█▋        | 33/199 [00:00<00:01, 104.23it/s, Materializing param=encoder.layer.1.intermediate.dense.weight]
Loading weights:  17%|█▋        | 34/199 [00:00<00:01, 104.23it/s, Materializing param=encoder.layer.1.output.LayerNorm.bias]    
Loading weights:  17%|█▋        | 34/199 [00:00<00:01, 104.23it/s, Materializing param=encoder.layer.1.output.LayerNorm.bias]
Loading weights:  18%|█▊        | 35/199 [00:00<00:01, 104.23it/s, Materializing param=encoder.layer.1.output.LayerNorm.weight]
Loading weights:  18%|█▊        | 35/199 [00:00<00:01, 104.23it/s, Materializing param=encoder.layer.1.output.LayerNorm.weight]
Loading weights:  18%|█▊        | 36/199 [00:00<00:01, 104.23it/s, Materializing param=encoder.layer.1.output.dense.bias]      
Loading weights:  18%|█▊        | 36/199 [00:00<00:01, 104.23it/s, Materializing param=encoder.layer.1.output.dense.bias]
Loading weights:  19%|█▊        | 37/199 [00:00<00:01, 104.23it/s, Materializing param=encoder.layer.1.output.dense.weight]
Loading weights:  19%|█▊        | 37/199 [00:00<00:01, 104.23it/s, Materializing param=encoder.layer.1.output.dense.weight]
Loading weights:  19%|█▉        | 38/199 [00:00<00:01, 104.23it/s, Materializing param=encoder.layer.2.attention.output.LayerNorm.bias]
Loading weights:  19%|█▉        | 38/199 [00:00<00:01, 104.23it/s, Materializing param=encoder.layer.2.attention.output.LayerNorm.bias]
Loading weights:  20%|█▉        | 39/199 [00:00<00:01, 104.23it/s, Materializing param=encoder.layer.2.attention.output.LayerNorm.weight]
Loading weights:  20%|█▉        | 39/199 [00:00<00:01, 104.23it/s, Materializing param=encoder.layer.2.attention.output.LayerNorm.weight]
Loading weights:  20%|██        | 40/199 [00:00<00:01, 104.23it/s, Materializing param=encoder.layer.2.attention.output.dense.bias]      
Loading weights:  20%|██        | 40/199 [00:00<00:01, 104.23it/s, Materializing param=encoder.layer.2.attention.output.dense.bias]
Loading weights:  21%|██        | 41/199 [00:00<00:01, 104.23it/s, Materializing param=encoder.layer.2.attention.output.dense.weight]
Loading weights:  21%|██        | 41/199 [00:00<00:01, 104.23it/s, Materializing param=encoder.layer.2.attention.output.dense.weight]
Loading weights:  21%|██        | 42/199 [00:00<00:01, 104.23it/s, Materializing param=encoder.layer.2.attention.self.key.bias]      
Loading weights:  21%|██        | 42/199 [00:00<00:01, 104.23it/s, Materializing param=encoder.layer.2.attention.self.key.bias]
Loading weights:  22%|██▏       | 43/199 [00:00<00:01, 104.23it/s, Materializing param=encoder.layer.2.attention.self.key.weight]
Loading weights:  22%|██▏       | 43/199 [00:00<00:01, 104.23it/s, Materializing param=encoder.layer.2.attention.self.key.weight]
Loading weights:  22%|██▏       | 44/199 [00:00<00:01, 104.23it/s, Materializing param=encoder.layer.2.attention.self.query.bias]
Loading weights:  22%|██▏       | 44/199 [00:00<00:01, 104.23it/s, Materializing param=encoder.layer.2.attention.self.query.bias]
Loading weights:  23%|██▎       | 45/199 [00:00<00:01, 104.23it/s, Materializing param=encoder.layer.2.attention.self.query.weight]
Loading weights:  23%|██▎       | 45/199 [00:00<00:01, 104.23it/s, Materializing param=encoder.layer.2.attention.self.query.weight]
Loading weights:  23%|██▎       | 46/199 [00:00<00:01, 104.23it/s, Materializing param=encoder.layer.2.attention.self.value.bias]  
Loading weights:  23%|██▎       | 46/199 [00:00<00:01, 104.23it/s, Materializing param=encoder.layer.2.attention.self.value.bias]
Loading weights:  24%|██▎       | 47/199 [00:00<00:01, 104.23it/s, Materializing param=encoder.layer.2.attention.self.value.weight]
Loading weights:  24%|██▎       | 47/199 [00:00<00:01, 104.23it/s, Materializing param=encoder.layer.2.attention.self.value.weight]
Loading weights:  24%|██▍       | 48/199 [00:00<00:01, 104.23it/s, Materializing param=encoder.layer.2.intermediate.dense.bias]    
Loading weights:  24%|██▍       | 48/199 [00:00<00:01, 104.23it/s, Materializing param=encoder.layer.2.intermediate.dense.bias]
Loading weights:  25%|██▍       | 49/199 [00:00<00:01, 104.23it/s, Materializing param=encoder.layer.2.intermediate.dense.weight]
Loading weights:  25%|██▍       | 49/199 [00:00<00:01, 104.23it/s, Materializing param=encoder.layer.2.intermediate.dense.weight]
Loading weights:  25%|██▌       | 50/199 [00:00<00:01, 104.23it/s, Materializing param=encoder.layer.2.output.LayerNorm.bias]    
Loading weights:  25%|██▌       | 50/199 [00:00<00:01, 104.23it/s, Materializing param=encoder.layer.2.output.LayerNorm.bias]
Loading weights:  26%|██▌       | 51/199 [00:00<00:01, 104.23it/s, Materializing param=encoder.layer.2.output.LayerNorm.weight]
Loading weights:  26%|██▌       | 51/199 [00:00<00:01, 104.23it/s, Materializing param=encoder.layer.2.output.LayerNorm.weight]
Loading weights:  26%|██▌       | 52/199 [00:00<00:01, 104.23it/s, Materializing param=encoder.layer.2.output.dense.bias]      
Loading weights:  26%|██▌       | 52/199 [00:00<00:01, 104.23it/s, Materializing param=encoder.layer.2.output.dense.bias]
Loading weights:  27%|██▋       | 53/199 [00:00<00:01, 104.23it/s, Materializing param=encoder.layer.2.output.dense.weight]
Loading weights:  27%|██▋       | 53/199 [00:00<00:01, 104.23it/s, Materializing param=encoder.layer.2.output.dense.weight]
Loading weights:  27%|██▋       | 54/199 [00:00<00:01, 104.23it/s, Materializing param=encoder.layer.3.attention.output.LayerNorm.bias]
Loading weights:  27%|██▋       | 54/199 [00:00<00:01, 104.23it/s, Materializing param=encoder.layer.3.attention.output.LayerNorm.bias]
Loading weights:  28%|██▊       | 55/199 [00:00<00:01, 104.23it/s, Materializing param=encoder.layer.3.attention.output.LayerNorm.weight]
Loading weights:  28%|██▊       | 55/199 [00:00<00:01, 104.23it/s, Materializing param=encoder.layer.3.attention.output.LayerNorm.weight]
Loading weights:  28%|██▊       | 56/199 [00:00<00:01, 104.23it/s, Materializing param=encoder.layer.3.attention.output.dense.bias]      
Loading weights:  28%|██▊       | 56/199 [00:00<00:01, 104.23it/s, Materializing param=encoder.layer.3.attention.output.dense.bias]
Loading weights:  29%|██▊       | 57/199 [00:00<00:01, 104.23it/s, Materializing param=encoder.layer.3.attention.output.dense.weight]
Loading weights:  29%|██▊       | 57/199 [00:00<00:01, 104.23it/s, Materializing param=encoder.layer.3.attention.output.dense.weight]
Loading weights:  29%|██▉       | 58/199 [00:00<00:01, 104.23it/s, Materializing param=encoder.layer.3.attention.self.key.bias]      
Loading weights:  29%|██▉       | 58/199 [00:00<00:01, 104.23it/s, Materializing param=encoder.layer.3.attention.self.key.bias]
Loading weights:  30%|██▉       | 59/199 [00:00<00:01, 104.23it/s, Materializing param=encoder.layer.3.attention.self.key.weight]
Loading weights:  30%|██▉       | 59/199 [00:00<00:01, 104.23it/s, Materializing param=encoder.layer.3.attention.self.key.weight]
Loading weights:  30%|███       | 60/199 [00:00<00:01, 104.23it/s, Materializing param=encoder.layer.3.attention.self.query.bias]
Loading weights:  30%|███       | 60/199 [00:00<00:01, 104.23it/s, Materializing param=encoder.layer.3.attention.self.query.bias]
Loading weights:  31%|███       | 61/199 [00:00<00:01, 104.23it/s, Materializing param=encoder.layer.3.attention.self.query.weight]
Loading weights:  31%|███       | 61/199 [00:00<00:01, 104.23it/s, Materializing param=encoder.layer.3.attention.self.query.weight]
Loading weights:  31%|███       | 62/199 [00:00<00:01, 104.23it/s, Materializing param=encoder.layer.3.attention.self.value.bias]  
Loading weights:  31%|███       | 62/199 [00:00<00:01, 104.23it/s, Materializing param=encoder.layer.3.attention.self.value.bias]
Loading weights:  32%|███▏      | 63/199 [00:00<00:01, 104.23it/s, Materializing param=encoder.layer.3.attention.self.value.weight]
Loading weights:  32%|███▏      | 63/199 [00:00<00:01, 104.23it/s, Materializing param=encoder.layer.3.attention.self.value.weight]
Loading weights:  32%|███▏      | 64/199 [00:00<00:01, 104.23it/s, Materializing param=encoder.layer.3.intermediate.dense.bias]    
Loading weights:  32%|███▏      | 64/199 [00:00<00:01, 104.23it/s, Materializing param=encoder.layer.3.intermediate.dense.bias]
Loading weights:  33%|███▎      | 65/199 [00:00<00:01, 104.23it/s, Materializing param=encoder.layer.3.intermediate.dense.weight]
Loading weights:  33%|███▎      | 65/199 [00:00<00:01, 104.23it/s, Materializing param=encoder.layer.3.intermediate.dense.weight]
Loading weights:  33%|███▎      | 66/199 [00:00<00:01, 104.23it/s, Materializing param=encoder.layer.3.output.LayerNorm.bias]    
Loading weights:  33%|███▎      | 66/199 [00:00<00:01, 104.23it/s, Materializing param=encoder.layer.3.output.LayerNorm.bias]
Loading weights:  34%|███▎      | 67/199 [00:00<00:01, 104.23it/s, Materializing param=encoder.layer.3.output.LayerNorm.weight]
Loading weights:  34%|███▎      | 67/199 [00:00<00:01, 104.23it/s, Materializing param=encoder.layer.3.output.LayerNorm.weight]
Loading weights:  34%|███▍      | 68/199 [00:00<00:01, 104.23it/s, Materializing param=encoder.layer.3.output.dense.bias]      
Loading weights:  34%|███▍      | 68/199 [00:00<00:01, 104.23it/s, Materializing param=encoder.layer.3.output.dense.bias]
Loading weights:  35%|███▍      | 69/199 [00:00<00:01, 104.23it/s, Materializing param=encoder.layer.3.output.dense.weight]
Loading weights:  35%|███▍      | 69/199 [00:00<00:01, 104.23it/s, Materializing param=encoder.layer.3.output.dense.weight]
Loading weights:  35%|███▌      | 70/199 [00:00<00:01, 104.23it/s, Materializing param=encoder.layer.4.attention.output.LayerNorm.bias]
Loading weights:  35%|███▌      | 70/199 [00:00<00:01, 104.23it/s, Materializing param=encoder.layer.4.attention.output.LayerNorm.bias]
Loading weights:  36%|███▌      | 71/199 [00:00<00:01, 104.23it/s, Materializing param=encoder.layer.4.attention.output.LayerNorm.weight]
Loading weights:  36%|███▌      | 71/199 [00:00<00:01, 104.23it/s, Materializing param=encoder.layer.4.attention.output.LayerNorm.weight]
Loading weights:  36%|███▌      | 72/199 [00:00<00:01, 104.23it/s, Materializing param=encoder.layer.4.attention.output.dense.bias]      
Loading weights:  36%|███▌      | 72/199 [00:00<00:01, 104.23it/s, Materializing param=encoder.layer.4.attention.output.dense.bias]
Loading weights:  37%|███▋      | 73/199 [00:00<00:01, 104.23it/s, Materializing param=encoder.layer.4.attention.output.dense.weight]
Loading weights:  37%|███▋      | 73/199 [00:00<00:01, 104.23it/s, Materializing param=encoder.layer.4.attention.output.dense.weight]
Loading weights:  37%|███▋      | 74/199 [00:00<00:01, 104.23it/s, Materializing param=encoder.layer.4.attention.self.key.bias]      
Loading weights:  37%|███▋      | 74/199 [00:00<00:01, 104.23it/s, Materializing param=encoder.layer.4.attention.self.key.bias]
Loading weights:  38%|███▊      | 75/199 [00:00<00:01, 104.23it/s, Materializing param=encoder.layer.4.attention.self.key.weight]
Loading weights:  38%|███▊      | 75/199 [00:00<00:01, 104.23it/s, Materializing param=encoder.layer.4.attention.self.key.weight]
Loading weights:  38%|███▊      | 76/199 [00:00<00:01, 104.23it/s, Materializing param=encoder.layer.4.attention.self.query.bias]
Loading weights:  38%|███▊      | 76/199 [00:00<00:01, 104.23it/s, Materializing param=encoder.layer.4.attention.self.query.bias]
Loading weights:  39%|███▊      | 77/199 [00:00<00:01, 104.23it/s, Materializing param=encoder.layer.4.attention.self.query.weight]
Loading weights:  39%|███▊      | 77/199 [00:00<00:01, 104.23it/s, Materializing param=encoder.layer.4.attention.self.query.weight]
Loading weights:  39%|███▉      | 78/199 [00:00<00:01, 104.23it/s, Materializing param=encoder.layer.4.attention.self.value.bias]  
Loading weights:  39%|███▉      | 78/199 [00:00<00:01, 104.23it/s, Materializing param=encoder.layer.4.attention.self.value.bias]
Loading weights:  40%|███▉      | 79/199 [00:00<00:01, 104.23it/s, Materializing param=encoder.layer.4.attention.self.value.weight]
Loading weights:  40%|███▉      | 79/199 [00:00<00:01, 104.23it/s, Materializing param=encoder.layer.4.attention.self.value.weight]
Loading weights:  40%|████      | 80/199 [00:00<00:01, 104.23it/s, Materializing param=encoder.layer.4.intermediate.dense.bias]    
Loading weights:  40%|████      | 80/199 [00:00<00:01, 104.23it/s, Materializing param=encoder.layer.4.intermediate.dense.bias]
Loading weights:  41%|████      | 81/199 [00:00<00:01, 104.23it/s, Materializing param=encoder.layer.4.intermediate.dense.weight]
Loading weights:  41%|████      | 81/199 [00:00<00:01, 104.23it/s, Materializing param=encoder.layer.4.intermediate.dense.weight]
Loading weights:  41%|████      | 82/199 [00:00<00:01, 104.23it/s, Materializing param=encoder.layer.4.output.LayerNorm.bias]    
Loading weights:  41%|████      | 82/199 [00:00<00:01, 104.23it/s, Materializing param=encoder.layer.4.output.LayerNorm.bias]
Loading weights:  42%|████▏     | 83/199 [00:00<00:01, 104.23it/s, Materializing param=encoder.layer.4.output.LayerNorm.weight]
Loading weights:  42%|████▏     | 83/199 [00:00<00:01, 104.23it/s, Materializing param=encoder.layer.4.output.LayerNorm.weight]
Loading weights:  42%|████▏     | 84/199 [00:00<00:01, 104.23it/s, Materializing param=encoder.layer.4.output.dense.bias]      
Loading weights:  42%|████▏     | 84/199 [00:00<00:01, 104.23it/s, Materializing param=encoder.layer.4.output.dense.bias]
Loading weights:  43%|████▎     | 85/199 [00:00<00:01, 104.23it/s, Materializing param=encoder.layer.4.output.dense.weight]
Loading weights:  43%|████▎     | 85/199 [00:00<00:01, 104.23it/s, Materializing param=encoder.layer.4.output.dense.weight]
Loading weights:  43%|████▎     | 86/199 [00:00<00:01, 104.23it/s, Materializing param=encoder.layer.5.attention.output.LayerNorm.bias]
Loading weights:  43%|████▎     | 86/199 [00:00<00:01, 104.23it/s, Materializing param=encoder.layer.5.attention.output.LayerNorm.bias]
Loading weights:  44%|████▎     | 87/199 [00:00<00:01, 104.23it/s, Materializing param=encoder.layer.5.attention.output.LayerNorm.weight]
Loading weights:  44%|████▎     | 87/199 [00:00<00:01, 104.23it/s, Materializing param=encoder.layer.5.attention.output.LayerNorm.weight]
Loading weights:  44%|████▍     | 88/199 [00:00<00:01, 104.23it/s, Materializing param=encoder.layer.5.attention.output.dense.bias]      
Loading weights:  44%|████▍     | 88/199 [00:00<00:01, 104.23it/s, Materializing param=encoder.layer.5.attention.output.dense.bias]
Loading weights:  45%|████▍     | 89/199 [00:00<00:01, 104.23it/s, Materializing param=encoder.layer.5.attention.output.dense.weight]
Loading weights:  45%|████▍     | 89/199 [00:00<00:01, 104.23it/s, Materializing param=encoder.layer.5.attention.output.dense.weight]
Loading weights:  45%|████▌     | 90/199 [00:00<00:01, 104.23it/s, Materializing param=encoder.layer.5.attention.self.key.bias]      
Loading weights:  45%|████▌     | 90/199 [00:00<00:01, 104.23it/s, Materializing param=encoder.layer.5.attention.self.key.bias]
Loading weights:  46%|████▌     | 91/199 [00:00<00:01, 104.23it/s, Materializing param=encoder.layer.5.attention.self.key.weight]
Loading weights:  46%|████▌     | 91/199 [00:00<00:01, 104.23it/s, Materializing param=encoder.layer.5.attention.self.key.weight]
Loading weights:  46%|████▌     | 92/199 [00:00<00:01, 104.23it/s, Materializing param=encoder.layer.5.attention.self.query.bias]
Loading weights:  46%|████▌     | 92/199 [00:00<00:01, 104.23it/s, Materializing param=encoder.layer.5.attention.self.query.bias]
Loading weights:  47%|████▋     | 93/199 [00:00<00:01, 104.23it/s, Materializing param=encoder.layer.5.attention.self.query.weight]
Loading weights:  47%|████▋     | 93/199 [00:00<00:01, 104.23it/s, Materializing param=encoder.layer.5.attention.self.query.weight]
Loading weights:  47%|████▋     | 94/199 [00:00<00:01, 104.23it/s, Materializing param=encoder.layer.5.attention.self.value.bias]  
Loading weights:  47%|████▋     | 94/199 [00:00<00:01, 104.23it/s, Materializing param=encoder.layer.5.attention.self.value.bias]
Loading weights:  48%|████▊     | 95/199 [00:00<00:00, 104.23it/s, Materializing param=encoder.layer.5.attention.self.value.weight]
Loading weights:  48%|████▊     | 95/199 [00:00<00:00, 104.23it/s, Materializing param=encoder.layer.5.attention.self.value.weight]
Loading weights:  48%|████▊     | 96/199 [00:00<00:00, 104.23it/s, Materializing param=encoder.layer.5.intermediate.dense.bias]    
Loading weights:  48%|████▊     | 96/199 [00:00<00:00, 104.23it/s, Materializing param=encoder.layer.5.intermediate.dense.bias]
Loading weights:  49%|████▊     | 97/199 [00:00<00:00, 104.23it/s, Materializing param=encoder.layer.5.intermediate.dense.weight]
Loading weights:  49%|████▊     | 97/199 [00:00<00:00, 104.23it/s, Materializing param=encoder.layer.5.intermediate.dense.weight]
Loading weights:  49%|████▉     | 98/199 [00:00<00:00, 104.23it/s, Materializing param=encoder.layer.5.output.LayerNorm.bias]    
Loading weights:  49%|████▉     | 98/199 [00:00<00:00, 104.23it/s, Materializing param=encoder.layer.5.output.LayerNorm.bias]
Loading weights:  50%|████▉     | 99/199 [00:00<00:00, 104.23it/s, Materializing param=encoder.layer.5.output.LayerNorm.weight]
Loading weights:  50%|████▉     | 99/199 [00:00<00:00, 104.23it/s, Materializing param=encoder.layer.5.output.LayerNorm.weight]
Loading weights:  50%|█████     | 100/199 [00:00<00:00, 104.23it/s, Materializing param=encoder.layer.5.output.dense.bias]     
Loading weights:  50%|█████     | 100/199 [00:00<00:00, 104.23it/s, Materializing param=encoder.layer.5.output.dense.bias]
Loading weights:  51%|█████     | 101/199 [00:00<00:00, 104.23it/s, Materializing param=encoder.layer.5.output.dense.weight]
Loading weights:  51%|█████     | 101/199 [00:00<00:00, 104.23it/s, Materializing param=encoder.layer.5.output.dense.weight]
Loading weights:  51%|█████▏    | 102/199 [00:00<00:00, 104.23it/s, Materializing param=encoder.layer.6.attention.output.LayerNorm.bias]
Loading weights:  51%|█████▏    | 102/199 [00:00<00:00, 104.23it/s, Materializing param=encoder.layer.6.attention.output.LayerNorm.bias]
Loading weights:  52%|█████▏    | 103/199 [00:00<00:00, 104.23it/s, Materializing param=encoder.layer.6.attention.output.LayerNorm.weight]
Loading weights:  52%|█████▏    | 103/199 [00:00<00:00, 104.23it/s, Materializing param=encoder.layer.6.attention.output.LayerNorm.weight]
Loading weights:  52%|█████▏    | 104/199 [00:00<00:00, 104.23it/s, Materializing param=encoder.layer.6.attention.output.dense.bias]      
Loading weights:  52%|█████▏    | 104/199 [00:00<00:00, 104.23it/s, Materializing param=encoder.layer.6.attention.output.dense.bias]
Loading weights:  53%|█████▎    | 105/199 [00:00<00:00, 104.23it/s, Materializing param=encoder.layer.6.attention.output.dense.weight]
Loading weights:  53%|█████▎    | 105/199 [00:00<00:00, 104.23it/s, Materializing param=encoder.layer.6.attention.output.dense.weight]
Loading weights:  53%|█████▎    | 106/199 [00:00<00:00, 104.23it/s, Materializing param=encoder.layer.6.attention.self.key.bias]      
Loading weights:  53%|█████▎    | 106/199 [00:00<00:00, 104.23it/s, Materializing param=encoder.layer.6.attention.self.key.bias]
Loading weights:  54%|█████▍    | 107/199 [00:00<00:00, 104.23it/s, Materializing param=encoder.layer.6.attention.self.key.weight]
Loading weights:  54%|█████▍    | 107/199 [00:00<00:00, 104.23it/s, Materializing param=encoder.layer.6.attention.self.key.weight]
Loading weights:  54%|█████▍    | 108/199 [00:00<00:00, 104.23it/s, Materializing param=encoder.layer.6.attention.self.query.bias]
Loading weights:  54%|█████▍    | 108/199 [00:00<00:00, 104.23it/s, Materializing param=encoder.layer.6.attention.self.query.bias]
Loading weights:  55%|█████▍    | 109/199 [00:00<00:00, 104.23it/s, Materializing param=encoder.layer.6.attention.self.query.weight]
Loading weights:  55%|█████▍    | 109/199 [00:00<00:00, 104.23it/s, Materializing param=encoder.layer.6.attention.self.query.weight]
Loading weights:  55%|█████▌    | 110/199 [00:00<00:00, 104.23it/s, Materializing param=encoder.layer.6.attention.self.value.bias]  
Loading weights:  55%|█████▌    | 110/199 [00:00<00:00, 104.23it/s, Materializing param=encoder.layer.6.attention.self.value.bias]
Loading weights:  56%|█████▌    | 111/199 [00:00<00:00, 104.23it/s, Materializing param=encoder.layer.6.attention.self.value.weight]
Loading weights:  56%|█████▌    | 111/199 [00:00<00:00, 104.23it/s, Materializing param=encoder.layer.6.attention.self.value.weight]
Loading weights:  56%|█████▋    | 112/199 [00:00<00:00, 104.23it/s, Materializing param=encoder.layer.6.intermediate.dense.bias]    
Loading weights:  56%|█████▋    | 112/199 [00:00<00:00, 104.23it/s, Materializing param=encoder.layer.6.intermediate.dense.bias]
Loading weights:  57%|█████▋    | 113/199 [00:00<00:00, 104.23it/s, Materializing param=encoder.layer.6.intermediate.dense.weight]
Loading weights:  57%|█████▋    | 113/199 [00:00<00:00, 104.23it/s, Materializing param=encoder.layer.6.intermediate.dense.weight]
Loading weights:  57%|█████▋    | 114/199 [00:00<00:00, 104.23it/s, Materializing param=encoder.layer.6.output.LayerNorm.bias]    
Loading weights:  57%|█████▋    | 114/199 [00:00<00:00, 104.23it/s, Materializing param=encoder.layer.6.output.LayerNorm.bias]
Loading weights:  58%|█████▊    | 115/199 [00:00<00:00, 104.23it/s, Materializing param=encoder.layer.6.output.LayerNorm.weight]
Loading weights:  58%|█████▊    | 115/199 [00:00<00:00, 104.23it/s, Materializing param=encoder.layer.6.output.LayerNorm.weight]
Loading weights:  58%|█████▊    | 116/199 [00:00<00:00, 104.23it/s, Materializing param=encoder.layer.6.output.dense.bias]      
Loading weights:  58%|█████▊    | 116/199 [00:00<00:00, 104.23it/s, Materializing param=encoder.layer.6.output.dense.bias]
Loading weights:  59%|█████▉    | 117/199 [00:00<00:00, 104.23it/s, Materializing param=encoder.layer.6.output.dense.weight]
Loading weights:  59%|█████▉    | 117/199 [00:00<00:00, 104.23it/s, Materializing param=encoder.layer.6.output.dense.weight]
Loading weights:  59%|█████▉    | 118/199 [00:00<00:00, 104.23it/s, Materializing param=encoder.layer.7.attention.output.LayerNorm.bias]
Loading weights:  59%|█████▉    | 118/199 [00:00<00:00, 104.23it/s, Materializing param=encoder.layer.7.attention.output.LayerNorm.bias]
Loading weights:  60%|█████▉    | 119/199 [00:00<00:00, 104.23it/s, Materializing param=encoder.layer.7.attention.output.LayerNorm.weight]
Loading weights:  60%|█████▉    | 119/199 [00:00<00:00, 104.23it/s, Materializing param=encoder.layer.7.attention.output.LayerNorm.weight]
Loading weights:  60%|██████    | 120/199 [00:00<00:00, 104.23it/s, Materializing param=encoder.layer.7.attention.output.dense.bias]      
Loading weights:  60%|██████    | 120/199 [00:00<00:00, 104.23it/s, Materializing param=encoder.layer.7.attention.output.dense.bias]
Loading weights:  61%|██████    | 121/199 [00:00<00:00, 104.23it/s, Materializing param=encoder.layer.7.attention.output.dense.weight]
Loading weights:  61%|██████    | 121/199 [00:00<00:00, 104.23it/s, Materializing param=encoder.layer.7.attention.output.dense.weight]
Loading weights:  61%|██████▏   | 122/199 [00:00<00:00, 104.23it/s, Materializing param=encoder.layer.7.attention.self.key.bias]      
Loading weights:  61%|██████▏   | 122/199 [00:00<00:00, 104.23it/s, Materializing param=encoder.layer.7.attention.self.key.bias]
Loading weights:  62%|██████▏   | 123/199 [00:00<00:00, 104.23it/s, Materializing param=encoder.layer.7.attention.self.key.weight]
Loading weights:  62%|██████▏   | 123/199 [00:00<00:00, 104.23it/s, Materializing param=encoder.layer.7.attention.self.key.weight]
Loading weights:  62%|██████▏   | 124/199 [00:00<00:00, 104.23it/s, Materializing param=encoder.layer.7.attention.self.query.bias]
Loading weights:  62%|██████▏   | 124/199 [00:00<00:00, 104.23it/s, Materializing param=encoder.layer.7.attention.self.query.bias]
Loading weights:  63%|██████▎   | 125/199 [00:00<00:00, 104.23it/s, Materializing param=encoder.layer.7.attention.self.query.weight]
Loading weights:  63%|██████▎   | 125/199 [00:00<00:00, 104.23it/s, Materializing param=encoder.layer.7.attention.self.query.weight]
Loading weights:  63%|██████▎   | 126/199 [00:00<00:00, 104.23it/s, Materializing param=encoder.layer.7.attention.self.value.bias]  
Loading weights:  63%|██████▎   | 126/199 [00:00<00:00, 104.23it/s, Materializing param=encoder.layer.7.attention.self.value.bias]
Loading weights:  64%|██████▍   | 127/199 [00:00<00:00, 104.23it/s, Materializing param=encoder.layer.7.attention.self.value.weight]
Loading weights:  64%|██████▍   | 127/199 [00:00<00:00, 104.23it/s, Materializing param=encoder.layer.7.attention.self.value.weight]
Loading weights:  64%|██████▍   | 128/199 [00:00<00:00, 104.23it/s, Materializing param=encoder.layer.7.intermediate.dense.bias]    
Loading weights:  64%|██████▍   | 128/199 [00:00<00:00, 104.23it/s, Materializing param=encoder.layer.7.intermediate.dense.bias]
Loading weights:  65%|██████▍   | 129/199 [00:00<00:00, 104.23it/s, Materializing param=encoder.layer.7.intermediate.dense.weight]
Loading weights:  65%|██████▍   | 129/199 [00:00<00:00, 104.23it/s, Materializing param=encoder.layer.7.intermediate.dense.weight]
Loading weights:  65%|██████▌   | 130/199 [00:00<00:00, 104.23it/s, Materializing param=encoder.layer.7.output.LayerNorm.bias]    
Loading weights:  65%|██████▌   | 130/199 [00:00<00:00, 104.23it/s, Materializing param=encoder.layer.7.output.LayerNorm.bias]
Loading weights:  66%|██████▌   | 131/199 [00:00<00:00, 104.23it/s, Materializing param=encoder.layer.7.output.LayerNorm.weight]
Loading weights:  66%|██████▌   | 131/199 [00:00<00:00, 104.23it/s, Materializing param=encoder.layer.7.output.LayerNorm.weight]
Loading weights:  66%|██████▋   | 132/199 [00:00<00:00, 104.23it/s, Materializing param=encoder.layer.7.output.dense.bias]      
Loading weights:  66%|██████▋   | 132/199 [00:00<00:00, 104.23it/s, Materializing param=encoder.layer.7.output.dense.bias]
Loading weights:  67%|██████▋   | 133/199 [00:00<00:00, 104.23it/s, Materializing param=encoder.layer.7.output.dense.weight]
Loading weights:  67%|██████▋   | 133/199 [00:00<00:00, 104.23it/s, Materializing param=encoder.layer.7.output.dense.weight]
Loading weights:  67%|██████▋   | 134/199 [00:00<00:00, 104.23it/s, Materializing param=encoder.layer.8.attention.output.LayerNorm.bias]
Loading weights:  67%|██████▋   | 134/199 [00:00<00:00, 104.23it/s, Materializing param=encoder.layer.8.attention.output.LayerNorm.bias]
Loading weights:  68%|██████▊   | 135/199 [00:00<00:00, 104.23it/s, Materializing param=encoder.layer.8.attention.output.LayerNorm.weight]
Loading weights:  68%|██████▊   | 135/199 [00:00<00:00, 104.23it/s, Materializing param=encoder.layer.8.attention.output.LayerNorm.weight]
Loading weights:  68%|██████▊   | 136/199 [00:00<00:00, 104.23it/s, Materializing param=encoder.layer.8.attention.output.dense.bias]      
Loading weights:  68%|██████▊   | 136/199 [00:00<00:00, 104.23it/s, Materializing param=encoder.layer.8.attention.output.dense.bias]
Loading weights:  69%|██████▉   | 137/199 [00:00<00:00, 104.23it/s, Materializing param=encoder.layer.8.attention.output.dense.weight]
Loading weights:  69%|██████▉   | 137/199 [00:00<00:00, 104.23it/s, Materializing param=encoder.layer.8.attention.output.dense.weight]
Loading weights:  69%|██████▉   | 138/199 [00:00<00:00, 104.23it/s, Materializing param=encoder.layer.8.attention.self.key.bias]      
Loading weights:  69%|██████▉   | 138/199 [00:00<00:00, 104.23it/s, Materializing param=encoder.layer.8.attention.self.key.bias]
Loading weights:  70%|██████▉   | 139/199 [00:00<00:00, 104.23it/s, Materializing param=encoder.layer.8.attention.self.key.weight]
Loading weights:  70%|██████▉   | 139/199 [00:00<00:00, 104.23it/s, Materializing param=encoder.layer.8.attention.self.key.weight]
Loading weights:  70%|███████   | 140/199 [00:00<00:00, 104.23it/s, Materializing param=encoder.layer.8.attention.self.query.bias]
Loading weights:  70%|███████   | 140/199 [00:00<00:00, 104.23it/s, Materializing param=encoder.layer.8.attention.self.query.bias]
Loading weights:  71%|███████   | 141/199 [00:00<00:00, 104.23it/s, Materializing param=encoder.layer.8.attention.self.query.weight]
Loading weights:  71%|███████   | 141/199 [00:00<00:00, 104.23it/s, Materializing param=encoder.layer.8.attention.self.query.weight]
Loading weights:  71%|███████▏  | 142/199 [00:00<00:00, 104.23it/s, Materializing param=encoder.layer.8.attention.self.value.bias]  
Loading weights:  71%|███████▏  | 142/199 [00:00<00:00, 104.23it/s, Materializing param=encoder.layer.8.attention.self.value.bias]
Loading weights:  72%|███████▏  | 143/199 [00:00<00:00, 104.23it/s, Materializing param=encoder.layer.8.attention.self.value.weight]
Loading weights:  72%|███████▏  | 143/199 [00:00<00:00, 104.23it/s, Materializing param=encoder.layer.8.attention.self.value.weight]
Loading weights:  72%|███████▏  | 144/199 [00:00<00:00, 104.23it/s, Materializing param=encoder.layer.8.intermediate.dense.bias]    
Loading weights:  72%|███████▏  | 144/199 [00:00<00:00, 104.23it/s, Materializing param=encoder.layer.8.intermediate.dense.bias]
Loading weights:  73%|███████▎  | 145/199 [00:00<00:00, 104.23it/s, Materializing param=encoder.layer.8.intermediate.dense.weight]
Loading weights:  73%|███████▎  | 145/199 [00:00<00:00, 104.23it/s, Materializing param=encoder.layer.8.intermediate.dense.weight]
Loading weights:  73%|███████▎  | 146/199 [00:00<00:00, 104.23it/s, Materializing param=encoder.layer.8.output.LayerNorm.bias]    
Loading weights:  73%|███████▎  | 146/199 [00:00<00:00, 104.23it/s, Materializing param=encoder.layer.8.output.LayerNorm.bias]
Loading weights:  74%|███████▍  | 147/199 [00:00<00:00, 104.23it/s, Materializing param=encoder.layer.8.output.LayerNorm.weight]
Loading weights:  74%|███████▍  | 147/199 [00:00<00:00, 104.23it/s, Materializing param=encoder.layer.8.output.LayerNorm.weight]
Loading weights:  74%|███████▍  | 148/199 [00:00<00:00, 104.23it/s, Materializing param=encoder.layer.8.output.dense.bias]      
Loading weights:  74%|███████▍  | 148/199 [00:00<00:00, 104.23it/s, Materializing param=encoder.layer.8.output.dense.bias]
Loading weights:  75%|███████▍  | 149/199 [00:00<00:00, 104.23it/s, Materializing param=encoder.layer.8.output.dense.weight]
Loading weights:  75%|███████▍  | 149/199 [00:00<00:00, 104.23it/s, Materializing param=encoder.layer.8.output.dense.weight]
Loading weights:  75%|███████▌  | 150/199 [00:00<00:00, 104.23it/s, Materializing param=encoder.layer.9.attention.output.LayerNorm.bias]
Loading weights:  75%|███████▌  | 150/199 [00:00<00:00, 104.23it/s, Materializing param=encoder.layer.9.attention.output.LayerNorm.bias]
Loading weights:  76%|███████▌  | 151/199 [00:00<00:00, 104.23it/s, Materializing param=encoder.layer.9.attention.output.LayerNorm.weight]
Loading weights:  76%|███████▌  | 151/199 [00:00<00:00, 104.23it/s, Materializing param=encoder.layer.9.attention.output.LayerNorm.weight]
Loading weights:  76%|███████▋  | 152/199 [00:00<00:00, 104.23it/s, Materializing param=encoder.layer.9.attention.output.dense.bias]      
Loading weights:  76%|███████▋  | 152/199 [00:00<00:00, 104.23it/s, Materializing param=encoder.layer.9.attention.output.dense.bias]
Loading weights:  77%|███████▋  | 153/199 [00:00<00:00, 104.23it/s, Materializing param=encoder.layer.9.attention.output.dense.weight]
Loading weights:  77%|███████▋  | 153/199 [00:00<00:00, 104.23it/s, Materializing param=encoder.layer.9.attention.output.dense.weight]
Loading weights:  77%|███████▋  | 154/199 [00:00<00:00, 104.23it/s, Materializing param=encoder.layer.9.attention.self.key.bias]      
Loading weights:  77%|███████▋  | 154/199 [00:00<00:00, 104.23it/s, Materializing param=encoder.layer.9.attention.self.key.bias]
Loading weights:  78%|███████▊  | 155/199 [00:00<00:00, 104.23it/s, Materializing param=encoder.layer.9.attention.self.key.weight]
Loading weights:  78%|███████▊  | 155/199 [00:00<00:00, 104.23it/s, Materializing param=encoder.layer.9.attention.self.key.weight]
Loading weights:  78%|███████▊  | 156/199 [00:00<00:00, 104.23it/s, Materializing param=encoder.layer.9.attention.self.query.bias]
Loading weights:  78%|███████▊  | 156/199 [00:00<00:00, 104.23it/s, Materializing param=encoder.layer.9.attention.self.query.bias]
Loading weights:  79%|███████▉  | 157/199 [00:00<00:00, 104.23it/s, Materializing param=encoder.layer.9.attention.self.query.weight]
Loading weights:  79%|███████▉  | 157/199 [00:00<00:00, 104.23it/s, Materializing param=encoder.layer.9.attention.self.query.weight]
Loading weights:  79%|███████▉  | 158/199 [00:00<00:00, 104.23it/s, Materializing param=encoder.layer.9.attention.self.value.bias]  
Loading weights:  79%|███████▉  | 158/199 [00:00<00:00, 104.23it/s, Materializing param=encoder.layer.9.attention.self.value.bias]
Loading weights:  80%|███████▉  | 159/199 [00:00<00:00, 104.23it/s, Materializing param=encoder.layer.9.attention.self.value.weight]
Loading weights:  80%|███████▉  | 159/199 [00:00<00:00, 104.23it/s, Materializing param=encoder.layer.9.attention.self.value.weight]
Loading weights:  80%|████████  | 160/199 [00:00<00:00, 104.23it/s, Materializing param=encoder.layer.9.intermediate.dense.bias]    
Loading weights:  80%|████████  | 160/199 [00:00<00:00, 104.23it/s, Materializing param=encoder.layer.9.intermediate.dense.bias]
Loading weights:  81%|████████  | 161/199 [00:00<00:00, 104.23it/s, Materializing param=encoder.layer.9.intermediate.dense.weight]
Loading weights:  81%|████████  | 161/199 [00:00<00:00, 104.23it/s, Materializing param=encoder.layer.9.intermediate.dense.weight]
Loading weights:  81%|████████▏ | 162/199 [00:00<00:00, 104.23it/s, Materializing param=encoder.layer.9.output.LayerNorm.bias]    
Loading weights:  81%|████████▏ | 162/199 [00:00<00:00, 104.23it/s, Materializing param=encoder.layer.9.output.LayerNorm.bias]
Loading weights:  82%|████████▏ | 163/199 [00:00<00:00, 104.23it/s, Materializing param=encoder.layer.9.output.LayerNorm.weight]
Loading weights:  82%|████████▏ | 163/199 [00:00<00:00, 104.23it/s, Materializing param=encoder.layer.9.output.LayerNorm.weight]
Loading weights:  82%|████████▏ | 164/199 [00:00<00:00, 104.23it/s, Materializing param=encoder.layer.9.output.dense.bias]      
Loading weights:  82%|████████▏ | 164/199 [00:00<00:00, 104.23it/s, Materializing param=encoder.layer.9.output.dense.bias]
Loading weights:  83%|████████▎ | 165/199 [00:00<00:00, 104.23it/s, Materializing param=encoder.layer.9.output.dense.weight]
Loading weights:  83%|████████▎ | 165/199 [00:00<00:00, 104.23it/s, Materializing param=encoder.layer.9.output.dense.weight]
Loading weights:  83%|████████▎ | 166/199 [00:00<00:00, 104.23it/s, Materializing param=encoder.layer.10.attention.output.LayerNorm.bias]
Loading weights:  83%|████████▎ | 166/199 [00:00<00:00, 104.23it/s, Materializing param=encoder.layer.10.attention.output.LayerNorm.bias]
Loading weights:  84%|████████▍ | 167/199 [00:00<00:00, 104.23it/s, Materializing param=encoder.layer.10.attention.output.LayerNorm.weight]
Loading weights:  84%|████████▍ | 167/199 [00:00<00:00, 104.23it/s, Materializing param=encoder.layer.10.attention.output.LayerNorm.weight]
Loading weights:  84%|████████▍ | 168/199 [00:00<00:00, 104.23it/s, Materializing param=encoder.layer.10.attention.output.dense.bias]      
Loading weights:  84%|████████▍ | 168/199 [00:00<00:00, 104.23it/s, Materializing param=encoder.layer.10.attention.output.dense.bias]
Loading weights:  85%|████████▍ | 169/199 [00:00<00:00, 104.23it/s, Materializing param=encoder.layer.10.attention.output.dense.weight]
Loading weights:  85%|████████▍ | 169/199 [00:00<00:00, 104.23it/s, Materializing param=encoder.layer.10.attention.output.dense.weight]
Loading weights:  85%|████████▌ | 170/199 [00:00<00:00, 104.23it/s, Materializing param=encoder.layer.10.attention.self.key.bias]      
Loading weights:  85%|████████▌ | 170/199 [00:00<00:00, 104.23it/s, Materializing param=encoder.layer.10.attention.self.key.bias]
Loading weights:  86%|████████▌ | 171/199 [00:00<00:00, 104.23it/s, Materializing param=encoder.layer.10.attention.self.key.weight]
Loading weights:  86%|████████▌ | 171/199 [00:00<00:00, 104.23it/s, Materializing param=encoder.layer.10.attention.self.key.weight]
Loading weights:  86%|████████▋ | 172/199 [00:00<00:00, 104.23it/s, Materializing param=encoder.layer.10.attention.self.query.bias]
Loading weights:  86%|████████▋ | 172/199 [00:00<00:00, 104.23it/s, Materializing param=encoder.layer.10.attention.self.query.bias]
Loading weights:  87%|████████▋ | 173/199 [00:00<00:00, 104.23it/s, Materializing param=encoder.layer.10.attention.self.query.weight]
Loading weights:  87%|████████▋ | 173/199 [00:00<00:00, 104.23it/s, Materializing param=encoder.layer.10.attention.self.query.weight]
Loading weights:  87%|████████▋ | 174/199 [00:00<00:00, 104.23it/s, Materializing param=encoder.layer.10.attention.self.value.bias]  
Loading weights:  87%|████████▋ | 174/199 [00:00<00:00, 104.23it/s, Materializing param=encoder.layer.10.attention.self.value.bias]
Loading weights:  88%|████████▊ | 175/199 [00:00<00:00, 104.23it/s, Materializing param=encoder.layer.10.attention.self.value.weight]
Loading weights:  88%|████████▊ | 175/199 [00:00<00:00, 104.23it/s, Materializing param=encoder.layer.10.attention.self.value.weight]
Loading weights:  88%|████████▊ | 176/199 [00:00<00:00, 104.23it/s, Materializing param=encoder.layer.10.intermediate.dense.bias]    
Loading weights:  88%|████████▊ | 176/199 [00:00<00:00, 104.23it/s, Materializing param=encoder.layer.10.intermediate.dense.bias]
Loading weights:  89%|████████▉ | 177/199 [00:00<00:00, 104.23it/s, Materializing param=encoder.layer.10.intermediate.dense.weight]
Loading weights:  89%|████████▉ | 177/199 [00:00<00:00, 104.23it/s, Materializing param=encoder.layer.10.intermediate.dense.weight]
Loading weights:  89%|████████▉ | 178/199 [00:00<00:00, 104.23it/s, Materializing param=encoder.layer.10.output.LayerNorm.bias]    
Loading weights:  89%|████████▉ | 178/199 [00:00<00:00, 104.23it/s, Materializing param=encoder.layer.10.output.LayerNorm.bias]
Loading weights:  90%|████████▉ | 179/199 [00:00<00:00, 104.23it/s, Materializing param=encoder.layer.10.output.LayerNorm.weight]
Loading weights:  90%|████████▉ | 179/199 [00:00<00:00, 104.23it/s, Materializing param=encoder.layer.10.output.LayerNorm.weight]
Loading weights:  90%|█████████ | 180/199 [00:00<00:00, 104.23it/s, Materializing param=encoder.layer.10.output.dense.bias]      
Loading weights:  90%|█████████ | 180/199 [00:00<00:00, 104.23it/s, Materializing param=encoder.layer.10.output.dense.bias]
Loading weights:  91%|█████████ | 181/199 [00:00<00:00, 104.23it/s, Materializing param=encoder.layer.10.output.dense.weight]
Loading weights:  91%|█████████ | 181/199 [00:00<00:00, 104.23it/s, Materializing param=encoder.layer.10.output.dense.weight]
Loading weights:  91%|█████████▏| 182/199 [00:00<00:00, 104.23it/s, Materializing param=encoder.layer.11.attention.output.LayerNorm.bias]
Loading weights:  91%|█████████▏| 182/199 [00:00<00:00, 104.23it/s, Materializing param=encoder.layer.11.attention.output.LayerNorm.bias]
Loading weights:  92%|█████████▏| 183/199 [00:00<00:00, 104.23it/s, Materializing param=encoder.layer.11.attention.output.LayerNorm.weight]
Loading weights:  92%|█████████▏| 183/199 [00:00<00:00, 104.23it/s, Materializing param=encoder.layer.11.attention.output.LayerNorm.weight]
Loading weights:  92%|█████████▏| 184/199 [00:00<00:00, 104.23it/s, Materializing param=encoder.layer.11.attention.output.dense.bias]      
Loading weights:  92%|█████████▏| 184/199 [00:00<00:00, 104.23it/s, Materializing param=encoder.layer.11.attention.output.dense.bias]
Loading weights:  93%|█████████▎| 185/199 [00:00<00:00, 104.23it/s, Materializing param=encoder.layer.11.attention.output.dense.weight]
Loading weights:  93%|█████████▎| 185/199 [00:00<00:00, 104.23it/s, Materializing param=encoder.layer.11.attention.output.dense.weight]
Loading weights:  93%|█████████▎| 186/199 [00:00<00:00, 104.23it/s, Materializing param=encoder.layer.11.attention.self.key.bias]      
Loading weights:  93%|█████████▎| 186/199 [00:00<00:00, 104.23it/s, Materializing param=encoder.layer.11.attention.self.key.bias]
Loading weights:  94%|█████████▍| 187/199 [00:00<00:00, 104.23it/s, Materializing param=encoder.layer.11.attention.self.key.weight]
Loading weights:  94%|█████████▍| 187/199 [00:00<00:00, 104.23it/s, Materializing param=encoder.layer.11.attention.self.key.weight]
Loading weights:  94%|█████████▍| 188/199 [00:00<00:00, 104.23it/s, Materializing param=encoder.layer.11.attention.self.query.bias]
Loading weights:  94%|█████████▍| 188/199 [00:00<00:00, 104.23it/s, Materializing param=encoder.layer.11.attention.self.query.bias]
Loading weights:  95%|█████████▍| 189/199 [00:00<00:00, 104.23it/s, Materializing param=encoder.layer.11.attention.self.query.weight]
Loading weights:  95%|█████████▍| 189/199 [00:00<00:00, 104.23it/s, Materializing param=encoder.layer.11.attention.self.query.weight]
Loading weights:  95%|█████████▌| 190/199 [00:00<00:00, 104.23it/s, Materializing param=encoder.layer.11.attention.self.value.bias]  
Loading weights:  95%|█████████▌| 190/199 [00:00<00:00, 104.23it/s, Materializing param=encoder.layer.11.attention.self.value.bias]
Loading weights:  96%|█████████▌| 191/199 [00:00<00:00, 104.23it/s, Materializing param=encoder.layer.11.attention.self.value.weight]
Loading weights:  96%|█████████▌| 191/199 [00:00<00:00, 104.23it/s, Materializing param=encoder.layer.11.attention.self.value.weight]
Loading weights:  96%|█████████▋| 192/199 [00:00<00:00, 104.23it/s, Materializing param=encoder.layer.11.intermediate.dense.bias]    
Loading weights:  96%|█████████▋| 192/199 [00:00<00:00, 104.23it/s, Materializing param=encoder.layer.11.intermediate.dense.bias]
Loading weights:  97%|█████████▋| 193/199 [00:00<00:00, 104.23it/s, Materializing param=encoder.layer.11.intermediate.dense.weight]
Loading weights:  97%|█████████▋| 193/199 [00:00<00:00, 104.23it/s, Materializing param=encoder.layer.11.intermediate.dense.weight]
Loading weights:  97%|█████████▋| 194/199 [00:00<00:00, 104.23it/s, Materializing param=encoder.layer.11.output.LayerNorm.bias]    
Loading weights:  97%|█████████▋| 194/199 [00:00<00:00, 104.23it/s, Materializing param=encoder.layer.11.output.LayerNorm.bias]
Loading weights:  98%|█████████▊| 195/199 [00:00<00:00, 104.23it/s, Materializing param=encoder.layer.11.output.LayerNorm.weight]
Loading weights:  98%|█████████▊| 195/199 [00:00<00:00, 104.23it/s, Materializing param=encoder.layer.11.output.LayerNorm.weight]
Loading weights:  98%|█████████▊| 196/199 [00:00<00:00, 104.23it/s, Materializing param=encoder.layer.11.output.dense.bias]      
Loading weights:  98%|█████████▊| 196/199 [00:00<00:00, 104.23it/s, Materializing param=encoder.layer.11.output.dense.bias]
Loading weights:  99%|█████████▉| 197/199 [00:00<00:00, 104.23it/s, Materializing param=encoder.layer.11.output.dense.weight]
Loading weights:  99%|█████████▉| 197/199 [00:00<00:00, 104.23it/s, Materializing param=encoder.layer.11.output.dense.weight]
Loading weights:  99%|█████████▉| 198/199 [00:00<00:00, 104.23it/s, Materializing param=pooler.dense.bias]                   
Loading weights:  99%|█████████▉| 198/199 [00:00<00:00, 104.23it/s, Materializing param=pooler.dense.bias]
Loading weights: 100%|██████████| 199/199 [00:00<00:00, 104.23it/s, Materializing param=pooler.dense.weight]
Loading weights: 100%|██████████| 199/199 [00:00<00:00, 104.23it/s, Materializing param=pooler.dense.weight]
Loading weights: 100%|██████████| 199/199 [00:00<00:00, 770.16it/s, Materializing param=pooler.dense.weight]
BertModel LOAD REPORT from: /225040511/project/hf_cache/bge-small-en-v1.5/BAAI/bge-small-en-v1___5
Key                     | Status     |  | 
------------------------+------------+--+-
embeddings.position_ids | UNEXPECTED |  | 

Notes:
- UNEXPECTED	:can be ignored when loading from different task/architecture; not ok if you expect identical arch.
🏃 Processing 1945 images...

Processing:   0%|          | 0/1945 [00:00<?, ?it/s]
Processing:   0%|          | 1/1945 [00:01<45:43,  1.41s/it]Using a slow image processor as `use_fast` is unset and a slow processor was saved with this model. `use_fast=True` will be the default behavior in v4.52, even if the model was saved with a slow processor. This will result in minor differences in outputs. You'll still be able to use a slow processor with `use_fast=False`.
`torch_dtype` is deprecated! Use `dtype` instead!

--- 🧬 Evolving Prototype for nevus spilus (Total cases: 15) ---
⏳ 首次加载 MedGemma-27B-it: /225040511/project/hf_cache/medgemma-27b-it...


Loading weights:   0%|          | 0/1247 [00:00<?, ?it/s][A

Loading weights:   0%|          | 1/1247 [00:00<00:00, 5322.72it/s, Materializing param=model.language_model.embed_tokens.weight][A

Loading weights:   0%|          | 1/1247 [00:00<00:00, 3563.55it/s, Materializing param=model.language_model.embed_tokens.weight][A

Loading weights:   0%|          | 2/1247 [00:03<31:31,  1.52s/it, Materializing param=model.language_model.embed_tokens.weight]  [A

Loading weights:   0%|          | 2/1247 [00:03<31:31,  1.52s/it, Materializing param=model.language_model.layers.0.input_layernorm.weight][A

Loading weights:   0%|          | 2/1247 [00:03<31:31,  1.52s/it, Materializing param=model.language_model.layers.0.input_layernorm.weight][A

Loading weights:   0%|          | 3/1247 [00:03<31:30,  1.52s/it, Materializing param=model.language_model.layers.0.mlp.down_proj.weight]  [A

Loading weights:   0%|          | 3/1247 [00:03<31:30,  1.52s/it, Materializing param=model.language_model.layers.0.mlp.down_proj.weight][A

Loading weights:   0%|          | 4/1247 [00:06<34:23,  1.66s/it, Materializing param=model.language_model.layers.0.mlp.down_proj.weight][A

Loading weights:   0%|          | 4/1247 [00:06<34:23,  1.66s/it, Materializing param=model.language_model.layers.0.mlp.gate_proj.weight][A

Loading weights:   0%|          | 4/1247 [00:06<34:23,  1.66s/it, Materializing param=model.language_model.layers.0.mlp.gate_proj.weight][A

Loading weights:   0%|          | 5/1247 [00:09<41:08,  1.99s/it, Materializing param=model.language_model.layers.0.mlp.gate_proj.weight][A

Loading weights:   0%|          | 5/1247 [00:09<41:08,  1.99s/it, Materializing param=model.language_model.layers.0.mlp.up_proj.weight]  [A

Loading weights:   0%|          | 5/1247 [00:09<41:08,  1.99s/it, Materializing param=model.language_model.layers.0.mlp.up_proj.weight][A

Loading weights:   0%|          | 6/1247 [00:11<40:26,  1.95s/it, Materializing param=model.language_model.layers.0.mlp.up_proj.weight][A

Loading weights:   0%|          | 6/1247 [00:11<40:26,  1.95s/it, Materializing param=model.language_model.layers.0.post_attention_layernorm.weight][A

Loading weights:   0%|          | 6/1247 [00:11<40:26,  1.95s/it, Materializing param=model.language_model.layers.0.post_attention_layernorm.weight][A

Loading weights:   1%|          | 7/1247 [00:11<40:24,  1.95s/it, Materializing param=model.language_model.layers.0.post_feedforward_layernorm.weight][A

Loading weights:   1%|          | 7/1247 [00:11<40:24,  1.95s/it, Materializing param=model.language_model.layers.0.post_feedforward_layernorm.weight][A

Loading weights:   1%|          | 8/1247 [00:11<40:22,  1.95s/it, Materializing param=model.language_model.layers.0.pre_feedforward_layernorm.weight] [A

Loading weights:   1%|          | 8/1247 [00:11<40:22,  1.95s/it, Materializing param=model.language_model.layers.0.pre_feedforward_layernorm.weight][A

Loading weights:   1%|          | 9/1247 [00:11<40:20,  1.95s/it, Materializing param=model.language_model.layers.0.self_attn.k_norm.weight]         [A

Loading weights:   1%|          | 9/1247 [00:11<40:20,  1.95s/it, Materializing param=model.language_model.layers.0.self_attn.k_norm.weight][A

Loading weights:   1%|          | 10/1247 [00:11<40:18,  1.95s/it, Materializing param=model.language_model.layers.0.self_attn.k_proj.weight][A

Loading weights:   1%|          | 10/1247 [00:11<40:18,  1.95s/it, Materializing param=model.language_model.layers.0.self_attn.k_proj.weight][A

Loading weights:   1%|          | 11/1247 [00:13<18:00,  1.14it/s, Materializing param=model.language_model.layers.0.self_attn.k_proj.weight][A

Loading weights:   1%|          | 11/1247 [00:13<18:00,  1.14it/s, Materializing param=model.language_model.layers.0.self_attn.o_proj.weight][A

Loading weights:   1%|          | 11/1247 [00:13<18:00,  1.14it/s, Materializing param=model.language_model.layers.0.self_attn.o_proj.weight][A

Loading weights:   1%|          | 12/1247 [00:13<17:59,  1.14it/s, Materializing param=model.language_model.layers.0.self_attn.q_norm.weight][A

Loading weights:   1%|          | 12/1247 [00:13<17:59,  1.14it/s, Materializing param=model.language_model.layers.0.self_attn.q_norm.weight][A

Loading weights:   1%|          | 13/1247 [00:13<17:59,  1.14it/s, Materializing param=model.language_model.layers.0.self_attn.q_proj.weight][A

Loading weights:   1%|          | 13/1247 [00:13<17:59,  1.14it/s, Materializing param=model.language_model.layers.0.self_attn.q_proj.weight][A

Loading weights:   1%|          | 14/1247 [00:13<17:58,  1.14it/s, Materializing param=model.language_model.layers.0.self_attn.v_proj.weight][A

Loading weights:   1%|          | 14/1247 [00:13<17:58,  1.14it/s, Materializing param=model.language_model.layers.0.self_attn.v_proj.weight][A

Loading weights:   1%|          | 15/1247 [00:13<17:57,  1.14it/s, Materializing param=model.language_model.layers.1.input_layernorm.weight] [A

Loading weights:   1%|          | 15/1247 [00:13<17:57,  1.14it/s, Materializing param=model.language_model.layers.1.input_layernorm.weight][A

Loading weights:   1%|▏         | 16/1247 [00:13<17:56,  1.14it/s, Materializing param=model.language_model.layers.1.mlp.down_proj.weight]  [A

Loading weights:   1%|▏         | 16/1247 [00:13<17:56,  1.14it/s, Materializing param=model.language_model.layers.1.mlp.down_proj.weight][A

Loading weights:   1%|▏         | 17/1247 [00:13<17:55,  1.14it/s, Materializing param=model.language_model.layers.1.mlp.gate_proj.weight][A

Loading weights:   1%|▏         | 17/1247 [00:13<17:55,  1.14it/s, Materializing param=model.language_model.layers.1.mlp.gate_proj.weight][A

Loading weights:   1%|▏         | 18/1247 [00:13<17:54,  1.14it/s, Materializing param=model.language_model.layers.1.mlp.up_proj.weight]  [A

Loading weights:   1%|▏         | 18/1247 [00:13<17:54,  1.14it/s, Materializing param=model.language_model.layers.1.mlp.up_proj.weight][A

Loading weights:   2%|▏         | 19/1247 [00:13<17:53,  1.14it/s, Materializing param=model.language_model.layers.1.post_attention_layernorm.weight][A

Loading weights:   2%|▏         | 19/1247 [00:13<17:53,  1.14it/s, Materializing param=model.language_model.layers.1.post_attention_layernorm.weight][A

Loading weights:   2%|▏         | 20/1247 [00:13<17:52,  1.14it/s, Materializing param=model.language_model.layers.1.post_feedforward_layernorm.weight][A

Loading weights:   2%|▏         | 20/1247 [00:13<17:52,  1.14it/s, Materializing param=model.language_model.layers.1.post_feedforward_layernorm.weight][A

Loading weights:   2%|▏         | 21/1247 [00:13<17:52,  1.14it/s, Materializing param=model.language_model.layers.1.pre_feedforward_layernorm.weight] [A

Loading weights:   2%|▏         | 21/1247 [00:13<17:52,  1.14it/s, Materializing param=model.language_model.layers.1.pre_feedforward_layernorm.weight][A

Loading weights:   2%|▏         | 22/1247 [00:13<17:51,  1.14it/s, Materializing param=model.language_model.layers.1.self_attn.k_norm.weight]         [A

Loading weights:   2%|▏         | 22/1247 [00:13<17:51,  1.14it/s, Materializing param=model.language_model.layers.1.self_attn.k_norm.weight][A

Loading weights:   2%|▏         | 23/1247 [00:13<17:50,  1.14it/s, Materializing param=model.language_model.layers.1.self_attn.k_proj.weight][A

Loading weights:   2%|▏         | 23/1247 [00:13<17:50,  1.14it/s, Materializing param=model.language_model.layers.1.self_attn.k_proj.weight][A

Loading weights:   2%|▏         | 24/1247 [00:13<17:49,  1.14it/s, Materializing param=model.language_model.layers.1.self_attn.o_proj.weight][A

Loading weights:   2%|▏         | 24/1247 [00:13<17:49,  1.14it/s, Materializing param=model.language_model.layers.1.self_attn.o_proj.weight][A

Loading weights:   2%|▏         | 25/1247 [00:13<17:48,  1.14it/s, Materializing param=model.language_model.layers.1.self_attn.q_norm.weight][A

Loading weights:   2%|▏         | 25/1247 [00:13<17:48,  1.14it/s, Materializing param=model.language_model.layers.1.self_attn.q_norm.weight][A

Loading weights:   2%|▏         | 26/1247 [00:13<17:47,  1.14it/s, Materializing param=model.language_model.layers.1.self_attn.q_proj.weight][A

Loading weights:   2%|▏         | 26/1247 [00:13<17:47,  1.14it/s, Materializing param=model.language_model.layers.1.self_attn.q_proj.weight][A

Loading weights:   2%|▏         | 27/1247 [00:13<17:46,  1.14it/s, Materializing param=model.language_model.layers.1.self_attn.v_proj.weight][A

Loading weights:   2%|▏         | 27/1247 [00:13<17:46,  1.14it/s, Materializing param=model.language_model.layers.1.self_attn.v_proj.weight][A

Loading weights:   2%|▏         | 28/1247 [00:13<17:46,  1.14it/s, Materializing param=model.language_model.layers.2.input_layernorm.weight] [A

Loading weights:   2%|▏         | 28/1247 [00:13<17:46,  1.14it/s, Materializing param=model.language_model.layers.2.input_layernorm.weight][A

Loading weights:   2%|▏         | 29/1247 [00:13<17:45,  1.14it/s, Materializing param=model.language_model.layers.2.mlp.down_proj.weight]  [A

Loading weights:   2%|▏         | 29/1247 [00:13<17:45,  1.14it/s, Materializing param=model.language_model.layers.2.mlp.down_proj.weight][A

Loading weights:   2%|▏         | 30/1247 [00:13<17:44,  1.14it/s, Materializing param=model.language_model.layers.2.mlp.gate_proj.weight][A

Loading weights:   2%|▏         | 30/1247 [00:13<17:44,  1.14it/s, Materializing param=model.language_model.layers.2.mlp.gate_proj.weight][A

Loading weights:   2%|▏         | 31/1247 [00:13<17:43,  1.14it/s, Materializing param=model.language_model.layers.2.mlp.up_proj.weight]  [A

Loading weights:   2%|▏         | 31/1247 [00:13<17:43,  1.14it/s, Materializing param=model.language_model.layers.2.mlp.up_proj.weight][A

Loading weights:   3%|▎         | 32/1247 [00:13<17:42,  1.14it/s, Materializing param=model.language_model.layers.2.post_attention_layernorm.weight][A

Loading weights:   3%|▎         | 32/1247 [00:13<17:42,  1.14it/s, Materializing param=model.language_model.layers.2.post_attention_layernorm.weight][A

Loading weights:   3%|▎         | 33/1247 [00:13<17:41,  1.14it/s, Materializing param=model.language_model.layers.2.post_feedforward_layernorm.weight][A

Loading weights:   3%|▎         | 33/1247 [00:13<17:41,  1.14it/s, Materializing param=model.language_model.layers.2.post_feedforward_layernorm.weight][A

Loading weights:   3%|▎         | 34/1247 [00:13<17:40,  1.14it/s, Materializing param=model.language_model.layers.2.pre_feedforward_layernorm.weight] [A

Loading weights:   3%|▎         | 34/1247 [00:13<17:40,  1.14it/s, Materializing param=model.language_model.layers.2.pre_feedforward_layernorm.weight][A

Loading weights:   3%|▎         | 35/1247 [00:13<17:39,  1.14it/s, Materializing param=model.language_model.layers.2.self_attn.k_norm.weight]         [A

Loading weights:   3%|▎         | 35/1247 [00:13<17:39,  1.14it/s, Materializing param=model.language_model.layers.2.self_attn.k_norm.weight][A

Loading weights:   3%|▎         | 36/1247 [00:13<17:39,  1.14it/s, Materializing param=model.language_model.layers.2.self_attn.k_proj.weight][A

Loading weights:   3%|▎         | 36/1247 [00:13<17:39,  1.14it/s, Materializing param=model.language_model.layers.2.self_attn.k_proj.weight][A

Loading weights:   3%|▎         | 37/1247 [00:13<17:38,  1.14it/s, Materializing param=model.language_model.layers.2.self_attn.o_proj.weight][A

Loading weights:   3%|▎         | 37/1247 [00:13<17:38,  1.14it/s, Materializing param=model.language_model.layers.2.self_attn.o_proj.weight][A

Loading weights:   3%|▎         | 38/1247 [00:13<17:37,  1.14it/s, Materializing param=model.language_model.layers.2.self_attn.q_norm.weight][A

Loading weights:   3%|▎         | 38/1247 [00:13<17:37,  1.14it/s, Materializing param=model.language_model.layers.2.self_attn.q_norm.weight][A

Loading weights:   3%|▎         | 39/1247 [00:13<17:36,  1.14it/s, Materializing param=model.language_model.layers.2.self_attn.q_proj.weight][A

Loading weights:   3%|▎         | 39/1247 [00:13<17:36,  1.14it/s, Materializing param=model.language_model.layers.2.self_attn.q_proj.weight][A

Loading weights:   3%|▎         | 40/1247 [00:13<17:35,  1.14it/s, Materializing param=model.language_model.layers.2.self_attn.v_proj.weight][A

Loading weights:   3%|▎         | 40/1247 [00:13<17:35,  1.14it/s, Materializing param=model.language_model.layers.2.self_attn.v_proj.weight][A

Loading weights:   3%|▎         | 41/1247 [00:13<17:34,  1.14it/s, Materializing param=model.language_model.layers.3.input_layernorm.weight] [A

Loading weights:   3%|▎         | 41/1247 [00:13<17:34,  1.14it/s, Materializing param=model.language_model.layers.3.input_layernorm.weight][A

Loading weights:   3%|▎         | 42/1247 [00:13<17:33,  1.14it/s, Materializing param=model.language_model.layers.3.mlp.down_proj.weight]  [A

Loading weights:   3%|▎         | 42/1247 [00:13<17:33,  1.14it/s, Materializing param=model.language_model.layers.3.mlp.down_proj.weight][A

Loading weights:   3%|▎         | 43/1247 [00:13<17:32,  1.14it/s, Materializing param=model.language_model.layers.3.mlp.gate_proj.weight][A

Loading weights:   3%|▎         | 43/1247 [00:13<17:32,  1.14it/s, Materializing param=model.language_model.layers.3.mlp.gate_proj.weight][A

Loading weights:   4%|▎         | 44/1247 [00:13<17:32,  1.14it/s, Materializing param=model.language_model.layers.3.mlp.up_proj.weight]  [A

Loading weights:   4%|▎         | 44/1247 [00:13<17:32,  1.14it/s, Materializing param=model.language_model.layers.3.mlp.up_proj.weight][A

Loading weights:   4%|▎         | 45/1247 [00:13<17:31,  1.14it/s, Materializing param=model.language_model.layers.3.post_attention_layernorm.weight][A

Loading weights:   4%|▎         | 45/1247 [00:13<17:31,  1.14it/s, Materializing param=model.language_model.layers.3.post_attention_layernorm.weight][A

Loading weights:   4%|▎         | 46/1247 [00:13<17:30,  1.14it/s, Materializing param=model.language_model.layers.3.post_feedforward_layernorm.weight][A

Loading weights:   4%|▎         | 46/1247 [00:13<17:30,  1.14it/s, Materializing param=model.language_model.layers.3.post_feedforward_layernorm.weight][A

Loading weights:   4%|▍         | 47/1247 [00:13<17:29,  1.14it/s, Materializing param=model.language_model.layers.3.pre_feedforward_layernorm.weight] [A

Loading weights:   4%|▍         | 47/1247 [00:13<17:29,  1.14it/s, Materializing param=model.language_model.layers.3.pre_feedforward_layernorm.weight][A

Loading weights:   4%|▍         | 48/1247 [00:13<17:28,  1.14it/s, Materializing param=model.language_model.layers.3.self_attn.k_norm.weight]         [A

Loading weights:   4%|▍         | 48/1247 [00:13<17:28,  1.14it/s, Materializing param=model.language_model.layers.3.self_attn.k_norm.weight][A

Loading weights:   4%|▍         | 49/1247 [00:13<17:27,  1.14it/s, Materializing param=model.language_model.layers.3.self_attn.k_proj.weight][A

Loading weights:   4%|▍         | 49/1247 [00:13<17:27,  1.14it/s, Materializing param=model.language_model.layers.3.self_attn.k_proj.weight][A

Loading weights:   4%|▍         | 50/1247 [00:13<17:26,  1.14it/s, Materializing param=model.language_model.layers.3.self_attn.o_proj.weight][A

Loading weights:   4%|▍         | 50/1247 [00:13<17:26,  1.14it/s, Materializing param=model.language_model.layers.3.self_attn.o_proj.weight][A

Loading weights:   4%|▍         | 51/1247 [00:13<17:25,  1.14it/s, Materializing param=model.language_model.layers.3.self_attn.q_norm.weight][A

Loading weights:   4%|▍         | 51/1247 [00:13<17:25,  1.14it/s, Materializing param=model.language_model.layers.3.self_attn.q_norm.weight][A

Loading weights:   4%|▍         | 52/1247 [00:13<17:25,  1.14it/s, Materializing param=model.language_model.layers.3.self_attn.q_proj.weight][A

Loading weights:   4%|▍         | 52/1247 [00:13<17:25,  1.14it/s, Materializing param=model.language_model.layers.3.self_attn.q_proj.weight][A

Loading weights:   4%|▍         | 53/1247 [00:13<17:24,  1.14it/s, Materializing param=model.language_model.layers.3.self_attn.v_proj.weight][A

Loading weights:   4%|▍         | 53/1247 [00:13<17:24,  1.14it/s, Materializing param=model.language_model.layers.3.self_attn.v_proj.weight][A

Loading weights:   4%|▍         | 54/1247 [00:13<17:23,  1.14it/s, Materializing param=model.language_model.layers.4.input_layernorm.weight] [A

Loading weights:   4%|▍         | 54/1247 [00:13<17:23,  1.14it/s, Materializing param=model.language_model.layers.4.input_layernorm.weight][A

Loading weights:   4%|▍         | 55/1247 [00:13<17:22,  1.14it/s, Materializing param=model.language_model.layers.4.mlp.down_proj.weight]  [A

Loading weights:   4%|▍         | 55/1247 [00:13<17:22,  1.14it/s, Materializing param=model.language_model.layers.4.mlp.down_proj.weight][A

Loading weights:   4%|▍         | 56/1247 [00:13<17:21,  1.14it/s, Materializing param=model.language_model.layers.4.mlp.gate_proj.weight][A

Loading weights:   4%|▍         | 56/1247 [00:13<17:21,  1.14it/s, Materializing param=model.language_model.layers.4.mlp.gate_proj.weight][A

Loading weights:   5%|▍         | 57/1247 [00:13<17:20,  1.14it/s, Materializing param=model.language_model.layers.4.mlp.up_proj.weight]  [A

Loading weights:   5%|▍         | 57/1247 [00:13<17:20,  1.14it/s, Materializing param=model.language_model.layers.4.mlp.up_proj.weight][A

Loading weights:   5%|▍         | 58/1247 [00:13<17:19,  1.14it/s, Materializing param=model.language_model.layers.4.post_attention_layernorm.weight][A

Loading weights:   5%|▍         | 58/1247 [00:13<17:19,  1.14it/s, Materializing param=model.language_model.layers.4.post_attention_layernorm.weight][A

Loading weights:   5%|▍         | 59/1247 [00:13<17:18,  1.14it/s, Materializing param=model.language_model.layers.4.post_feedforward_layernorm.weight][A

Loading weights:   5%|▍         | 59/1247 [00:13<17:18,  1.14it/s, Materializing param=model.language_model.layers.4.post_feedforward_layernorm.weight][A

Loading weights:   5%|▍         | 60/1247 [00:13<17:18,  1.14it/s, Materializing param=model.language_model.layers.4.pre_feedforward_layernorm.weight] [A

Loading weights:   5%|▍         | 60/1247 [00:13<17:18,  1.14it/s, Materializing param=model.language_model.layers.4.pre_feedforward_layernorm.weight][A

Loading weights:   5%|▍         | 61/1247 [00:13<17:17,  1.14it/s, Materializing param=model.language_model.layers.4.self_attn.k_norm.weight]         [A

Loading weights:   5%|▍         | 61/1247 [00:13<17:17,  1.14it/s, Materializing param=model.language_model.layers.4.self_attn.k_norm.weight][A

Loading weights:   5%|▍         | 62/1247 [00:13<17:16,  1.14it/s, Materializing param=model.language_model.layers.4.self_attn.k_proj.weight][A

Loading weights:   5%|▍         | 62/1247 [00:13<17:16,  1.14it/s, Materializing param=model.language_model.layers.4.self_attn.k_proj.weight][A

Loading weights:   5%|▌         | 63/1247 [00:13<17:15,  1.14it/s, Materializing param=model.language_model.layers.4.self_attn.o_proj.weight][A

Loading weights:   5%|▌         | 63/1247 [00:13<17:15,  1.14it/s, Materializing param=model.language_model.layers.4.self_attn.o_proj.weight][A

Loading weights:   5%|▌         | 64/1247 [00:13<17:14,  1.14it/s, Materializing param=model.language_model.layers.4.self_attn.q_norm.weight][A

Loading weights:   5%|▌         | 64/1247 [00:13<17:14,  1.14it/s, Materializing param=model.language_model.layers.4.self_attn.q_norm.weight][A

Loading weights:   5%|▌         | 65/1247 [00:13<17:13,  1.14it/s, Materializing param=model.language_model.layers.4.self_attn.q_proj.weight][A

Loading weights:   5%|▌         | 65/1247 [00:13<17:13,  1.14it/s, Materializing param=model.language_model.layers.4.self_attn.q_proj.weight][A

Loading weights:   5%|▌         | 66/1247 [00:13<17:12,  1.14it/s, Materializing param=model.language_model.layers.4.self_attn.v_proj.weight][A

Loading weights:   5%|▌         | 66/1247 [00:13<17:12,  1.14it/s, Materializing param=model.language_model.layers.4.self_attn.v_proj.weight][A

Loading weights:   5%|▌         | 67/1247 [00:13<17:11,  1.14it/s, Materializing param=model.language_model.layers.5.input_layernorm.weight] [A

Loading weights:   5%|▌         | 67/1247 [00:13<17:11,  1.14it/s, Materializing param=model.language_model.layers.5.input_layernorm.weight][A

Loading weights:   5%|▌         | 68/1247 [00:13<17:11,  1.14it/s, Materializing param=model.language_model.layers.5.mlp.down_proj.weight]  [A

Loading weights:   5%|▌         | 68/1247 [00:13<17:11,  1.14it/s, Materializing param=model.language_model.layers.5.mlp.down_proj.weight][A

Loading weights:   6%|▌         | 69/1247 [00:13<17:10,  1.14it/s, Materializing param=model.language_model.layers.5.mlp.gate_proj.weight][A

Loading weights:   6%|▌         | 69/1247 [00:13<17:10,  1.14it/s, Materializing param=model.language_model.layers.5.mlp.gate_proj.weight][A

Loading weights:   6%|▌         | 70/1247 [00:13<17:09,  1.14it/s, Materializing param=model.language_model.layers.5.mlp.up_proj.weight]  [A

Loading weights:   6%|▌         | 70/1247 [00:13<17:09,  1.14it/s, Materializing param=model.language_model.layers.5.mlp.up_proj.weight][A

Loading weights:   6%|▌         | 71/1247 [00:13<17:08,  1.14it/s, Materializing param=model.language_model.layers.5.post_attention_layernorm.weight][A

Loading weights:   6%|▌         | 71/1247 [00:13<17:08,  1.14it/s, Materializing param=model.language_model.layers.5.post_attention_layernorm.weight][A

Loading weights:   6%|▌         | 72/1247 [00:13<17:07,  1.14it/s, Materializing param=model.language_model.layers.5.post_feedforward_layernorm.weight][A

Loading weights:   6%|▌         | 72/1247 [00:13<17:07,  1.14it/s, Materializing param=model.language_model.layers.5.post_feedforward_layernorm.weight][A

Loading weights:   6%|▌         | 73/1247 [00:13<17:06,  1.14it/s, Materializing param=model.language_model.layers.5.pre_feedforward_layernorm.weight] [A

Loading weights:   6%|▌         | 73/1247 [00:13<17:06,  1.14it/s, Materializing param=model.language_model.layers.5.pre_feedforward_layernorm.weight][A

Loading weights:   6%|▌         | 74/1247 [00:13<17:05,  1.14it/s, Materializing param=model.language_model.layers.5.self_attn.k_norm.weight]         [A

Loading weights:   6%|▌         | 74/1247 [00:13<17:05,  1.14it/s, Materializing param=model.language_model.layers.5.self_attn.k_norm.weight][A

Loading weights:   6%|▌         | 75/1247 [00:13<17:04,  1.14it/s, Materializing param=model.language_model.layers.5.self_attn.k_proj.weight][A

Loading weights:   6%|▌         | 75/1247 [00:13<17:04,  1.14it/s, Materializing param=model.language_model.layers.5.self_attn.k_proj.weight][A

Loading weights:   6%|▌         | 76/1247 [00:13<17:04,  1.14it/s, Materializing param=model.language_model.layers.5.self_attn.o_proj.weight][A

Loading weights:   6%|▌         | 76/1247 [00:13<17:04,  1.14it/s, Materializing param=model.language_model.layers.5.self_attn.o_proj.weight][A

Loading weights:   6%|▌         | 77/1247 [00:13<17:03,  1.14it/s, Materializing param=model.language_model.layers.5.self_attn.q_norm.weight][A

Loading weights:   6%|▌         | 77/1247 [00:13<17:03,  1.14it/s, Materializing param=model.language_model.layers.5.self_attn.q_norm.weight][A

Loading weights:   6%|▋         | 78/1247 [00:13<17:02,  1.14it/s, Materializing param=model.language_model.layers.5.self_attn.q_proj.weight][A

Loading weights:   6%|▋         | 78/1247 [00:13<17:02,  1.14it/s, Materializing param=model.language_model.layers.5.self_attn.q_proj.weight][A

Loading weights:   6%|▋         | 79/1247 [00:13<17:01,  1.14it/s, Materializing param=model.language_model.layers.5.self_attn.v_proj.weight][A

Loading weights:   6%|▋         | 79/1247 [00:13<17:01,  1.14it/s, Materializing param=model.language_model.layers.5.self_attn.v_proj.weight][A

Loading weights:   6%|▋         | 80/1247 [00:13<17:00,  1.14it/s, Materializing param=model.language_model.layers.6.input_layernorm.weight] [A

Loading weights:   6%|▋         | 80/1247 [00:13<17:00,  1.14it/s, Materializing param=model.language_model.layers.6.input_layernorm.weight][A

Loading weights:   6%|▋         | 81/1247 [00:13<16:59,  1.14it/s, Materializing param=model.language_model.layers.6.mlp.down_proj.weight]  [A

Loading weights:   6%|▋         | 81/1247 [00:13<16:59,  1.14it/s, Materializing param=model.language_model.layers.6.mlp.down_proj.weight][A

Loading weights:   7%|▋         | 82/1247 [00:13<16:58,  1.14it/s, Materializing param=model.language_model.layers.6.mlp.gate_proj.weight][A

Loading weights:   7%|▋         | 82/1247 [00:13<16:58,  1.14it/s, Materializing param=model.language_model.layers.6.mlp.gate_proj.weight][A

Loading weights:   7%|▋         | 83/1247 [00:13<16:57,  1.14it/s, Materializing param=model.language_model.layers.6.mlp.up_proj.weight]  [A

Loading weights:   7%|▋         | 83/1247 [00:13<16:57,  1.14it/s, Materializing param=model.language_model.layers.6.mlp.up_proj.weight][A

Loading weights:   7%|▋         | 84/1247 [00:13<16:57,  1.14it/s, Materializing param=model.language_model.layers.6.post_attention_layernorm.weight][A

Loading weights:   7%|▋         | 84/1247 [00:13<16:57,  1.14it/s, Materializing param=model.language_model.layers.6.post_attention_layernorm.weight][A

Loading weights:   7%|▋         | 85/1247 [00:13<16:56,  1.14it/s, Materializing param=model.language_model.layers.6.post_feedforward_layernorm.weight][A

Loading weights:   7%|▋         | 85/1247 [00:13<16:56,  1.14it/s, Materializing param=model.language_model.layers.6.post_feedforward_layernorm.weight][A

Loading weights:   7%|▋         | 86/1247 [00:13<16:55,  1.14it/s, Materializing param=model.language_model.layers.6.pre_feedforward_layernorm.weight] [A

Loading weights:   7%|▋         | 86/1247 [00:13<16:55,  1.14it/s, Materializing param=model.language_model.layers.6.pre_feedforward_layernorm.weight][A

Loading weights:   7%|▋         | 87/1247 [00:13<16:54,  1.14it/s, Materializing param=model.language_model.layers.6.self_attn.k_norm.weight]         [A

Loading weights:   7%|▋         | 87/1247 [00:13<16:54,  1.14it/s, Materializing param=model.language_model.layers.6.self_attn.k_norm.weight][A

Loading weights:   7%|▋         | 88/1247 [00:13<16:53,  1.14it/s, Materializing param=model.language_model.layers.6.self_attn.k_proj.weight][A

Loading weights:   7%|▋         | 88/1247 [00:13<16:53,  1.14it/s, Materializing param=model.language_model.layers.6.self_attn.k_proj.weight][A

Loading weights:   7%|▋         | 89/1247 [00:13<16:52,  1.14it/s, Materializing param=model.language_model.layers.6.self_attn.o_proj.weight][A

Loading weights:   7%|▋         | 89/1247 [00:13<16:52,  1.14it/s, Materializing param=model.language_model.layers.6.self_attn.o_proj.weight][A

Loading weights:   7%|▋         | 90/1247 [00:13<16:51,  1.14it/s, Materializing param=model.language_model.layers.6.self_attn.q_norm.weight][A

Loading weights:   7%|▋         | 90/1247 [00:13<16:51,  1.14it/s, Materializing param=model.language_model.layers.6.self_attn.q_norm.weight][A

Loading weights:   7%|▋         | 91/1247 [00:13<16:50,  1.14it/s, Materializing param=model.language_model.layers.6.self_attn.q_proj.weight][A

Loading weights:   7%|▋         | 91/1247 [00:13<16:50,  1.14it/s, Materializing param=model.language_model.layers.6.self_attn.q_proj.weight][A

Loading weights:   7%|▋         | 92/1247 [00:13<16:50,  1.14it/s, Materializing param=model.language_model.layers.6.self_attn.v_proj.weight][A

Loading weights:   7%|▋         | 92/1247 [00:13<16:50,  1.14it/s, Materializing param=model.language_model.layers.6.self_attn.v_proj.weight][A

Loading weights:   7%|▋         | 93/1247 [00:13<16:49,  1.14it/s, Materializing param=model.language_model.layers.7.input_layernorm.weight] [A

Loading weights:   7%|▋         | 93/1247 [00:13<16:49,  1.14it/s, Materializing param=model.language_model.layers.7.input_layernorm.weight][A

Loading weights:   8%|▊         | 94/1247 [00:13<16:48,  1.14it/s, Materializing param=model.language_model.layers.7.mlp.down_proj.weight]  [A

Loading weights:   8%|▊         | 94/1247 [00:13<16:48,  1.14it/s, Materializing param=model.language_model.layers.7.mlp.down_proj.weight][A

Loading weights:   8%|▊         | 95/1247 [00:13<16:47,  1.14it/s, Materializing param=model.language_model.layers.7.mlp.gate_proj.weight][A

Loading weights:   8%|▊         | 95/1247 [00:13<16:47,  1.14it/s, Materializing param=model.language_model.layers.7.mlp.gate_proj.weight][A

Loading weights:   8%|▊         | 96/1247 [00:13<00:58, 19.58it/s, Materializing param=model.language_model.layers.7.mlp.gate_proj.weight][A

Loading weights:   8%|▊         | 96/1247 [00:13<00:58, 19.58it/s, Materializing param=model.language_model.layers.7.mlp.up_proj.weight]  [A

Loading weights:   8%|▊         | 96/1247 [00:13<00:58, 19.58it/s, Materializing param=model.language_model.layers.7.mlp.up_proj.weight][A

Loading weights:   8%|▊         | 97/1247 [00:13<00:58, 19.58it/s, Materializing param=model.language_model.layers.7.post_attention_layernorm.weight][A

Loading weights:   8%|▊         | 97/1247 [00:13<00:58, 19.58it/s, Materializing param=model.language_model.layers.7.post_attention_layernorm.weight][A

Loading weights:   8%|▊         | 98/1247 [00:13<00:58, 19.58it/s, Materializing param=model.language_model.layers.7.post_feedforward_layernorm.weight][A

Loading weights:   8%|▊         | 98/1247 [00:13<00:58, 19.58it/s, Materializing param=model.language_model.layers.7.post_feedforward_layernorm.weight][A

Loading weights:   8%|▊         | 99/1247 [00:13<00:58, 19.58it/s, Materializing param=model.language_model.layers.7.pre_feedforward_layernorm.weight] [A

Loading weights:   8%|▊         | 99/1247 [00:13<00:58, 19.58it/s, Materializing param=model.language_model.layers.7.pre_feedforward_layernorm.weight][A

Loading weights:   8%|▊         | 100/1247 [00:13<00:58, 19.58it/s, Materializing param=model.language_model.layers.7.self_attn.k_norm.weight]        [A

Loading weights:   8%|▊         | 100/1247 [00:13<00:58, 19.58it/s, Materializing param=model.language_model.layers.7.self_attn.k_norm.weight][A

Loading weights:   8%|▊         | 101/1247 [00:13<00:58, 19.58it/s, Materializing param=model.language_model.layers.7.self_attn.k_proj.weight][A

Loading weights:   8%|▊         | 101/1247 [00:13<00:58, 19.58it/s, Materializing param=model.language_model.layers.7.self_attn.k_proj.weight][A

Loading weights:   8%|▊         | 102/1247 [00:13<00:58, 19.58it/s, Materializing param=model.language_model.layers.7.self_attn.o_proj.weight][A

Loading weights:   8%|▊         | 102/1247 [00:13<00:58, 19.58it/s, Materializing param=model.language_model.layers.7.self_attn.o_proj.weight][A

Loading weights:   8%|▊         | 103/1247 [00:13<00:58, 19.58it/s, Materializing param=model.language_model.layers.7.self_attn.q_norm.weight][A

Loading weights:   8%|▊         | 103/1247 [00:13<00:58, 19.58it/s, Materializing param=model.language_model.layers.7.self_attn.q_norm.weight][A

Loading weights:   8%|▊         | 104/1247 [00:13<00:58, 19.58it/s, Materializing param=model.language_model.layers.7.self_attn.q_proj.weight][A

Loading weights:   8%|▊         | 104/1247 [00:13<00:58, 19.58it/s, Materializing param=model.language_model.layers.7.self_attn.q_proj.weight][A

Loading weights:   8%|▊         | 105/1247 [00:13<00:58, 19.58it/s, Materializing param=model.language_model.layers.7.self_attn.v_proj.weight][A

Loading weights:   8%|▊         | 105/1247 [00:13<00:58, 19.58it/s, Materializing param=model.language_model.layers.7.self_attn.v_proj.weight][A

Loading weights:   9%|▊         | 106/1247 [00:13<00:58, 19.58it/s, Materializing param=model.language_model.layers.8.input_layernorm.weight] [A

Loading weights:   9%|▊         | 106/1247 [00:13<00:58, 19.58it/s, Materializing param=model.language_model.layers.8.input_layernorm.weight][A

Loading weights:   9%|▊         | 107/1247 [00:13<00:58, 19.58it/s, Materializing param=model.language_model.layers.8.mlp.down_proj.weight]  [A

Loading weights:   9%|▊         | 107/1247 [00:13<00:58, 19.58it/s, Materializing param=model.language_model.layers.8.mlp.down_proj.weight][A

Loading weights:   9%|▊         | 108/1247 [00:16<00:58, 19.58it/s, Materializing param=model.language_model.layers.8.mlp.gate_proj.weight][A

Loading weights:   9%|▊         | 108/1247 [00:16<00:58, 19.58it/s, Materializing param=model.language_model.layers.8.mlp.gate_proj.weight][A

Loading weights:   9%|▊         | 109/1247 [00:19<00:58, 19.58it/s, Materializing param=model.language_model.layers.8.mlp.up_proj.weight]  [A

Loading weights:   9%|▊         | 109/1247 [00:19<00:58, 19.58it/s, Materializing param=model.language_model.layers.8.mlp.up_proj.weight][A

Loading weights:   9%|▉         | 110/1247 [00:22<00:58, 19.58it/s, Materializing param=model.language_model.layers.8.post_attention_layernorm.weight][A

Loading weights:   9%|▉         | 110/1247 [00:22<00:58, 19.58it/s, Materializing param=model.language_model.layers.8.post_attention_layernorm.weight][A

Loading weights:   9%|▉         | 111/1247 [00:22<00:58, 19.58it/s, Materializing param=model.language_model.layers.8.post_feedforward_layernorm.weight][A

Loading weights:   9%|▉         | 111/1247 [00:22<00:58, 19.58it/s, Materializing param=model.language_model.layers.8.post_feedforward_layernorm.weight][A

Loading weights:   9%|▉         | 112/1247 [00:22<00:57, 19.58it/s, Materializing param=model.language_model.layers.8.pre_feedforward_layernorm.weight] [A

Loading weights:   9%|▉         | 112/1247 [00:22<00:57, 19.58it/s, Materializing param=model.language_model.layers.8.pre_feedforward_layernorm.weight][A

Loading weights:   9%|▉         | 113/1247 [00:22<00:57, 19.58it/s, Materializing param=model.language_model.layers.8.self_attn.k_norm.weight]         [A

Loading weights:   9%|▉         | 113/1247 [00:22<00:57, 19.58it/s, Materializing param=model.language_model.layers.8.self_attn.k_norm.weight][A

Loading weights:   9%|▉         | 114/1247 [00:22<00:57, 19.58it/s, Materializing param=model.language_model.layers.8.self_attn.k_proj.weight][A

Loading weights:   9%|▉         | 114/1247 [00:22<00:57, 19.58it/s, Materializing param=model.language_model.layers.8.self_attn.k_proj.weight][A

Loading weights:   9%|▉         | 114/1247 [00:23<00:57, 19.58it/s, Materializing param=model.language_model.layers.8.self_attn.k_proj.weight][A

Loading weights:   9%|▉         | 115/1247 [00:25<03:33,  5.31it/s, Materializing param=model.language_model.layers.8.self_attn.k_proj.weight][A

Loading weights:   9%|▉         | 115/1247 [00:25<03:33,  5.31it/s, Materializing param=model.language_model.layers.8.self_attn.o_proj.weight][A

Loading weights:   9%|▉         | 115/1247 [00:25<03:33,  5.31it/s, Materializing param=model.language_model.layers.8.self_attn.o_proj.weight][A

Loading weights:   9%|▉         | 116/1247 [00:27<04:18,  4.38it/s, Materializing param=model.language_model.layers.8.self_attn.o_proj.weight][A

Loading weights:   9%|▉         | 116/1247 [00:27<04:18,  4.38it/s, Materializing param=model.language_model.layers.8.self_attn.q_norm.weight][A

Loading weights:   9%|▉         | 116/1247 [00:27<04:18,  4.38it/s, Materializing param=model.language_model.layers.8.self_attn.q_norm.weight][A

Loading weights:   9%|▉         | 117/1247 [00:27<04:18,  4.38it/s, Materializing param=model.language_model.layers.8.self_attn.q_proj.weight][A

Loading weights:   9%|▉         | 117/1247 [00:27<04:18,  4.38it/s, Materializing param=model.language_model.layers.8.self_attn.q_proj.weight][A

Loading weights:   9%|▉         | 118/1247 [00:30<04:17,  4.38it/s, Materializing param=model.language_model.layers.8.self_attn.v_proj.weight][A

Loading weights:   9%|▉         | 118/1247 [00:30<04:17,  4.38it/s, Materializing param=model.language_model.layers.8.self_attn.v_proj.weight][A

Loading weights:  10%|▉         | 119/1247 [00:33<04:17,  4.38it/s, Materializing param=model.language_model.layers.9.input_layernorm.weight] [A

Loading weights:  10%|▉         | 119/1247 [00:33<04:17,  4.38it/s, Materializing param=model.language_model.layers.9.input_layernorm.weight][A

Loading weights:  10%|▉         | 120/1247 [00:33<04:17,  4.38it/s, Materializing param=model.language_model.layers.9.mlp.down_proj.weight]  [A

Loading weights:  10%|▉         | 120/1247 [00:33<04:17,  4.38it/s, Materializing param=model.language_model.layers.9.mlp.down_proj.weight][A

Loading weights:  10%|▉         | 121/1247 [00:36<04:17,  4.38it/s, Materializing param=model.language_model.layers.9.mlp.gate_proj.weight][A

Loading weights:  10%|▉         | 121/1247 [00:36<04:17,  4.38it/s, Materializing param=model.language_model.layers.9.mlp.gate_proj.weight][A

Loading weights:  10%|▉         | 122/1247 [00:39<04:16,  4.38it/s, Materializing param=model.language_model.layers.9.mlp.up_proj.weight]  [A

Loading weights:  10%|▉         | 122/1247 [00:39<04:16,  4.38it/s, Materializing param=model.language_model.layers.9.mlp.up_proj.weight][A

Loading weights:  10%|▉         | 123/1247 [00:39<04:16,  4.38it/s, Materializing param=model.language_model.layers.9.post_attention_layernorm.weight][A

Loading weights:  10%|▉         | 123/1247 [00:39<04:16,  4.38it/s, Materializing param=model.language_model.layers.9.post_attention_layernorm.weight][A

Loading weights:  10%|▉         | 124/1247 [00:39<04:16,  4.38it/s, Materializing param=model.language_model.layers.9.post_feedforward_layernorm.weight][A

Loading weights:  10%|▉         | 124/1247 [00:39<04:16,  4.38it/s, Materializing param=model.language_model.layers.9.post_feedforward_layernorm.weight][A

Loading weights:  10%|█         | 125/1247 [00:39<04:16,  4.38it/s, Materializing param=model.language_model.layers.9.pre_feedforward_layernorm.weight] [A

Loading weights:  10%|█         | 125/1247 [00:39<04:16,  4.38it/s, Materializing param=model.language_model.layers.9.pre_feedforward_layernorm.weight][A

Loading weights:  10%|█         | 126/1247 [00:39<04:16,  4.38it/s, Materializing param=model.language_model.layers.9.self_attn.k_norm.weight]         [A

Loading weights:  10%|█         | 126/1247 [00:39<04:16,  4.38it/s, Materializing param=model.language_model.layers.9.self_attn.k_norm.weight][A

Loading weights:  10%|█         | 127/1247 [00:39<04:15,  4.38it/s, Materializing param=model.language_model.layers.9.self_attn.k_proj.weight][A

Loading weights:  10%|█         | 127/1247 [00:39<04:15,  4.38it/s, Materializing param=model.language_model.layers.9.self_attn.k_proj.weight][A

Loading weights:  10%|█         | 128/1247 [00:39<04:15,  4.38it/s, Materializing param=model.language_model.layers.9.self_attn.o_proj.weight][A

Loading weights:  10%|█         | 128/1247 [00:39<04:15,  4.38it/s, Materializing param=model.language_model.layers.9.self_attn.o_proj.weight][A

Loading weights:  10%|█         | 129/1247 [00:39<04:15,  4.38it/s, Materializing param=model.language_model.layers.9.self_attn.q_norm.weight][A

Loading weights:  10%|█         | 129/1247 [00:39<04:15,  4.38it/s, Materializing param=model.language_model.layers.9.self_attn.q_norm.weight][A

Loading weights:  10%|█         | 130/1247 [00:39<04:15,  4.38it/s, Materializing param=model.language_model.layers.9.self_attn.q_proj.weight][A

Loading weights:  10%|█         | 130/1247 [00:39<04:15,  4.38it/s, Materializing param=model.language_model.layers.9.self_attn.q_proj.weight][A

Loading weights:  11%|█         | 131/1247 [00:39<04:14,  4.38it/s, Materializing param=model.language_model.layers.9.self_attn.v_proj.weight][A

Loading weights:  11%|█         | 131/1247 [00:39<04:14,  4.38it/s, Materializing param=model.language_model.layers.9.self_attn.v_proj.weight][A

Loading weights:  11%|█         | 132/1247 [00:39<04:14,  4.38it/s, Materializing param=model.language_model.layers.10.input_layernorm.weight][A

Loading weights:  11%|█         | 132/1247 [00:39<04:14,  4.38it/s, Materializing param=model.language_model.layers.10.input_layernorm.weight][A

Loading weights:  11%|█         | 133/1247 [00:39<04:14,  4.38it/s, Materializing param=model.language_model.layers.10.mlp.down_proj.weight]  [A

Loading weights:  11%|█         | 133/1247 [00:39<04:14,  4.38it/s, Materializing param=model.language_model.layers.10.mlp.down_proj.weight][A

Loading weights:  11%|█         | 134/1247 [00:39<04:14,  4.38it/s, Materializing param=model.language_model.layers.10.mlp.gate_proj.weight][A

Loading weights:  11%|█         | 134/1247 [00:39<04:14,  4.38it/s, Materializing param=model.language_model.layers.10.mlp.gate_proj.weight][A

Loading weights:  11%|█         | 135/1247 [00:39<04:14,  4.38it/s, Materializing param=model.language_model.layers.10.mlp.up_proj.weight]  [A

Loading weights:  11%|█         | 135/1247 [00:39<04:14,  4.38it/s, Materializing param=model.language_model.layers.10.mlp.up_proj.weight][A

Loading weights:  11%|█         | 136/1247 [00:39<06:26,  2.87it/s, Materializing param=model.language_model.layers.10.mlp.up_proj.weight][A

Loading weights:  11%|█         | 136/1247 [00:39<06:26,  2.87it/s, Materializing param=model.language_model.layers.10.post_attention_layernorm.weight][A

Loading weights:  11%|█         | 136/1247 [00:39<06:26,  2.87it/s, Materializing param=model.language_model.layers.10.post_attention_layernorm.weight][A

Loading weights:  11%|█         | 137/1247 [00:39<06:26,  2.87it/s, Materializing param=model.language_model.layers.10.post_feedforward_layernorm.weight][A

Loading weights:  11%|█         | 137/1247 [00:39<06:26,  2.87it/s, Materializing param=model.language_model.layers.10.post_feedforward_layernorm.weight][A

Loading weights:  11%|█         | 138/1247 [00:39<06:25,  2.87it/s, Materializing param=model.language_model.layers.10.pre_feedforward_layernorm.weight] [A

Loading weights:  11%|█         | 138/1247 [00:39<06:25,  2.87it/s, Materializing param=model.language_model.layers.10.pre_feedforward_layernorm.weight][A

Loading weights:  11%|█         | 139/1247 [00:39<06:25,  2.87it/s, Materializing param=model.language_model.layers.10.self_attn.k_norm.weight]         [A

Loading weights:  11%|█         | 139/1247 [00:39<06:25,  2.87it/s, Materializing param=model.language_model.layers.10.self_attn.k_norm.weight][A

Loading weights:  11%|█         | 140/1247 [00:39<06:25,  2.87it/s, Materializing param=model.language_model.layers.10.self_attn.k_proj.weight][A

Loading weights:  11%|█         | 140/1247 [00:39<06:25,  2.87it/s, Materializing param=model.language_model.layers.10.self_attn.k_proj.weight][A

Loading weights:  11%|█▏        | 141/1247 [00:39<06:24,  2.87it/s, Materializing param=model.language_model.layers.10.self_attn.o_proj.weight][A

Loading weights:  11%|█▏        | 141/1247 [00:39<06:24,  2.87it/s, Materializing param=model.language_model.layers.10.self_attn.o_proj.weight][A

Loading weights:  11%|█▏        | 142/1247 [00:39<06:24,  2.87it/s, Materializing param=model.language_model.layers.10.self_attn.q_norm.weight][A

Loading weights:  11%|█▏        | 142/1247 [00:39<06:24,  2.87it/s, Materializing param=model.language_model.layers.10.self_attn.q_norm.weight][A

Loading weights:  11%|█▏        | 143/1247 [00:39<06:24,  2.87it/s, Materializing param=model.language_model.layers.10.self_attn.q_proj.weight][A

Loading weights:  11%|█▏        | 143/1247 [00:39<06:24,  2.87it/s, Materializing param=model.language_model.layers.10.self_attn.q_proj.weight][A

Loading weights:  12%|█▏        | 144/1247 [00:39<06:23,  2.87it/s, Materializing param=model.language_model.layers.10.self_attn.v_proj.weight][A

Loading weights:  12%|█▏        | 144/1247 [00:39<06:23,  2.87it/s, Materializing param=model.language_model.layers.10.self_attn.v_proj.weight][A

Loading weights:  12%|█▏        | 145/1247 [00:39<06:23,  2.87it/s, Materializing param=model.language_model.layers.11.input_layernorm.weight] [A

Loading weights:  12%|█▏        | 145/1247 [00:39<06:23,  2.87it/s, Materializing param=model.language_model.layers.11.input_layernorm.weight][A

Loading weights:  12%|█▏        | 146/1247 [00:39<06:22,  2.87it/s, Materializing param=model.language_model.layers.11.mlp.down_proj.weight]  [A

Loading weights:  12%|█▏        | 146/1247 [00:39<06:22,  2.87it/s, Materializing param=model.language_model.layers.11.mlp.down_proj.weight][A

Loading weights:  12%|█▏        | 147/1247 [00:39<06:22,  2.87it/s, Materializing param=model.language_model.layers.11.mlp.gate_proj.weight][A

Loading weights:  12%|█▏        | 147/1247 [00:39<06:22,  2.87it/s, Materializing param=model.language_model.layers.11.mlp.gate_proj.weight][A

Loading weights:  12%|█▏        | 148/1247 [00:39<06:22,  2.87it/s, Materializing param=model.language_model.layers.11.mlp.up_proj.weight]  [A

Loading weights:  12%|█▏        | 148/1247 [00:39<06:22,  2.87it/s, Materializing param=model.language_model.layers.11.mlp.up_proj.weight][A

Loading weights:  12%|█▏        | 149/1247 [00:39<06:21,  2.87it/s, Materializing param=model.language_model.layers.11.post_attention_layernorm.weight][A

Loading weights:  12%|█▏        | 149/1247 [00:39<06:21,  2.87it/s, Materializing param=model.language_model.layers.11.post_attention_layernorm.weight][A

Loading weights:  12%|█▏        | 150/1247 [00:39<06:21,  2.87it/s, Materializing param=model.language_model.layers.11.post_feedforward_layernorm.weight][A

Loading weights:  12%|█▏        | 150/1247 [00:39<06:21,  2.87it/s, Materializing param=model.language_model.layers.11.post_feedforward_layernorm.weight][A

Loading weights:  12%|█▏        | 151/1247 [00:39<06:21,  2.87it/s, Materializing param=model.language_model.layers.11.pre_feedforward_layernorm.weight] [A

Loading weights:  12%|█▏        | 151/1247 [00:39<06:21,  2.87it/s, Materializing param=model.language_model.layers.11.pre_feedforward_layernorm.weight][A

Loading weights:  12%|█▏        | 152/1247 [00:39<06:20,  2.87it/s, Materializing param=model.language_model.layers.11.self_attn.k_norm.weight]         [A

Loading weights:  12%|█▏        | 152/1247 [00:39<06:20,  2.87it/s, Materializing param=model.language_model.layers.11.self_attn.k_norm.weight][A

Loading weights:  12%|█▏        | 153/1247 [00:39<06:20,  2.87it/s, Materializing param=model.language_model.layers.11.self_attn.k_proj.weight][A

Loading weights:  12%|█▏        | 153/1247 [00:39<06:20,  2.87it/s, Materializing param=model.language_model.layers.11.self_attn.k_proj.weight][A

Loading weights:  12%|█▏        | 154/1247 [00:39<06:20,  2.87it/s, Materializing param=model.language_model.layers.11.self_attn.o_proj.weight][A

Loading weights:  12%|█▏        | 154/1247 [00:39<06:20,  2.87it/s, Materializing param=model.language_model.layers.11.self_attn.o_proj.weight][A

Loading weights:  12%|█▏        | 155/1247 [00:39<06:19,  2.87it/s, Materializing param=model.language_model.layers.11.self_attn.q_norm.weight][A

Loading weights:  12%|█▏        | 155/1247 [00:39<06:19,  2.87it/s, Materializing param=model.language_model.layers.11.self_attn.q_norm.weight][A

Loading weights:  13%|█▎        | 156/1247 [00:39<06:19,  2.87it/s, Materializing param=model.language_model.layers.11.self_attn.q_proj.weight][A

Loading weights:  13%|█▎        | 156/1247 [00:39<06:19,  2.87it/s, Materializing param=model.language_model.layers.11.self_attn.q_proj.weight][A

Loading weights:  13%|█▎        | 157/1247 [00:39<06:19,  2.87it/s, Materializing param=model.language_model.layers.11.self_attn.v_proj.weight][A

Loading weights:  13%|█▎        | 157/1247 [00:39<06:19,  2.87it/s, Materializing param=model.language_model.layers.11.self_attn.v_proj.weight][A

Loading weights:  13%|█▎        | 158/1247 [00:39<06:18,  2.87it/s, Materializing param=model.language_model.layers.12.input_layernorm.weight] [A

Loading weights:  13%|█▎        | 158/1247 [00:39<06:18,  2.87it/s, Materializing param=model.language_model.layers.12.input_layernorm.weight][A

Loading weights:  13%|█▎        | 159/1247 [00:39<06:18,  2.87it/s, Materializing param=model.language_model.layers.12.mlp.down_proj.weight]  [A

Loading weights:  13%|█▎        | 159/1247 [00:39<06:18,  2.87it/s, Materializing param=model.language_model.layers.12.mlp.down_proj.weight][A

Loading weights:  13%|█▎        | 160/1247 [00:39<06:18,  2.87it/s, Materializing param=model.language_model.layers.12.mlp.gate_proj.weight][A

Loading weights:  13%|█▎        | 160/1247 [00:39<06:18,  2.87it/s, Materializing param=model.language_model.layers.12.mlp.gate_proj.weight][A

Loading weights:  13%|█▎        | 161/1247 [00:39<06:17,  2.87it/s, Materializing param=model.language_model.layers.12.mlp.up_proj.weight]  [A

Loading weights:  13%|█▎        | 161/1247 [00:39<06:17,  2.87it/s, Materializing param=model.language_model.layers.12.mlp.up_proj.weight][A

Loading weights:  13%|█▎        | 162/1247 [00:39<06:17,  2.87it/s, Materializing param=model.language_model.layers.12.post_attention_layernorm.weight][A

Loading weights:  13%|█▎        | 162/1247 [00:39<06:17,  2.87it/s, Materializing param=model.language_model.layers.12.post_attention_layernorm.weight][A

Loading weights:  13%|█▎        | 163/1247 [00:39<06:17,  2.87it/s, Materializing param=model.language_model.layers.12.post_feedforward_layernorm.weight][A

Loading weights:  13%|█▎        | 163/1247 [00:39<06:17,  2.87it/s, Materializing param=model.language_model.layers.12.post_feedforward_layernorm.weight][A

Loading weights:  13%|█▎        | 164/1247 [00:39<06:16,  2.87it/s, Materializing param=model.language_model.layers.12.pre_feedforward_layernorm.weight] [A

Loading weights:  13%|█▎        | 164/1247 [00:39<06:16,  2.87it/s, Materializing param=model.language_model.layers.12.pre_feedforward_layernorm.weight][A

Loading weights:  13%|█▎        | 165/1247 [00:39<06:16,  2.87it/s, Materializing param=model.language_model.layers.12.self_attn.k_norm.weight]         [A

Loading weights:  13%|█▎        | 165/1247 [00:39<06:16,  2.87it/s, Materializing param=model.language_model.layers.12.self_attn.k_norm.weight][A

Loading weights:  13%|█▎        | 166/1247 [00:39<06:16,  2.87it/s, Materializing param=model.language_model.layers.12.self_attn.k_proj.weight][A

Loading weights:  13%|█▎        | 166/1247 [00:39<06:16,  2.87it/s, Materializing param=model.language_model.layers.12.self_attn.k_proj.weight][A

Loading weights:  13%|█▎        | 167/1247 [00:39<06:15,  2.87it/s, Materializing param=model.language_model.layers.12.self_attn.o_proj.weight][A

Loading weights:  13%|█▎        | 167/1247 [00:39<06:15,  2.87it/s, Materializing param=model.language_model.layers.12.self_attn.o_proj.weight][A

Loading weights:  13%|█▎        | 168/1247 [00:39<06:15,  2.87it/s, Materializing param=model.language_model.layers.12.self_attn.q_norm.weight][A

Loading weights:  13%|█▎        | 168/1247 [00:39<06:15,  2.87it/s, Materializing param=model.language_model.layers.12.self_attn.q_norm.weight][A

Loading weights:  14%|█▎        | 169/1247 [00:39<06:14,  2.87it/s, Materializing param=model.language_model.layers.12.self_attn.q_proj.weight][A

Loading weights:  14%|█▎        | 169/1247 [00:39<06:14,  2.87it/s, Materializing param=model.language_model.layers.12.self_attn.q_proj.weight][A

Loading weights:  14%|█▎        | 170/1247 [00:39<06:14,  2.87it/s, Materializing param=model.language_model.layers.12.self_attn.v_proj.weight][A

Loading weights:  14%|█▎        | 170/1247 [00:39<06:14,  2.87it/s, Materializing param=model.language_model.layers.12.self_attn.v_proj.weight][A

Loading weights:  14%|█▎        | 171/1247 [00:39<06:14,  2.87it/s, Materializing param=model.language_model.layers.13.input_layernorm.weight] [A

Loading weights:  14%|█▎        | 171/1247 [00:39<06:14,  2.87it/s, Materializing param=model.language_model.layers.13.input_layernorm.weight][A

Loading weights:  14%|█▍        | 172/1247 [00:39<06:13,  2.87it/s, Materializing param=model.language_model.layers.13.mlp.down_proj.weight]  [A

Loading weights:  14%|█▍        | 172/1247 [00:39<06:13,  2.87it/s, Materializing param=model.language_model.layers.13.mlp.down_proj.weight][A

Loading weights:  14%|█▍        | 173/1247 [00:39<06:13,  2.87it/s, Materializing param=model.language_model.layers.13.mlp.gate_proj.weight][A

Loading weights:  14%|█▍        | 173/1247 [00:39<06:13,  2.87it/s, Materializing param=model.language_model.layers.13.mlp.gate_proj.weight][A

Loading weights:  14%|█▍        | 174/1247 [00:39<06:13,  2.87it/s, Materializing param=model.language_model.layers.13.mlp.up_proj.weight]  [A

Loading weights:  14%|█▍        | 174/1247 [00:39<06:13,  2.87it/s, Materializing param=model.language_model.layers.13.mlp.up_proj.weight][A

Loading weights:  14%|█▍        | 175/1247 [00:39<06:12,  2.87it/s, Materializing param=model.language_model.layers.13.post_attention_layernorm.weight][A

Loading weights:  14%|█▍        | 175/1247 [00:39<06:12,  2.87it/s, Materializing param=model.language_model.layers.13.post_attention_layernorm.weight][A

Loading weights:  14%|█▍        | 176/1247 [00:39<06:12,  2.87it/s, Materializing param=model.language_model.layers.13.post_feedforward_layernorm.weight][A

Loading weights:  14%|█▍        | 176/1247 [00:39<06:12,  2.87it/s, Materializing param=model.language_model.layers.13.post_feedforward_layernorm.weight][A

Loading weights:  14%|█▍        | 177/1247 [00:39<06:12,  2.87it/s, Materializing param=model.language_model.layers.13.pre_feedforward_layernorm.weight] [A

Loading weights:  14%|█▍        | 177/1247 [00:39<06:12,  2.87it/s, Materializing param=model.language_model.layers.13.pre_feedforward_layernorm.weight][A

Loading weights:  14%|█▍        | 178/1247 [00:39<06:11,  2.87it/s, Materializing param=model.language_model.layers.13.self_attn.k_norm.weight]         [A

Loading weights:  14%|█▍        | 178/1247 [00:39<06:11,  2.87it/s, Materializing param=model.language_model.layers.13.self_attn.k_norm.weight][A

Loading weights:  14%|█▍        | 179/1247 [00:39<06:11,  2.87it/s, Materializing param=model.language_model.layers.13.self_attn.k_proj.weight][A

Loading weights:  14%|█▍        | 179/1247 [00:39<06:11,  2.87it/s, Materializing param=model.language_model.layers.13.self_attn.k_proj.weight][A

Loading weights:  14%|█▍        | 180/1247 [00:39<06:11,  2.87it/s, Materializing param=model.language_model.layers.13.self_attn.o_proj.weight][A

Loading weights:  14%|█▍        | 180/1247 [00:39<06:11,  2.87it/s, Materializing param=model.language_model.layers.13.self_attn.o_proj.weight][A

Loading weights:  15%|█▍        | 181/1247 [00:39<06:10,  2.87it/s, Materializing param=model.language_model.layers.13.self_attn.q_norm.weight][A

Loading weights:  15%|█▍        | 181/1247 [00:39<06:10,  2.87it/s, Materializing param=model.language_model.layers.13.self_attn.q_norm.weight][A

Loading weights:  15%|█▍        | 182/1247 [00:39<06:10,  2.87it/s, Materializing param=model.language_model.layers.13.self_attn.q_proj.weight][A

Loading weights:  15%|█▍        | 182/1247 [00:39<06:10,  2.87it/s, Materializing param=model.language_model.layers.13.self_attn.q_proj.weight][A

Loading weights:  15%|█▍        | 183/1247 [00:39<06:10,  2.87it/s, Materializing param=model.language_model.layers.13.self_attn.v_proj.weight][A

Loading weights:  15%|█▍        | 183/1247 [00:39<06:10,  2.87it/s, Materializing param=model.language_model.layers.13.self_attn.v_proj.weight][A

Loading weights:  15%|█▍        | 184/1247 [00:39<06:09,  2.87it/s, Materializing param=model.language_model.layers.14.input_layernorm.weight] [A

Loading weights:  15%|█▍        | 184/1247 [00:39<06:09,  2.87it/s, Materializing param=model.language_model.layers.14.input_layernorm.weight][A

Loading weights:  15%|█▍        | 185/1247 [00:39<06:09,  2.87it/s, Materializing param=model.language_model.layers.14.mlp.down_proj.weight]  [A

Loading weights:  15%|█▍        | 185/1247 [00:39<06:09,  2.87it/s, Materializing param=model.language_model.layers.14.mlp.down_proj.weight][A

Loading weights:  15%|█▍        | 186/1247 [00:39<06:09,  2.87it/s, Materializing param=model.language_model.layers.14.mlp.gate_proj.weight][A

Loading weights:  15%|█▍        | 186/1247 [00:39<06:09,  2.87it/s, Materializing param=model.language_model.layers.14.mlp.gate_proj.weight][A

Loading weights:  15%|█▍        | 187/1247 [00:39<06:08,  2.87it/s, Materializing param=model.language_model.layers.14.mlp.up_proj.weight]  [A

Loading weights:  15%|█▍        | 187/1247 [00:39<06:08,  2.87it/s, Materializing param=model.language_model.layers.14.mlp.up_proj.weight][A

Loading weights:  15%|█▌        | 188/1247 [00:39<06:08,  2.87it/s, Materializing param=model.language_model.layers.14.post_attention_layernorm.weight][A

Loading weights:  15%|█▌        | 188/1247 [00:39<06:08,  2.87it/s, Materializing param=model.language_model.layers.14.post_attention_layernorm.weight][A

Loading weights:  15%|█▌        | 189/1247 [00:39<06:08,  2.87it/s, Materializing param=model.language_model.layers.14.post_feedforward_layernorm.weight][A

Loading weights:  15%|█▌        | 189/1247 [00:39<06:08,  2.87it/s, Materializing param=model.language_model.layers.14.post_feedforward_layernorm.weight][A

Loading weights:  15%|█▌        | 190/1247 [00:39<06:07,  2.87it/s, Materializing param=model.language_model.layers.14.pre_feedforward_layernorm.weight] [A

Loading weights:  15%|█▌        | 190/1247 [00:39<06:07,  2.87it/s, Materializing param=model.language_model.layers.14.pre_feedforward_layernorm.weight][A

Loading weights:  15%|█▌        | 191/1247 [00:39<06:07,  2.87it/s, Materializing param=model.language_model.layers.14.self_attn.k_norm.weight]         [A

Loading weights:  15%|█▌        | 191/1247 [00:39<06:07,  2.87it/s, Materializing param=model.language_model.layers.14.self_attn.k_norm.weight][A

Loading weights:  15%|█▌        | 192/1247 [00:39<06:06,  2.87it/s, Materializing param=model.language_model.layers.14.self_attn.k_proj.weight][A

Loading weights:  15%|█▌        | 192/1247 [00:39<06:06,  2.87it/s, Materializing param=model.language_model.layers.14.self_attn.k_proj.weight][A

Loading weights:  15%|█▌        | 193/1247 [00:39<06:06,  2.87it/s, Materializing param=model.language_model.layers.14.self_attn.o_proj.weight][A

Loading weights:  15%|█▌        | 193/1247 [00:39<06:06,  2.87it/s, Materializing param=model.language_model.layers.14.self_attn.o_proj.weight][A

Loading weights:  16%|█▌        | 194/1247 [00:39<06:06,  2.87it/s, Materializing param=model.language_model.layers.14.self_attn.q_norm.weight][A

Loading weights:  16%|█▌        | 194/1247 [00:39<06:06,  2.87it/s, Materializing param=model.language_model.layers.14.self_attn.q_norm.weight][A

Loading weights:  16%|█▌        | 195/1247 [00:39<06:05,  2.87it/s, Materializing param=model.language_model.layers.14.self_attn.q_proj.weight][A

Loading weights:  16%|█▌        | 195/1247 [00:39<06:05,  2.87it/s, Materializing param=model.language_model.layers.14.self_attn.q_proj.weight][A

Loading weights:  16%|█▌        | 196/1247 [00:39<06:05,  2.87it/s, Materializing param=model.language_model.layers.14.self_attn.v_proj.weight][A

Loading weights:  16%|█▌        | 196/1247 [00:39<06:05,  2.87it/s, Materializing param=model.language_model.layers.14.self_attn.v_proj.weight][A

Loading weights:  16%|█▌        | 197/1247 [00:39<06:05,  2.87it/s, Materializing param=model.language_model.layers.15.input_layernorm.weight] [A

Loading weights:  16%|█▌        | 197/1247 [00:39<06:05,  2.87it/s, Materializing param=model.language_model.layers.15.input_layernorm.weight][A

Loading weights:  16%|█▌        | 198/1247 [00:39<06:04,  2.87it/s, Materializing param=model.language_model.layers.15.mlp.down_proj.weight]  [A

Loading weights:  16%|█▌        | 198/1247 [00:39<06:04,  2.87it/s, Materializing param=model.language_model.layers.15.mlp.down_proj.weight][A

Loading weights:  16%|█▌        | 199/1247 [00:39<06:04,  2.87it/s, Materializing param=model.language_model.layers.15.mlp.gate_proj.weight][A

Loading weights:  16%|█▌        | 199/1247 [00:39<06:04,  2.87it/s, Materializing param=model.language_model.layers.15.mlp.gate_proj.weight][A

Loading weights:  16%|█▌        | 200/1247 [00:39<06:04,  2.87it/s, Materializing param=model.language_model.layers.15.mlp.up_proj.weight]  [A

Loading weights:  16%|█▌        | 200/1247 [00:39<06:04,  2.87it/s, Materializing param=model.language_model.layers.15.mlp.up_proj.weight][A

Loading weights:  16%|█▌        | 201/1247 [00:39<06:03,  2.87it/s, Materializing param=model.language_model.layers.15.post_attention_layernorm.weight][A

Loading weights:  16%|█▌        | 201/1247 [00:39<06:03,  2.87it/s, Materializing param=model.language_model.layers.15.post_attention_layernorm.weight][A

Loading weights:  16%|█▌        | 202/1247 [00:39<06:03,  2.87it/s, Materializing param=model.language_model.layers.15.post_feedforward_layernorm.weight][A

Loading weights:  16%|█▌        | 202/1247 [00:39<06:03,  2.87it/s, Materializing param=model.language_model.layers.15.post_feedforward_layernorm.weight][A

Loading weights:  16%|█▋        | 203/1247 [00:39<06:03,  2.87it/s, Materializing param=model.language_model.layers.15.pre_feedforward_layernorm.weight] [A

Loading weights:  16%|█▋        | 203/1247 [00:39<06:03,  2.87it/s, Materializing param=model.language_model.layers.15.pre_feedforward_layernorm.weight][A

Loading weights:  16%|█▋        | 204/1247 [00:39<06:02,  2.87it/s, Materializing param=model.language_model.layers.15.self_attn.k_norm.weight]         [A

Loading weights:  16%|█▋        | 204/1247 [00:39<06:02,  2.87it/s, Materializing param=model.language_model.layers.15.self_attn.k_norm.weight][A

Loading weights:  16%|█▋        | 205/1247 [00:39<06:02,  2.87it/s, Materializing param=model.language_model.layers.15.self_attn.k_proj.weight][A

Loading weights:  16%|█▋        | 205/1247 [00:39<06:02,  2.87it/s, Materializing param=model.language_model.layers.15.self_attn.k_proj.weight][A

Loading weights:  17%|█▋        | 206/1247 [00:39<06:02,  2.87it/s, Materializing param=model.language_model.layers.15.self_attn.o_proj.weight][A

Loading weights:  17%|█▋        | 206/1247 [00:39<06:02,  2.87it/s, Materializing param=model.language_model.layers.15.self_attn.o_proj.weight][A

Loading weights:  17%|█▋        | 207/1247 [00:39<06:01,  2.87it/s, Materializing param=model.language_model.layers.15.self_attn.q_norm.weight][A

Loading weights:  17%|█▋        | 207/1247 [00:39<06:01,  2.87it/s, Materializing param=model.language_model.layers.15.self_attn.q_norm.weight][A

Loading weights:  17%|█▋        | 208/1247 [00:39<06:01,  2.87it/s, Materializing param=model.language_model.layers.15.self_attn.q_proj.weight][A

Loading weights:  17%|█▋        | 208/1247 [00:39<06:01,  2.87it/s, Materializing param=model.language_model.layers.15.self_attn.q_proj.weight][A

Loading weights:  17%|█▋        | 209/1247 [00:39<06:01,  2.87it/s, Materializing param=model.language_model.layers.15.self_attn.v_proj.weight][A

Loading weights:  17%|█▋        | 209/1247 [00:39<06:01,  2.87it/s, Materializing param=model.language_model.layers.15.self_attn.v_proj.weight][A

Loading weights:  17%|█▋        | 210/1247 [00:39<06:00,  2.87it/s, Materializing param=model.language_model.layers.16.input_layernorm.weight] [A

Loading weights:  17%|█▋        | 210/1247 [00:39<06:00,  2.87it/s, Materializing param=model.language_model.layers.16.input_layernorm.weight][A

Loading weights:  17%|█▋        | 211/1247 [00:39<06:00,  2.87it/s, Materializing param=model.language_model.layers.16.mlp.down_proj.weight]  [A

Loading weights:  17%|█▋        | 211/1247 [00:39<06:00,  2.87it/s, Materializing param=model.language_model.layers.16.mlp.down_proj.weight][A

Loading weights:  17%|█▋        | 212/1247 [00:39<06:00,  2.87it/s, Materializing param=model.language_model.layers.16.mlp.gate_proj.weight][A

Loading weights:  17%|█▋        | 212/1247 [00:39<06:00,  2.87it/s, Materializing param=model.language_model.layers.16.mlp.gate_proj.weight][A

Loading weights:  17%|█▋        | 213/1247 [00:39<05:59,  2.87it/s, Materializing param=model.language_model.layers.16.mlp.up_proj.weight]  [A

Loading weights:  17%|█▋        | 213/1247 [00:39<05:59,  2.87it/s, Materializing param=model.language_model.layers.16.mlp.up_proj.weight][A

Loading weights:  17%|█▋        | 214/1247 [00:39<05:59,  2.87it/s, Materializing param=model.language_model.layers.16.post_attention_layernorm.weight][A

Loading weights:  17%|█▋        | 214/1247 [00:39<05:59,  2.87it/s, Materializing param=model.language_model.layers.16.post_attention_layernorm.weight][A

Loading weights:  17%|█▋        | 215/1247 [00:39<05:58,  2.87it/s, Materializing param=model.language_model.layers.16.post_feedforward_layernorm.weight][A

Loading weights:  17%|█▋        | 215/1247 [00:39<05:58,  2.87it/s, Materializing param=model.language_model.layers.16.post_feedforward_layernorm.weight][A

Loading weights:  17%|█▋        | 216/1247 [00:39<05:58,  2.87it/s, Materializing param=model.language_model.layers.16.pre_feedforward_layernorm.weight] [A

Loading weights:  17%|█▋        | 216/1247 [00:39<05:58,  2.87it/s, Materializing param=model.language_model.layers.16.pre_feedforward_layernorm.weight][A

Loading weights:  17%|█▋        | 217/1247 [00:39<05:58,  2.87it/s, Materializing param=model.language_model.layers.16.self_attn.k_norm.weight]         [A

Loading weights:  17%|█▋        | 217/1247 [00:39<05:58,  2.87it/s, Materializing param=model.language_model.layers.16.self_attn.k_norm.weight][A

Loading weights:  17%|█▋        | 218/1247 [00:39<05:57,  2.87it/s, Materializing param=model.language_model.layers.16.self_attn.k_proj.weight][A

Loading weights:  17%|█▋        | 218/1247 [00:39<05:57,  2.87it/s, Materializing param=model.language_model.layers.16.self_attn.k_proj.weight][A

Loading weights:  18%|█▊        | 219/1247 [00:39<05:57,  2.87it/s, Materializing param=model.language_model.layers.16.self_attn.o_proj.weight][A

Loading weights:  18%|█▊        | 219/1247 [00:39<05:57,  2.87it/s, Materializing param=model.language_model.layers.16.self_attn.o_proj.weight][A

Loading weights:  18%|█▊        | 220/1247 [00:39<05:57,  2.87it/s, Materializing param=model.language_model.layers.16.self_attn.q_norm.weight][A

Loading weights:  18%|█▊        | 220/1247 [00:39<05:57,  2.87it/s, Materializing param=model.language_model.layers.16.self_attn.q_norm.weight][A

Loading weights:  18%|█▊        | 221/1247 [00:39<05:56,  2.87it/s, Materializing param=model.language_model.layers.16.self_attn.q_proj.weight][A

Loading weights:  18%|█▊        | 221/1247 [00:39<05:56,  2.87it/s, Materializing param=model.language_model.layers.16.self_attn.q_proj.weight][A

Loading weights:  18%|█▊        | 222/1247 [00:39<05:56,  2.87it/s, Materializing param=model.language_model.layers.16.self_attn.v_proj.weight][A

Loading weights:  18%|█▊        | 222/1247 [00:39<05:56,  2.87it/s, Materializing param=model.language_model.layers.16.self_attn.v_proj.weight][A

Loading weights:  18%|█▊        | 223/1247 [00:39<05:56,  2.87it/s, Materializing param=model.language_model.layers.17.input_layernorm.weight] [A

Loading weights:  18%|█▊        | 223/1247 [00:39<05:56,  2.87it/s, Materializing param=model.language_model.layers.17.input_layernorm.weight][A

Loading weights:  18%|█▊        | 224/1247 [00:39<05:55,  2.87it/s, Materializing param=model.language_model.layers.17.mlp.down_proj.weight]  [A

Loading weights:  18%|█▊        | 224/1247 [00:39<05:55,  2.87it/s, Materializing param=model.language_model.layers.17.mlp.down_proj.weight][A

Loading weights:  18%|█▊        | 225/1247 [00:39<05:55,  2.87it/s, Materializing param=model.language_model.layers.17.mlp.gate_proj.weight][A

Loading weights:  18%|█▊        | 225/1247 [00:39<05:55,  2.87it/s, Materializing param=model.language_model.layers.17.mlp.gate_proj.weight][A

Loading weights:  18%|█▊        | 226/1247 [00:39<05:55,  2.87it/s, Materializing param=model.language_model.layers.17.mlp.up_proj.weight]  [A

Loading weights:  18%|█▊        | 226/1247 [00:39<05:55,  2.87it/s, Materializing param=model.language_model.layers.17.mlp.up_proj.weight][A

Loading weights:  18%|█▊        | 227/1247 [00:39<05:54,  2.87it/s, Materializing param=model.language_model.layers.17.post_attention_layernorm.weight][A

Loading weights:  18%|█▊        | 227/1247 [00:39<05:54,  2.87it/s, Materializing param=model.language_model.layers.17.post_attention_layernorm.weight][A

Loading weights:  18%|█▊        | 228/1247 [00:39<05:54,  2.87it/s, Materializing param=model.language_model.layers.17.post_feedforward_layernorm.weight][A

Loading weights:  18%|█▊        | 228/1247 [00:39<05:54,  2.87it/s, Materializing param=model.language_model.layers.17.post_feedforward_layernorm.weight][A

Loading weights:  18%|█▊        | 229/1247 [00:39<05:54,  2.87it/s, Materializing param=model.language_model.layers.17.pre_feedforward_layernorm.weight] [A

Loading weights:  18%|█▊        | 229/1247 [00:39<05:54,  2.87it/s, Materializing param=model.language_model.layers.17.pre_feedforward_layernorm.weight][A

Loading weights:  18%|█▊        | 230/1247 [00:39<05:53,  2.87it/s, Materializing param=model.language_model.layers.17.self_attn.k_norm.weight]         [A

Loading weights:  18%|█▊        | 230/1247 [00:39<05:53,  2.87it/s, Materializing param=model.language_model.layers.17.self_attn.k_norm.weight][A

Loading weights:  19%|█▊        | 231/1247 [00:39<05:53,  2.87it/s, Materializing param=model.language_model.layers.17.self_attn.k_proj.weight][A

Loading weights:  19%|█▊        | 231/1247 [00:39<05:53,  2.87it/s, Materializing param=model.language_model.layers.17.self_attn.k_proj.weight][A

Loading weights:  19%|█▊        | 232/1247 [00:39<05:53,  2.87it/s, Materializing param=model.language_model.layers.17.self_attn.o_proj.weight][A

Loading weights:  19%|█▊        | 232/1247 [00:39<05:53,  2.87it/s, Materializing param=model.language_model.layers.17.self_attn.o_proj.weight][A

Loading weights:  19%|█▊        | 233/1247 [00:39<05:52,  2.87it/s, Materializing param=model.language_model.layers.17.self_attn.q_norm.weight][A

Loading weights:  19%|█▊        | 233/1247 [00:39<05:52,  2.87it/s, Materializing param=model.language_model.layers.17.self_attn.q_norm.weight][A

Loading weights:  19%|█▉        | 234/1247 [00:39<05:52,  2.87it/s, Materializing param=model.language_model.layers.17.self_attn.q_proj.weight][A

Loading weights:  19%|█▉        | 234/1247 [00:39<05:52,  2.87it/s, Materializing param=model.language_model.layers.17.self_attn.q_proj.weight][A

Loading weights:  19%|█▉        | 235/1247 [00:39<05:52,  2.87it/s, Materializing param=model.language_model.layers.17.self_attn.v_proj.weight][A

Loading weights:  19%|█▉        | 235/1247 [00:39<05:52,  2.87it/s, Materializing param=model.language_model.layers.17.self_attn.v_proj.weight][A

Loading weights:  19%|█▉        | 236/1247 [00:39<05:51,  2.87it/s, Materializing param=model.language_model.layers.18.input_layernorm.weight] [A

Loading weights:  19%|█▉        | 236/1247 [00:39<05:51,  2.87it/s, Materializing param=model.language_model.layers.18.input_layernorm.weight][A

Loading weights:  19%|█▉        | 237/1247 [00:39<05:51,  2.87it/s, Materializing param=model.language_model.layers.18.mlp.down_proj.weight]  [A

Loading weights:  19%|█▉        | 237/1247 [00:39<05:51,  2.87it/s, Materializing param=model.language_model.layers.18.mlp.down_proj.weight][A

Loading weights:  19%|█▉        | 238/1247 [00:39<01:44,  9.68it/s, Materializing param=model.language_model.layers.18.mlp.down_proj.weight][A

Loading weights:  19%|█▉        | 238/1247 [00:39<01:44,  9.68it/s, Materializing param=model.language_model.layers.18.mlp.gate_proj.weight][A

Loading weights:  19%|█▉        | 238/1247 [00:39<01:44,  9.68it/s, Materializing param=model.language_model.layers.18.mlp.gate_proj.weight][A

Loading weights:  19%|█▉        | 239/1247 [00:39<01:44,  9.68it/s, Materializing param=model.language_model.layers.18.mlp.up_proj.weight]  [A

Loading weights:  19%|█▉        | 239/1247 [00:39<01:44,  9.68it/s, Materializing param=model.language_model.layers.18.mlp.up_proj.weight][A

Loading weights:  19%|█▉        | 240/1247 [00:39<01:43,  9.68it/s, Materializing param=model.language_model.layers.18.post_attention_layernorm.weight][A

Loading weights:  19%|█▉        | 240/1247 [00:39<01:43,  9.68it/s, Materializing param=model.language_model.layers.18.post_attention_layernorm.weight][A

Loading weights:  19%|█▉        | 241/1247 [00:39<01:43,  9.68it/s, Materializing param=model.language_model.layers.18.post_feedforward_layernorm.weight][A

Loading weights:  19%|█▉        | 241/1247 [00:39<01:43,  9.68it/s, Materializing param=model.language_model.layers.18.post_feedforward_layernorm.weight][A

Loading weights:  19%|█▉        | 242/1247 [00:39<01:43,  9.68it/s, Materializing param=model.language_model.layers.18.pre_feedforward_layernorm.weight] [A

Loading weights:  19%|█▉        | 242/1247 [00:39<01:43,  9.68it/s, Materializing param=model.language_model.layers.18.pre_feedforward_layernorm.weight][A

Loading weights:  19%|█▉        | 243/1247 [00:39<01:43,  9.68it/s, Materializing param=model.language_model.layers.18.self_attn.k_norm.weight]         [A

Loading weights:  19%|█▉        | 243/1247 [00:39<01:43,  9.68it/s, Materializing param=model.language_model.layers.18.self_attn.k_norm.weight][A

Loading weights:  20%|█▉        | 244/1247 [00:39<01:43,  9.68it/s, Materializing param=model.language_model.layers.18.self_attn.k_proj.weight][A

Loading weights:  20%|█▉        | 244/1247 [00:39<01:43,  9.68it/s, Materializing param=model.language_model.layers.18.self_attn.k_proj.weight][A

Loading weights:  20%|█▉        | 245/1247 [00:39<01:43,  9.68it/s, Materializing param=model.language_model.layers.18.self_attn.o_proj.weight][A

Loading weights:  20%|█▉        | 245/1247 [00:39<01:43,  9.68it/s, Materializing param=model.language_model.layers.18.self_attn.o_proj.weight][A

Loading weights:  20%|█▉        | 246/1247 [00:39<01:43,  9.68it/s, Materializing param=model.language_model.layers.18.self_attn.q_norm.weight][A

Loading weights:  20%|█▉        | 246/1247 [00:39<01:43,  9.68it/s, Materializing param=model.language_model.layers.18.self_attn.q_norm.weight][A

Loading weights:  20%|█▉        | 247/1247 [00:39<01:43,  9.68it/s, Materializing param=model.language_model.layers.18.self_attn.q_proj.weight][A

Loading weights:  20%|█▉        | 247/1247 [00:39<01:43,  9.68it/s, Materializing param=model.language_model.layers.18.self_attn.q_proj.weight][A

Loading weights:  20%|█▉        | 248/1247 [00:39<01:43,  9.68it/s, Materializing param=model.language_model.layers.18.self_attn.v_proj.weight][A

Loading weights:  20%|█▉        | 248/1247 [00:39<01:43,  9.68it/s, Materializing param=model.language_model.layers.18.self_attn.v_proj.weight][A

Loading weights:  20%|█▉        | 249/1247 [00:39<01:43,  9.68it/s, Materializing param=model.language_model.layers.19.input_layernorm.weight] [A

Loading weights:  20%|█▉        | 249/1247 [00:39<01:43,  9.68it/s, Materializing param=model.language_model.layers.19.input_layernorm.weight][A

Loading weights:  20%|██        | 250/1247 [00:39<01:42,  9.68it/s, Materializing param=model.language_model.layers.19.mlp.down_proj.weight]  [A

Loading weights:  20%|██        | 250/1247 [00:39<01:42,  9.68it/s, Materializing param=model.language_model.layers.19.mlp.down_proj.weight][A

Loading weights:  20%|██        | 251/1247 [00:39<01:42,  9.68it/s, Materializing param=model.language_model.layers.19.mlp.gate_proj.weight][A

Loading weights:  20%|██        | 251/1247 [00:39<01:42,  9.68it/s, Materializing param=model.language_model.layers.19.mlp.gate_proj.weight][A

Loading weights:  20%|██        | 252/1247 [00:39<01:42,  9.68it/s, Materializing param=model.language_model.layers.19.mlp.up_proj.weight]  [A

Loading weights:  20%|██        | 252/1247 [00:39<01:42,  9.68it/s, Materializing param=model.language_model.layers.19.mlp.up_proj.weight][A

Loading weights:  20%|██        | 253/1247 [00:39<01:42,  9.68it/s, Materializing param=model.language_model.layers.19.post_attention_layernorm.weight][A

Loading weights:  20%|██        | 253/1247 [00:39<01:42,  9.68it/s, Materializing param=model.language_model.layers.19.post_attention_layernorm.weight][A

Loading weights:  20%|██        | 254/1247 [00:39<01:42,  9.68it/s, Materializing param=model.language_model.layers.19.post_feedforward_layernorm.weight][A

Loading weights:  20%|██        | 254/1247 [00:39<01:42,  9.68it/s, Materializing param=model.language_model.layers.19.post_feedforward_layernorm.weight][A

Loading weights:  20%|██        | 255/1247 [00:39<01:42,  9.68it/s, Materializing param=model.language_model.layers.19.pre_feedforward_layernorm.weight] [A

Loading weights:  20%|██        | 255/1247 [00:39<01:42,  9.68it/s, Materializing param=model.language_model.layers.19.pre_feedforward_layernorm.weight][A

Loading weights:  21%|██        | 256/1247 [00:39<01:42,  9.68it/s, Materializing param=model.language_model.layers.19.self_attn.k_norm.weight]         [A

Loading weights:  21%|██        | 256/1247 [00:39<01:42,  9.68it/s, Materializing param=model.language_model.layers.19.self_attn.k_norm.weight][A

Loading weights:  21%|██        | 257/1247 [00:39<01:42,  9.68it/s, Materializing param=model.language_model.layers.19.self_attn.k_proj.weight][A

Loading weights:  21%|██        | 257/1247 [00:39<01:42,  9.68it/s, Materializing param=model.language_model.layers.19.self_attn.k_proj.weight][A

Loading weights:  21%|██        | 258/1247 [00:39<01:42,  9.68it/s, Materializing param=model.language_model.layers.19.self_attn.o_proj.weight][A

Loading weights:  21%|██        | 258/1247 [00:39<01:42,  9.68it/s, Materializing param=model.language_model.layers.19.self_attn.o_proj.weight][A

Loading weights:  21%|██        | 259/1247 [00:39<01:42,  9.68it/s, Materializing param=model.language_model.layers.19.self_attn.q_norm.weight][A

Loading weights:  21%|██        | 259/1247 [00:39<01:42,  9.68it/s, Materializing param=model.language_model.layers.19.self_attn.q_norm.weight][A

Loading weights:  21%|██        | 260/1247 [00:39<01:41,  9.68it/s, Materializing param=model.language_model.layers.19.self_attn.q_proj.weight][A

Loading weights:  21%|██        | 260/1247 [00:39<01:41,  9.68it/s, Materializing param=model.language_model.layers.19.self_attn.q_proj.weight][A

Loading weights:  21%|██        | 261/1247 [00:39<01:41,  9.68it/s, Materializing param=model.language_model.layers.19.self_attn.v_proj.weight][A

Loading weights:  21%|██        | 261/1247 [00:39<01:41,  9.68it/s, Materializing param=model.language_model.layers.19.self_attn.v_proj.weight][A

Loading weights:  21%|██        | 262/1247 [00:39<01:41,  9.68it/s, Materializing param=model.language_model.layers.20.input_layernorm.weight] [A

Loading weights:  21%|██        | 262/1247 [00:39<01:41,  9.68it/s, Materializing param=model.language_model.layers.20.input_layernorm.weight][A

Loading weights:  21%|██        | 263/1247 [00:39<01:41,  9.68it/s, Materializing param=model.language_model.layers.20.mlp.down_proj.weight]  [A

Loading weights:  21%|██        | 263/1247 [00:39<01:41,  9.68it/s, Materializing param=model.language_model.layers.20.mlp.down_proj.weight][A

Loading weights:  21%|██        | 264/1247 [00:39<01:41,  9.68it/s, Materializing param=model.language_model.layers.20.mlp.gate_proj.weight][A

Loading weights:  21%|██        | 264/1247 [00:39<01:41,  9.68it/s, Materializing param=model.language_model.layers.20.mlp.gate_proj.weight][A

Loading weights:  21%|██▏       | 265/1247 [00:39<01:41,  9.68it/s, Materializing param=model.language_model.layers.20.mlp.up_proj.weight]  [A

Loading weights:  21%|██▏       | 265/1247 [00:39<01:41,  9.68it/s, Materializing param=model.language_model.layers.20.mlp.up_proj.weight][A

Loading weights:  21%|██▏       | 266/1247 [00:39<01:41,  9.68it/s, Materializing param=model.language_model.layers.20.post_attention_layernorm.weight][A

Loading weights:  21%|██▏       | 266/1247 [00:39<01:41,  9.68it/s, Materializing param=model.language_model.layers.20.post_attention_layernorm.weight][A

Loading weights:  21%|██▏       | 267/1247 [00:39<01:41,  9.68it/s, Materializing param=model.language_model.layers.20.post_feedforward_layernorm.weight][A

Loading weights:  21%|██▏       | 267/1247 [00:39<01:41,  9.68it/s, Materializing param=model.language_model.layers.20.post_feedforward_layernorm.weight][A

Loading weights:  21%|██▏       | 268/1247 [00:39<01:41,  9.68it/s, Materializing param=model.language_model.layers.20.pre_feedforward_layernorm.weight] [A

Loading weights:  21%|██▏       | 268/1247 [00:39<01:41,  9.68it/s, Materializing param=model.language_model.layers.20.pre_feedforward_layernorm.weight][A

Loading weights:  22%|██▏       | 269/1247 [00:39<01:40,  9.68it/s, Materializing param=model.language_model.layers.20.self_attn.k_norm.weight]         [A

Loading weights:  22%|██▏       | 269/1247 [00:39<01:40,  9.68it/s, Materializing param=model.language_model.layers.20.self_attn.k_norm.weight][A

Loading weights:  22%|██▏       | 270/1247 [00:39<01:40,  9.68it/s, Materializing param=model.language_model.layers.20.self_attn.k_proj.weight][A

Loading weights:  22%|██▏       | 270/1247 [00:39<01:40,  9.68it/s, Materializing param=model.language_model.layers.20.self_attn.k_proj.weight][A

Loading weights:  22%|██▏       | 271/1247 [00:39<01:40,  9.68it/s, Materializing param=model.language_model.layers.20.self_attn.o_proj.weight][A

Loading weights:  22%|██▏       | 271/1247 [00:39<01:40,  9.68it/s, Materializing param=model.language_model.layers.20.self_attn.o_proj.weight][A

Loading weights:  22%|██▏       | 272/1247 [00:39<01:40,  9.68it/s, Materializing param=model.language_model.layers.20.self_attn.q_norm.weight][A

Loading weights:  22%|██▏       | 272/1247 [00:39<01:40,  9.68it/s, Materializing param=model.language_model.layers.20.self_attn.q_norm.weight][A

Loading weights:  22%|██▏       | 273/1247 [00:39<01:40,  9.68it/s, Materializing param=model.language_model.layers.20.self_attn.q_proj.weight][A

Loading weights:  22%|██▏       | 273/1247 [00:39<01:40,  9.68it/s, Materializing param=model.language_model.layers.20.self_attn.q_proj.weight][A

Loading weights:  22%|██▏       | 274/1247 [00:39<01:40,  9.68it/s, Materializing param=model.language_model.layers.20.self_attn.v_proj.weight][A

Loading weights:  22%|██▏       | 274/1247 [00:39<01:40,  9.68it/s, Materializing param=model.language_model.layers.20.self_attn.v_proj.weight][A

Loading weights:  22%|██▏       | 275/1247 [00:39<01:40,  9.68it/s, Materializing param=model.language_model.layers.21.input_layernorm.weight] [A

Loading weights:  22%|██▏       | 275/1247 [00:39<01:40,  9.68it/s, Materializing param=model.language_model.layers.21.input_layernorm.weight][A

Loading weights:  22%|██▏       | 276/1247 [00:39<01:40,  9.68it/s, Materializing param=model.language_model.layers.21.mlp.down_proj.weight]  [A

Loading weights:  22%|██▏       | 276/1247 [00:39<01:40,  9.68it/s, Materializing param=model.language_model.layers.21.mlp.down_proj.weight][A

Loading weights:  22%|██▏       | 277/1247 [00:39<01:40,  9.68it/s, Materializing param=model.language_model.layers.21.mlp.gate_proj.weight][A

Loading weights:  22%|██▏       | 277/1247 [00:39<01:40,  9.68it/s, Materializing param=model.language_model.layers.21.mlp.gate_proj.weight][A

Loading weights:  22%|██▏       | 278/1247 [00:39<01:40,  9.68it/s, Materializing param=model.language_model.layers.21.mlp.up_proj.weight]  [A

Loading weights:  22%|██▏       | 278/1247 [00:39<01:40,  9.68it/s, Materializing param=model.language_model.layers.21.mlp.up_proj.weight][A

Loading weights:  22%|██▏       | 279/1247 [00:39<01:39,  9.68it/s, Materializing param=model.language_model.layers.21.post_attention_layernorm.weight][A

Loading weights:  22%|██▏       | 279/1247 [00:39<01:39,  9.68it/s, Materializing param=model.language_model.layers.21.post_attention_layernorm.weight][A

Loading weights:  22%|██▏       | 280/1247 [00:39<01:39,  9.68it/s, Materializing param=model.language_model.layers.21.post_feedforward_layernorm.weight][A

Loading weights:  22%|██▏       | 280/1247 [00:39<01:39,  9.68it/s, Materializing param=model.language_model.layers.21.post_feedforward_layernorm.weight][A

Loading weights:  23%|██▎       | 281/1247 [00:39<01:39,  9.68it/s, Materializing param=model.language_model.layers.21.pre_feedforward_layernorm.weight] [A

Loading weights:  23%|██▎       | 281/1247 [00:39<01:39,  9.68it/s, Materializing param=model.language_model.layers.21.pre_feedforward_layernorm.weight][A

Loading weights:  23%|██▎       | 282/1247 [00:39<01:39,  9.68it/s, Materializing param=model.language_model.layers.21.self_attn.k_norm.weight]         [A

Loading weights:  23%|██▎       | 282/1247 [00:39<01:39,  9.68it/s, Materializing param=model.language_model.layers.21.self_attn.k_norm.weight][A

Loading weights:  23%|██▎       | 283/1247 [00:39<01:39,  9.68it/s, Materializing param=model.language_model.layers.21.self_attn.k_proj.weight][A

Loading weights:  23%|██▎       | 283/1247 [00:39<01:39,  9.68it/s, Materializing param=model.language_model.layers.21.self_attn.k_proj.weight][A

Loading weights:  23%|██▎       | 284/1247 [00:39<01:39,  9.68it/s, Materializing param=model.language_model.layers.21.self_attn.o_proj.weight][A

Loading weights:  23%|██▎       | 284/1247 [00:39<01:39,  9.68it/s, Materializing param=model.language_model.layers.21.self_attn.o_proj.weight][A

Loading weights:  23%|██▎       | 285/1247 [00:39<01:39,  9.68it/s, Materializing param=model.language_model.layers.21.self_attn.q_norm.weight][A

Loading weights:  23%|██▎       | 285/1247 [00:39<01:39,  9.68it/s, Materializing param=model.language_model.layers.21.self_attn.q_norm.weight][A

Loading weights:  23%|██▎       | 286/1247 [00:39<01:39,  9.68it/s, Materializing param=model.language_model.layers.21.self_attn.q_proj.weight][A

Loading weights:  23%|██▎       | 286/1247 [00:39<01:39,  9.68it/s, Materializing param=model.language_model.layers.21.self_attn.q_proj.weight][A

Loading weights:  23%|██▎       | 287/1247 [00:39<01:39,  9.68it/s, Materializing param=model.language_model.layers.21.self_attn.v_proj.weight][A

Loading weights:  23%|██▎       | 287/1247 [00:39<01:39,  9.68it/s, Materializing param=model.language_model.layers.21.self_attn.v_proj.weight][A

Loading weights:  23%|██▎       | 288/1247 [00:39<01:39,  9.68it/s, Materializing param=model.language_model.layers.22.input_layernorm.weight] [A

Loading weights:  23%|██▎       | 288/1247 [00:39<01:39,  9.68it/s, Materializing param=model.language_model.layers.22.input_layernorm.weight][A

Loading weights:  23%|██▎       | 289/1247 [00:39<01:38,  9.68it/s, Materializing param=model.language_model.layers.22.mlp.down_proj.weight]  [A

Loading weights:  23%|██▎       | 289/1247 [00:39<01:38,  9.68it/s, Materializing param=model.language_model.layers.22.mlp.down_proj.weight][A

Loading weights:  23%|██▎       | 290/1247 [00:39<01:38,  9.68it/s, Materializing param=model.language_model.layers.22.mlp.gate_proj.weight][A

Loading weights:  23%|██▎       | 290/1247 [00:39<01:38,  9.68it/s, Materializing param=model.language_model.layers.22.mlp.gate_proj.weight][A

Loading weights:  23%|██▎       | 291/1247 [00:39<01:38,  9.68it/s, Materializing param=model.language_model.layers.22.mlp.up_proj.weight]  [A

Loading weights:  23%|██▎       | 291/1247 [00:39<01:38,  9.68it/s, Materializing param=model.language_model.layers.22.mlp.up_proj.weight][A

Loading weights:  23%|██▎       | 292/1247 [00:39<01:38,  9.68it/s, Materializing param=model.language_model.layers.22.post_attention_layernorm.weight][A

Loading weights:  23%|██▎       | 292/1247 [00:39<01:38,  9.68it/s, Materializing param=model.language_model.layers.22.post_attention_layernorm.weight][A

Loading weights:  23%|██▎       | 293/1247 [00:39<01:38,  9.68it/s, Materializing param=model.language_model.layers.22.post_feedforward_layernorm.weight][A

Loading weights:  23%|██▎       | 293/1247 [00:39<01:38,  9.68it/s, Materializing param=model.language_model.layers.22.post_feedforward_layernorm.weight][A

Loading weights:  24%|██▎       | 294/1247 [00:39<01:38,  9.68it/s, Materializing param=model.language_model.layers.22.pre_feedforward_layernorm.weight] [A

Loading weights:  24%|██▎       | 294/1247 [00:39<01:38,  9.68it/s, Materializing param=model.language_model.layers.22.pre_feedforward_layernorm.weight][A

Loading weights:  24%|██▎       | 295/1247 [00:39<01:38,  9.68it/s, Materializing param=model.language_model.layers.22.self_attn.k_norm.weight]         [A

Loading weights:  24%|██▎       | 295/1247 [00:39<01:38,  9.68it/s, Materializing param=model.language_model.layers.22.self_attn.k_norm.weight][A

Loading weights:  24%|██▎       | 296/1247 [00:39<01:38,  9.68it/s, Materializing param=model.language_model.layers.22.self_attn.k_proj.weight][A

Loading weights:  24%|██▎       | 296/1247 [00:39<01:38,  9.68it/s, Materializing param=model.language_model.layers.22.self_attn.k_proj.weight][A

Loading weights:  24%|██▍       | 297/1247 [00:39<01:38,  9.68it/s, Materializing param=model.language_model.layers.22.self_attn.o_proj.weight][A

Loading weights:  24%|██▍       | 297/1247 [00:39<01:38,  9.68it/s, Materializing param=model.language_model.layers.22.self_attn.o_proj.weight][A

Loading weights:  24%|██▍       | 298/1247 [00:39<01:37,  9.68it/s, Materializing param=model.language_model.layers.22.self_attn.q_norm.weight][A

Loading weights:  24%|██▍       | 298/1247 [00:39<01:37,  9.68it/s, Materializing param=model.language_model.layers.22.self_attn.q_norm.weight][A

Loading weights:  24%|██▍       | 299/1247 [00:39<01:37,  9.68it/s, Materializing param=model.language_model.layers.22.self_attn.q_proj.weight][A

Loading weights:  24%|██▍       | 299/1247 [00:39<01:37,  9.68it/s, Materializing param=model.language_model.layers.22.self_attn.q_proj.weight][A

Loading weights:  24%|██▍       | 300/1247 [00:39<01:37,  9.68it/s, Materializing param=model.language_model.layers.22.self_attn.v_proj.weight][A

Loading weights:  24%|██▍       | 300/1247 [00:39<01:37,  9.68it/s, Materializing param=model.language_model.layers.22.self_attn.v_proj.weight][A

Loading weights:  24%|██▍       | 301/1247 [00:39<01:37,  9.68it/s, Materializing param=model.language_model.layers.23.input_layernorm.weight] [A

Loading weights:  24%|██▍       | 301/1247 [00:39<01:37,  9.68it/s, Materializing param=model.language_model.layers.23.input_layernorm.weight][A

Loading weights:  24%|██▍       | 302/1247 [00:39<01:37,  9.68it/s, Materializing param=model.language_model.layers.23.mlp.down_proj.weight]  [A

Loading weights:  24%|██▍       | 302/1247 [00:39<01:37,  9.68it/s, Materializing param=model.language_model.layers.23.mlp.down_proj.weight][A

Loading weights:  24%|██▍       | 303/1247 [00:39<01:37,  9.68it/s, Materializing param=model.language_model.layers.23.mlp.gate_proj.weight][A

Loading weights:  24%|██▍       | 303/1247 [00:39<01:37,  9.68it/s, Materializing param=model.language_model.layers.23.mlp.gate_proj.weight][A

Loading weights:  24%|██▍       | 304/1247 [00:39<01:37,  9.68it/s, Materializing param=model.language_model.layers.23.mlp.up_proj.weight]  [A

Loading weights:  24%|██▍       | 304/1247 [00:39<01:37,  9.68it/s, Materializing param=model.language_model.layers.23.mlp.up_proj.weight][A

Loading weights:  24%|██▍       | 305/1247 [00:39<01:37,  9.68it/s, Materializing param=model.language_model.layers.23.post_attention_layernorm.weight][A

Loading weights:  24%|██▍       | 305/1247 [00:39<01:37,  9.68it/s, Materializing param=model.language_model.layers.23.post_attention_layernorm.weight][A

Loading weights:  25%|██▍       | 306/1247 [00:39<01:37,  9.68it/s, Materializing param=model.language_model.layers.23.post_feedforward_layernorm.weight][A

Loading weights:  25%|██▍       | 306/1247 [00:39<01:37,  9.68it/s, Materializing param=model.language_model.layers.23.post_feedforward_layernorm.weight][A

Loading weights:  25%|██▍       | 307/1247 [00:39<01:37,  9.68it/s, Materializing param=model.language_model.layers.23.pre_feedforward_layernorm.weight] [A

Loading weights:  25%|██▍       | 307/1247 [00:39<01:37,  9.68it/s, Materializing param=model.language_model.layers.23.pre_feedforward_layernorm.weight][A

Loading weights:  25%|██▍       | 308/1247 [00:39<01:36,  9.68it/s, Materializing param=model.language_model.layers.23.self_attn.k_norm.weight]         [A

Loading weights:  25%|██▍       | 308/1247 [00:39<01:36,  9.68it/s, Materializing param=model.language_model.layers.23.self_attn.k_norm.weight][A

Loading weights:  25%|██▍       | 309/1247 [00:39<01:36,  9.68it/s, Materializing param=model.language_model.layers.23.self_attn.k_proj.weight][A

Loading weights:  25%|██▍       | 309/1247 [00:39<01:36,  9.68it/s, Materializing param=model.language_model.layers.23.self_attn.k_proj.weight][A

Loading weights:  25%|██▍       | 310/1247 [00:39<01:36,  9.68it/s, Materializing param=model.language_model.layers.23.self_attn.o_proj.weight][A

Loading weights:  25%|██▍       | 310/1247 [00:39<01:36,  9.68it/s, Materializing param=model.language_model.layers.23.self_attn.o_proj.weight][A

Loading weights:  25%|██▍       | 311/1247 [00:39<01:36,  9.68it/s, Materializing param=model.language_model.layers.23.self_attn.q_norm.weight][A

Loading weights:  25%|██▍       | 311/1247 [00:39<01:36,  9.68it/s, Materializing param=model.language_model.layers.23.self_attn.q_norm.weight][A

Loading weights:  25%|██▌       | 312/1247 [00:39<01:36,  9.68it/s, Materializing param=model.language_model.layers.23.self_attn.q_proj.weight][A

Loading weights:  25%|██▌       | 312/1247 [00:39<01:36,  9.68it/s, Materializing param=model.language_model.layers.23.self_attn.q_proj.weight][A

Loading weights:  25%|██▌       | 313/1247 [00:39<01:36,  9.68it/s, Materializing param=model.language_model.layers.23.self_attn.v_proj.weight][A

Loading weights:  25%|██▌       | 313/1247 [00:39<01:36,  9.68it/s, Materializing param=model.language_model.layers.23.self_attn.v_proj.weight][A

Loading weights:  25%|██▌       | 314/1247 [00:39<01:36,  9.68it/s, Materializing param=model.language_model.layers.24.input_layernorm.weight] [A

Loading weights:  25%|██▌       | 314/1247 [00:39<01:36,  9.68it/s, Materializing param=model.language_model.layers.24.input_layernorm.weight][A

Loading weights:  25%|██▌       | 315/1247 [00:39<01:36,  9.68it/s, Materializing param=model.language_model.layers.24.mlp.down_proj.weight]  [A

Loading weights:  25%|██▌       | 315/1247 [00:39<01:36,  9.68it/s, Materializing param=model.language_model.layers.24.mlp.down_proj.weight][A

Loading weights:  25%|██▌       | 316/1247 [00:39<01:36,  9.68it/s, Materializing param=model.language_model.layers.24.mlp.gate_proj.weight][A

Loading weights:  25%|██▌       | 316/1247 [00:39<01:36,  9.68it/s, Materializing param=model.language_model.layers.24.mlp.gate_proj.weight][A

Loading weights:  25%|██▌       | 317/1247 [00:39<01:36,  9.68it/s, Materializing param=model.language_model.layers.24.mlp.up_proj.weight]  [A

Loading weights:  25%|██▌       | 317/1247 [00:39<01:36,  9.68it/s, Materializing param=model.language_model.layers.24.mlp.up_proj.weight][A

Loading weights:  26%|██▌       | 318/1247 [00:39<01:35,  9.68it/s, Materializing param=model.language_model.layers.24.post_attention_layernorm.weight][A

Loading weights:  26%|██▌       | 318/1247 [00:39<01:35,  9.68it/s, Materializing param=model.language_model.layers.24.post_attention_layernorm.weight][A

Loading weights:  26%|██▌       | 319/1247 [00:39<01:35,  9.68it/s, Materializing param=model.language_model.layers.24.post_feedforward_layernorm.weight][A

Loading weights:  26%|██▌       | 319/1247 [00:39<01:35,  9.68it/s, Materializing param=model.language_model.layers.24.post_feedforward_layernorm.weight][A

Loading weights:  26%|██▌       | 320/1247 [00:39<01:35,  9.68it/s, Materializing param=model.language_model.layers.24.pre_feedforward_layernorm.weight] [A

Loading weights:  26%|██▌       | 320/1247 [00:39<01:35,  9.68it/s, Materializing param=model.language_model.layers.24.pre_feedforward_layernorm.weight][A

Loading weights:  26%|██▌       | 321/1247 [00:39<01:35,  9.68it/s, Materializing param=model.language_model.layers.24.self_attn.k_norm.weight]         [A

Loading weights:  26%|██▌       | 321/1247 [00:39<01:35,  9.68it/s, Materializing param=model.language_model.layers.24.self_attn.k_norm.weight][A

Loading weights:  26%|██▌       | 322/1247 [00:39<01:35,  9.68it/s, Materializing param=model.language_model.layers.24.self_attn.k_proj.weight][A

Loading weights:  26%|██▌       | 322/1247 [00:39<01:35,  9.68it/s, Materializing param=model.language_model.layers.24.self_attn.k_proj.weight][A

Loading weights:  26%|██▌       | 323/1247 [00:39<01:35,  9.68it/s, Materializing param=model.language_model.layers.24.self_attn.o_proj.weight][A

Loading weights:  26%|██▌       | 323/1247 [00:39<01:35,  9.68it/s, Materializing param=model.language_model.layers.24.self_attn.o_proj.weight][A

Loading weights:  26%|██▌       | 324/1247 [00:39<01:35,  9.68it/s, Materializing param=model.language_model.layers.24.self_attn.q_norm.weight][A

Loading weights:  26%|██▌       | 324/1247 [00:39<01:35,  9.68it/s, Materializing param=model.language_model.layers.24.self_attn.q_norm.weight][A

Loading weights:  26%|██▌       | 325/1247 [00:39<01:35,  9.68it/s, Materializing param=model.language_model.layers.24.self_attn.q_proj.weight][A

Loading weights:  26%|██▌       | 325/1247 [00:39<01:35,  9.68it/s, Materializing param=model.language_model.layers.24.self_attn.q_proj.weight][A

Loading weights:  26%|██▌       | 326/1247 [00:39<01:35,  9.68it/s, Materializing param=model.language_model.layers.24.self_attn.v_proj.weight][A

Loading weights:  26%|██▌       | 326/1247 [00:39<01:35,  9.68it/s, Materializing param=model.language_model.layers.24.self_attn.v_proj.weight][A

Loading weights:  26%|██▌       | 327/1247 [00:39<01:35,  9.68it/s, Materializing param=model.language_model.layers.25.input_layernorm.weight] [A

Loading weights:  26%|██▌       | 327/1247 [00:39<01:35,  9.68it/s, Materializing param=model.language_model.layers.25.input_layernorm.weight][A

Loading weights:  26%|██▋       | 328/1247 [00:39<01:34,  9.68it/s, Materializing param=model.language_model.layers.25.mlp.down_proj.weight]  [A

Loading weights:  26%|██▋       | 328/1247 [00:39<01:34,  9.68it/s, Materializing param=model.language_model.layers.25.mlp.down_proj.weight][A

Loading weights:  26%|██▋       | 329/1247 [00:39<01:34,  9.68it/s, Materializing param=model.language_model.layers.25.mlp.gate_proj.weight][A

Loading weights:  26%|██▋       | 329/1247 [00:39<01:34,  9.68it/s, Materializing param=model.language_model.layers.25.mlp.gate_proj.weight][A

Loading weights:  26%|██▋       | 330/1247 [00:39<01:34,  9.68it/s, Materializing param=model.language_model.layers.25.mlp.up_proj.weight]  [A

Loading weights:  26%|██▋       | 330/1247 [00:39<01:34,  9.68it/s, Materializing param=model.language_model.layers.25.mlp.up_proj.weight][A

Loading weights:  27%|██▋       | 331/1247 [00:39<01:34,  9.68it/s, Materializing param=model.language_model.layers.25.post_attention_layernorm.weight][A

Loading weights:  27%|██▋       | 331/1247 [00:39<01:34,  9.68it/s, Materializing param=model.language_model.layers.25.post_attention_layernorm.weight][A

Loading weights:  27%|██▋       | 332/1247 [00:39<01:34,  9.68it/s, Materializing param=model.language_model.layers.25.post_feedforward_layernorm.weight][A

Loading weights:  27%|██▋       | 332/1247 [00:39<01:34,  9.68it/s, Materializing param=model.language_model.layers.25.post_feedforward_layernorm.weight][A

Loading weights:  27%|██▋       | 333/1247 [00:39<01:34,  9.68it/s, Materializing param=model.language_model.layers.25.pre_feedforward_layernorm.weight] [A

Loading weights:  27%|██▋       | 333/1247 [00:39<01:34,  9.68it/s, Materializing param=model.language_model.layers.25.pre_feedforward_layernorm.weight][A

Loading weights:  27%|██▋       | 334/1247 [00:39<01:34,  9.68it/s, Materializing param=model.language_model.layers.25.self_attn.k_norm.weight]         [A

Loading weights:  27%|██▋       | 334/1247 [00:39<01:34,  9.68it/s, Materializing param=model.language_model.layers.25.self_attn.k_norm.weight][A

Loading weights:  27%|██▋       | 335/1247 [00:39<01:34,  9.68it/s, Materializing param=model.language_model.layers.25.self_attn.k_proj.weight][A

Loading weights:  27%|██▋       | 335/1247 [00:39<01:34,  9.68it/s, Materializing param=model.language_model.layers.25.self_attn.k_proj.weight][A

Loading weights:  27%|██▋       | 336/1247 [00:39<01:34,  9.68it/s, Materializing param=model.language_model.layers.25.self_attn.o_proj.weight][A

Loading weights:  27%|██▋       | 336/1247 [00:39<01:34,  9.68it/s, Materializing param=model.language_model.layers.25.self_attn.o_proj.weight][A

Loading weights:  27%|██▋       | 337/1247 [00:39<00:47, 18.97it/s, Materializing param=model.language_model.layers.25.self_attn.o_proj.weight][A

Loading weights:  27%|██▋       | 337/1247 [00:39<00:47, 18.97it/s, Materializing param=model.language_model.layers.25.self_attn.q_norm.weight][A

Loading weights:  27%|██▋       | 337/1247 [00:39<00:47, 18.97it/s, Materializing param=model.language_model.layers.25.self_attn.q_norm.weight][A

Loading weights:  27%|██▋       | 338/1247 [00:39<00:47, 18.97it/s, Materializing param=model.language_model.layers.25.self_attn.q_proj.weight][A

Loading weights:  27%|██▋       | 338/1247 [00:39<00:47, 18.97it/s, Materializing param=model.language_model.layers.25.self_attn.q_proj.weight][A

Loading weights:  27%|██▋       | 339/1247 [00:39<00:47, 18.97it/s, Materializing param=model.language_model.layers.25.self_attn.v_proj.weight][A

Loading weights:  27%|██▋       | 339/1247 [00:39<00:47, 18.97it/s, Materializing param=model.language_model.layers.25.self_attn.v_proj.weight][A

Loading weights:  27%|██▋       | 340/1247 [00:39<00:47, 18.97it/s, Materializing param=model.language_model.layers.26.input_layernorm.weight] [A

Loading weights:  27%|██▋       | 340/1247 [00:39<00:47, 18.97it/s, Materializing param=model.language_model.layers.26.input_layernorm.weight][A

Loading weights:  27%|██▋       | 341/1247 [00:39<00:47, 18.97it/s, Materializing param=model.language_model.layers.26.mlp.down_proj.weight]  [A

Loading weights:  27%|██▋       | 341/1247 [00:39<00:47, 18.97it/s, Materializing param=model.language_model.layers.26.mlp.down_proj.weight][A

Loading weights:  27%|██▋       | 342/1247 [00:39<00:47, 18.97it/s, Materializing param=model.language_model.layers.26.mlp.gate_proj.weight][A

Loading weights:  27%|██▋       | 342/1247 [00:39<00:47, 18.97it/s, Materializing param=model.language_model.layers.26.mlp.gate_proj.weight][A

Loading weights:  28%|██▊       | 343/1247 [00:39<00:47, 18.97it/s, Materializing param=model.language_model.layers.26.mlp.up_proj.weight]  [A

Loading weights:  28%|██▊       | 343/1247 [00:39<00:47, 18.97it/s, Materializing param=model.language_model.layers.26.mlp.up_proj.weight][A

Loading weights:  28%|██▊       | 344/1247 [00:39<00:47, 18.97it/s, Materializing param=model.language_model.layers.26.post_attention_layernorm.weight][A

Loading weights:  28%|██▊       | 344/1247 [00:39<00:47, 18.97it/s, Materializing param=model.language_model.layers.26.post_attention_layernorm.weight][A

Loading weights:  28%|██▊       | 345/1247 [00:39<00:47, 18.97it/s, Materializing param=model.language_model.layers.26.post_feedforward_layernorm.weight][A

Loading weights:  28%|██▊       | 345/1247 [00:39<00:47, 18.97it/s, Materializing param=model.language_model.layers.26.post_feedforward_layernorm.weight][A

Loading weights:  28%|██▊       | 346/1247 [00:39<00:47, 18.97it/s, Materializing param=model.language_model.layers.26.pre_feedforward_layernorm.weight] [A

Loading weights:  28%|██▊       | 346/1247 [00:39<00:47, 18.97it/s, Materializing param=model.language_model.layers.26.pre_feedforward_layernorm.weight][A

Loading weights:  28%|██▊       | 347/1247 [00:39<00:47, 18.97it/s, Materializing param=model.language_model.layers.26.self_attn.k_norm.weight]         [A

Loading weights:  28%|██▊       | 347/1247 [00:39<00:47, 18.97it/s, Materializing param=model.language_model.layers.26.self_attn.k_norm.weight][A

Loading weights:  28%|██▊       | 348/1247 [00:39<00:47, 18.97it/s, Materializing param=model.language_model.layers.26.self_attn.k_proj.weight][A

Loading weights:  28%|██▊       | 348/1247 [00:39<00:47, 18.97it/s, Materializing param=model.language_model.layers.26.self_attn.k_proj.weight][A

Loading weights:  28%|██▊       | 349/1247 [00:39<00:47, 18.97it/s, Materializing param=model.language_model.layers.26.self_attn.o_proj.weight][A

Loading weights:  28%|██▊       | 349/1247 [00:39<00:47, 18.97it/s, Materializing param=model.language_model.layers.26.self_attn.o_proj.weight][A

Loading weights:  28%|██▊       | 350/1247 [00:39<00:47, 18.97it/s, Materializing param=model.language_model.layers.26.self_attn.q_norm.weight][A

Loading weights:  28%|██▊       | 350/1247 [00:39<00:47, 18.97it/s, Materializing param=model.language_model.layers.26.self_attn.q_norm.weight][A

Loading weights:  28%|██▊       | 351/1247 [00:39<00:47, 18.97it/s, Materializing param=model.language_model.layers.26.self_attn.q_proj.weight][A

Loading weights:  28%|██▊       | 351/1247 [00:39<00:47, 18.97it/s, Materializing param=model.language_model.layers.26.self_attn.q_proj.weight][A

Loading weights:  28%|██▊       | 352/1247 [00:39<00:47, 18.97it/s, Materializing param=model.language_model.layers.26.self_attn.v_proj.weight][A

Loading weights:  28%|██▊       | 352/1247 [00:39<00:47, 18.97it/s, Materializing param=model.language_model.layers.26.self_attn.v_proj.weight][A

Loading weights:  28%|██▊       | 353/1247 [00:39<00:47, 18.97it/s, Materializing param=model.language_model.layers.27.input_layernorm.weight] [A

Loading weights:  28%|██▊       | 353/1247 [00:39<00:47, 18.97it/s, Materializing param=model.language_model.layers.27.input_layernorm.weight][A

Loading weights:  28%|██▊       | 354/1247 [00:39<00:47, 18.97it/s, Materializing param=model.language_model.layers.27.mlp.down_proj.weight]  [A

Loading weights:  28%|██▊       | 354/1247 [00:39<00:47, 18.97it/s, Materializing param=model.language_model.layers.27.mlp.down_proj.weight][A

Loading weights:  28%|██▊       | 355/1247 [00:39<00:47, 18.97it/s, Materializing param=model.language_model.layers.27.mlp.gate_proj.weight][A

Loading weights:  28%|██▊       | 355/1247 [00:39<00:47, 18.97it/s, Materializing param=model.language_model.layers.27.mlp.gate_proj.weight][A

Loading weights:  29%|██▊       | 356/1247 [00:39<00:46, 18.97it/s, Materializing param=model.language_model.layers.27.mlp.up_proj.weight]  [A

Loading weights:  29%|██▊       | 356/1247 [00:39<00:46, 18.97it/s, Materializing param=model.language_model.layers.27.mlp.up_proj.weight][A

Loading weights:  29%|██▊       | 357/1247 [00:39<00:46, 18.97it/s, Materializing param=model.language_model.layers.27.post_attention_layernorm.weight][A

Loading weights:  29%|██▊       | 357/1247 [00:39<00:46, 18.97it/s, Materializing param=model.language_model.layers.27.post_attention_layernorm.weight][A

Loading weights:  29%|██▊       | 358/1247 [00:39<00:46, 18.97it/s, Materializing param=model.language_model.layers.27.post_feedforward_layernorm.weight][A

Loading weights:  29%|██▊       | 358/1247 [00:39<00:46, 18.97it/s, Materializing param=model.language_model.layers.27.post_feedforward_layernorm.weight][A

Loading weights:  29%|██▉       | 359/1247 [00:39<00:46, 18.97it/s, Materializing param=model.language_model.layers.27.pre_feedforward_layernorm.weight] [A

Loading weights:  29%|██▉       | 359/1247 [00:39<00:46, 18.97it/s, Materializing param=model.language_model.layers.27.pre_feedforward_layernorm.weight][A

Loading weights:  29%|██▉       | 360/1247 [00:39<00:46, 18.97it/s, Materializing param=model.language_model.layers.27.self_attn.k_norm.weight]         [A

Loading weights:  29%|██▉       | 360/1247 [00:39<00:46, 18.97it/s, Materializing param=model.language_model.layers.27.self_attn.k_norm.weight][A

Loading weights:  29%|██▉       | 361/1247 [00:39<00:46, 18.97it/s, Materializing param=model.language_model.layers.27.self_attn.k_proj.weight][A

Loading weights:  29%|██▉       | 361/1247 [00:39<00:46, 18.97it/s, Materializing param=model.language_model.layers.27.self_attn.k_proj.weight][A

Loading weights:  29%|██▉       | 362/1247 [00:39<00:46, 18.97it/s, Materializing param=model.language_model.layers.27.self_attn.o_proj.weight][A

Loading weights:  29%|██▉       | 362/1247 [00:39<00:46, 18.97it/s, Materializing param=model.language_model.layers.27.self_attn.o_proj.weight][A

Loading weights:  29%|██▉       | 363/1247 [00:39<00:46, 18.97it/s, Materializing param=model.language_model.layers.27.self_attn.q_norm.weight][A

Loading weights:  29%|██▉       | 363/1247 [00:39<00:46, 18.97it/s, Materializing param=model.language_model.layers.27.self_attn.q_norm.weight][A

Loading weights:  29%|██▉       | 364/1247 [00:39<00:46, 18.97it/s, Materializing param=model.language_model.layers.27.self_attn.q_proj.weight][A

Loading weights:  29%|██▉       | 364/1247 [00:39<00:46, 18.97it/s, Materializing param=model.language_model.layers.27.self_attn.q_proj.weight][A

Loading weights:  29%|██▉       | 365/1247 [00:39<00:46, 18.97it/s, Materializing param=model.language_model.layers.27.self_attn.v_proj.weight][A

Loading weights:  29%|██▉       | 365/1247 [00:39<00:46, 18.97it/s, Materializing param=model.language_model.layers.27.self_attn.v_proj.weight][A

Loading weights:  29%|██▉       | 366/1247 [00:39<00:46, 18.97it/s, Materializing param=model.language_model.layers.28.input_layernorm.weight] [A

Loading weights:  29%|██▉       | 366/1247 [00:39<00:46, 18.97it/s, Materializing param=model.language_model.layers.28.input_layernorm.weight][A

Loading weights:  29%|██▉       | 367/1247 [00:39<00:46, 18.97it/s, Materializing param=model.language_model.layers.28.mlp.down_proj.weight]  [A

Loading weights:  29%|██▉       | 367/1247 [00:39<00:46, 18.97it/s, Materializing param=model.language_model.layers.28.mlp.down_proj.weight][A

Loading weights:  30%|██▉       | 368/1247 [00:39<00:46, 18.97it/s, Materializing param=model.language_model.layers.28.mlp.gate_proj.weight][A

Loading weights:  30%|██▉       | 368/1247 [00:39<00:46, 18.97it/s, Materializing param=model.language_model.layers.28.mlp.gate_proj.weight][A

Loading weights:  30%|██▉       | 369/1247 [00:39<00:46, 18.97it/s, Materializing param=model.language_model.layers.28.mlp.up_proj.weight]  [A

Loading weights:  30%|██▉       | 369/1247 [00:39<00:46, 18.97it/s, Materializing param=model.language_model.layers.28.mlp.up_proj.weight][A

Loading weights:  30%|██▉       | 370/1247 [00:39<00:46, 18.97it/s, Materializing param=model.language_model.layers.28.post_attention_layernorm.weight][A

Loading weights:  30%|██▉       | 370/1247 [00:39<00:46, 18.97it/s, Materializing param=model.language_model.layers.28.post_attention_layernorm.weight][A

Loading weights:  30%|██▉       | 371/1247 [00:39<00:46, 18.97it/s, Materializing param=model.language_model.layers.28.post_feedforward_layernorm.weight][A

Loading weights:  30%|██▉       | 371/1247 [00:39<00:46, 18.97it/s, Materializing param=model.language_model.layers.28.post_feedforward_layernorm.weight][A

Loading weights:  30%|██▉       | 372/1247 [00:39<00:46, 18.97it/s, Materializing param=model.language_model.layers.28.pre_feedforward_layernorm.weight] [A

Loading weights:  30%|██▉       | 372/1247 [00:39<00:46, 18.97it/s, Materializing param=model.language_model.layers.28.pre_feedforward_layernorm.weight][A

Loading weights:  30%|██▉       | 373/1247 [00:39<00:46, 18.97it/s, Materializing param=model.language_model.layers.28.self_attn.k_norm.weight]         [A

Loading weights:  30%|██▉       | 373/1247 [00:39<00:46, 18.97it/s, Materializing param=model.language_model.layers.28.self_attn.k_norm.weight][A

Loading weights:  30%|██▉       | 374/1247 [00:39<00:46, 18.97it/s, Materializing param=model.language_model.layers.28.self_attn.k_proj.weight][A

Loading weights:  30%|██▉       | 374/1247 [00:39<00:46, 18.97it/s, Materializing param=model.language_model.layers.28.self_attn.k_proj.weight][A

Loading weights:  30%|███       | 375/1247 [00:39<00:45, 18.97it/s, Materializing param=model.language_model.layers.28.self_attn.o_proj.weight][A

Loading weights:  30%|███       | 375/1247 [00:39<00:45, 18.97it/s, Materializing param=model.language_model.layers.28.self_attn.o_proj.weight][A

Loading weights:  30%|███       | 376/1247 [00:39<00:45, 18.97it/s, Materializing param=model.language_model.layers.28.self_attn.q_norm.weight][A

Loading weights:  30%|███       | 376/1247 [00:39<00:45, 18.97it/s, Materializing param=model.language_model.layers.28.self_attn.q_norm.weight][A

Loading weights:  30%|███       | 377/1247 [00:39<00:45, 18.97it/s, Materializing param=model.language_model.layers.28.self_attn.q_proj.weight][A

Loading weights:  30%|███       | 377/1247 [00:39<00:45, 18.97it/s, Materializing param=model.language_model.layers.28.self_attn.q_proj.weight][A

Loading weights:  30%|███       | 378/1247 [00:39<00:45, 18.97it/s, Materializing param=model.language_model.layers.28.self_attn.v_proj.weight][A

Loading weights:  30%|███       | 378/1247 [00:39<00:45, 18.97it/s, Materializing param=model.language_model.layers.28.self_attn.v_proj.weight][A

Loading weights:  30%|███       | 379/1247 [00:39<00:45, 18.97it/s, Materializing param=model.language_model.layers.29.input_layernorm.weight] [A

Loading weights:  30%|███       | 379/1247 [00:39<00:45, 18.97it/s, Materializing param=model.language_model.layers.29.input_layernorm.weight][A

Loading weights:  30%|███       | 380/1247 [00:39<00:45, 18.97it/s, Materializing param=model.language_model.layers.29.mlp.down_proj.weight]  [A

Loading weights:  30%|███       | 380/1247 [00:39<00:45, 18.97it/s, Materializing param=model.language_model.layers.29.mlp.down_proj.weight][A

Loading weights:  31%|███       | 381/1247 [00:39<00:45, 18.97it/s, Materializing param=model.language_model.layers.29.mlp.gate_proj.weight][A

Loading weights:  31%|███       | 381/1247 [00:39<00:45, 18.97it/s, Materializing param=model.language_model.layers.29.mlp.gate_proj.weight][A

Loading weights:  31%|███       | 382/1247 [00:39<00:45, 18.97it/s, Materializing param=model.language_model.layers.29.mlp.up_proj.weight]  [A

Loading weights:  31%|███       | 382/1247 [00:39<00:45, 18.97it/s, Materializing param=model.language_model.layers.29.mlp.up_proj.weight][A

Loading weights:  31%|███       | 383/1247 [00:39<00:45, 18.97it/s, Materializing param=model.language_model.layers.29.post_attention_layernorm.weight][A

Loading weights:  31%|███       | 383/1247 [00:39<00:45, 18.97it/s, Materializing param=model.language_model.layers.29.post_attention_layernorm.weight][A

Loading weights:  31%|███       | 384/1247 [00:39<00:45, 18.97it/s, Materializing param=model.language_model.layers.29.post_feedforward_layernorm.weight][A

Loading weights:  31%|███       | 384/1247 [00:39<00:45, 18.97it/s, Materializing param=model.language_model.layers.29.post_feedforward_layernorm.weight][A

Loading weights:  31%|███       | 385/1247 [00:39<00:45, 18.97it/s, Materializing param=model.language_model.layers.29.pre_feedforward_layernorm.weight] [A

Loading weights:  31%|███       | 385/1247 [00:39<00:45, 18.97it/s, Materializing param=model.language_model.layers.29.pre_feedforward_layernorm.weight][A

Loading weights:  31%|███       | 386/1247 [00:39<00:45, 18.97it/s, Materializing param=model.language_model.layers.29.self_attn.k_norm.weight]         [A

Loading weights:  31%|███       | 386/1247 [00:39<00:45, 18.97it/s, Materializing param=model.language_model.layers.29.self_attn.k_norm.weight][A

Loading weights:  31%|███       | 387/1247 [00:39<00:45, 18.97it/s, Materializing param=model.language_model.layers.29.self_attn.k_proj.weight][A

Loading weights:  31%|███       | 387/1247 [00:39<00:45, 18.97it/s, Materializing param=model.language_model.layers.29.self_attn.k_proj.weight][A

Loading weights:  31%|███       | 388/1247 [00:40<00:45, 18.97it/s, Materializing param=model.language_model.layers.29.self_attn.o_proj.weight][A

Loading weights:  31%|███       | 388/1247 [00:40<00:45, 18.97it/s, Materializing param=model.language_model.layers.29.self_attn.o_proj.weight][A

Loading weights:  31%|███       | 389/1247 [00:40<00:45, 18.97it/s, Materializing param=model.language_model.layers.29.self_attn.q_norm.weight][A

Loading weights:  31%|███       | 389/1247 [00:40<00:45, 18.97it/s, Materializing param=model.language_model.layers.29.self_attn.q_norm.weight][A

Loading weights:  31%|███▏      | 390/1247 [00:40<00:45, 18.97it/s, Materializing param=model.language_model.layers.29.self_attn.q_proj.weight][A

Loading weights:  31%|███▏      | 390/1247 [00:40<00:45, 18.97it/s, Materializing param=model.language_model.layers.29.self_attn.q_proj.weight][A

Loading weights:  31%|███▏      | 391/1247 [00:40<00:45, 18.97it/s, Materializing param=model.language_model.layers.29.self_attn.v_proj.weight][A

Loading weights:  31%|███▏      | 391/1247 [00:40<00:45, 18.97it/s, Materializing param=model.language_model.layers.29.self_attn.v_proj.weight][A

Loading weights:  31%|███▏      | 392/1247 [00:40<00:45, 18.97it/s, Materializing param=model.language_model.layers.30.input_layernorm.weight] [A

Loading weights:  31%|███▏      | 392/1247 [00:40<00:45, 18.97it/s, Materializing param=model.language_model.layers.30.input_layernorm.weight][A

Loading weights:  32%|███▏      | 393/1247 [00:40<00:45, 18.97it/s, Materializing param=model.language_model.layers.30.mlp.down_proj.weight]  [A

Loading weights:  32%|███▏      | 393/1247 [00:40<00:45, 18.97it/s, Materializing param=model.language_model.layers.30.mlp.down_proj.weight][A

Loading weights:  32%|███▏      | 394/1247 [00:40<00:44, 18.97it/s, Materializing param=model.language_model.layers.30.mlp.gate_proj.weight][A

Loading weights:  32%|███▏      | 394/1247 [00:40<00:44, 18.97it/s, Materializing param=model.language_model.layers.30.mlp.gate_proj.weight][A

Loading weights:  32%|███▏      | 395/1247 [00:40<00:44, 18.97it/s, Materializing param=model.language_model.layers.30.mlp.up_proj.weight]  [A

Loading weights:  32%|███▏      | 395/1247 [00:40<00:44, 18.97it/s, Materializing param=model.language_model.layers.30.mlp.up_proj.weight][A

Loading weights:  32%|███▏      | 396/1247 [00:40<00:44, 18.97it/s, Materializing param=model.language_model.layers.30.post_attention_layernorm.weight][A

Loading weights:  32%|███▏      | 396/1247 [00:40<00:44, 18.97it/s, Materializing param=model.language_model.layers.30.post_attention_layernorm.weight][A

Loading weights:  32%|███▏      | 397/1247 [00:40<00:44, 18.97it/s, Materializing param=model.language_model.layers.30.post_feedforward_layernorm.weight][A

Loading weights:  32%|███▏      | 397/1247 [00:40<00:44, 18.97it/s, Materializing param=model.language_model.layers.30.post_feedforward_layernorm.weight][A

Loading weights:  32%|███▏      | 398/1247 [00:40<00:44, 18.97it/s, Materializing param=model.language_model.layers.30.pre_feedforward_layernorm.weight] [A

Loading weights:  32%|███▏      | 398/1247 [00:40<00:44, 18.97it/s, Materializing param=model.language_model.layers.30.pre_feedforward_layernorm.weight][A

Loading weights:  32%|███▏      | 399/1247 [00:40<00:44, 18.97it/s, Materializing param=model.language_model.layers.30.self_attn.k_norm.weight]         [A

Loading weights:  32%|███▏      | 399/1247 [00:40<00:44, 18.97it/s, Materializing param=model.language_model.layers.30.self_attn.k_norm.weight][A

Loading weights:  32%|███▏      | 400/1247 [00:40<00:44, 18.97it/s, Materializing param=model.language_model.layers.30.self_attn.k_proj.weight][A

Loading weights:  32%|███▏      | 400/1247 [00:40<00:44, 18.97it/s, Materializing param=model.language_model.layers.30.self_attn.k_proj.weight][A

Loading weights:  32%|███▏      | 401/1247 [00:40<00:44, 18.97it/s, Materializing param=model.language_model.layers.30.self_attn.o_proj.weight][A

Loading weights:  32%|███▏      | 401/1247 [00:40<00:44, 18.97it/s, Materializing param=model.language_model.layers.30.self_attn.o_proj.weight][A

Loading weights:  32%|███▏      | 402/1247 [00:40<00:44, 18.97it/s, Materializing param=model.language_model.layers.30.self_attn.q_norm.weight][A

Loading weights:  32%|███▏      | 402/1247 [00:40<00:44, 18.97it/s, Materializing param=model.language_model.layers.30.self_attn.q_norm.weight][A

Loading weights:  32%|███▏      | 403/1247 [00:40<00:44, 18.97it/s, Materializing param=model.language_model.layers.30.self_attn.q_proj.weight][A

Loading weights:  32%|███▏      | 403/1247 [00:40<00:44, 18.97it/s, Materializing param=model.language_model.layers.30.self_attn.q_proj.weight][A

Loading weights:  32%|███▏      | 404/1247 [00:40<00:44, 18.97it/s, Materializing param=model.language_model.layers.30.self_attn.v_proj.weight][A

Loading weights:  32%|███▏      | 404/1247 [00:40<00:44, 18.97it/s, Materializing param=model.language_model.layers.30.self_attn.v_proj.weight][A

Loading weights:  32%|███▏      | 405/1247 [00:40<00:44, 18.97it/s, Materializing param=model.language_model.layers.31.input_layernorm.weight] [A

Loading weights:  32%|███▏      | 405/1247 [00:40<00:44, 18.97it/s, Materializing param=model.language_model.layers.31.input_layernorm.weight][A

Loading weights:  33%|███▎      | 406/1247 [00:40<00:44, 18.97it/s, Materializing param=model.language_model.layers.31.mlp.down_proj.weight]  [A

Loading weights:  33%|███▎      | 406/1247 [00:40<00:44, 18.97it/s, Materializing param=model.language_model.layers.31.mlp.down_proj.weight][A

Loading weights:  33%|███▎      | 407/1247 [00:40<00:44, 18.97it/s, Materializing param=model.language_model.layers.31.mlp.gate_proj.weight][A

Loading weights:  33%|███▎      | 407/1247 [00:40<00:44, 18.97it/s, Materializing param=model.language_model.layers.31.mlp.gate_proj.weight][A

Loading weights:  33%|███▎      | 408/1247 [00:40<00:44, 18.97it/s, Materializing param=model.language_model.layers.31.mlp.up_proj.weight]  [A

Loading weights:  33%|███▎      | 408/1247 [00:40<00:44, 18.97it/s, Materializing param=model.language_model.layers.31.mlp.up_proj.weight][A

Loading weights:  33%|███▎      | 409/1247 [00:40<00:44, 18.97it/s, Materializing param=model.language_model.layers.31.post_attention_layernorm.weight][A

Loading weights:  33%|███▎      | 409/1247 [00:40<00:44, 18.97it/s, Materializing param=model.language_model.layers.31.post_attention_layernorm.weight][A

Loading weights:  33%|███▎      | 410/1247 [00:40<00:44, 18.97it/s, Materializing param=model.language_model.layers.31.post_feedforward_layernorm.weight][A

Loading weights:  33%|███▎      | 410/1247 [00:40<00:44, 18.97it/s, Materializing param=model.language_model.layers.31.post_feedforward_layernorm.weight][A

Loading weights:  33%|███▎      | 411/1247 [00:40<00:44, 18.97it/s, Materializing param=model.language_model.layers.31.pre_feedforward_layernorm.weight] [A

Loading weights:  33%|███▎      | 411/1247 [00:40<00:44, 18.97it/s, Materializing param=model.language_model.layers.31.pre_feedforward_layernorm.weight][A

Loading weights:  33%|███▎      | 412/1247 [00:40<00:44, 18.97it/s, Materializing param=model.language_model.layers.31.self_attn.k_norm.weight]         [A

Loading weights:  33%|███▎      | 412/1247 [00:40<00:44, 18.97it/s, Materializing param=model.language_model.layers.31.self_attn.k_norm.weight][A

Loading weights:  33%|███▎      | 413/1247 [00:40<00:43, 18.97it/s, Materializing param=model.language_model.layers.31.self_attn.k_proj.weight][A

Loading weights:  33%|███▎      | 413/1247 [00:40<00:43, 18.97it/s, Materializing param=model.language_model.layers.31.self_attn.k_proj.weight][A

Loading weights:  33%|███▎      | 414/1247 [00:40<00:43, 18.97it/s, Materializing param=model.language_model.layers.31.self_attn.o_proj.weight][A

Loading weights:  33%|███▎      | 414/1247 [00:40<00:43, 18.97it/s, Materializing param=model.language_model.layers.31.self_attn.o_proj.weight][A

Loading weights:  33%|███▎      | 415/1247 [00:40<00:43, 18.97it/s, Materializing param=model.language_model.layers.31.self_attn.q_norm.weight][A

Loading weights:  33%|███▎      | 415/1247 [00:40<00:43, 18.97it/s, Materializing param=model.language_model.layers.31.self_attn.q_norm.weight][A

Loading weights:  33%|███▎      | 416/1247 [00:40<00:43, 18.97it/s, Materializing param=model.language_model.layers.31.self_attn.q_proj.weight][A

Loading weights:  33%|███▎      | 416/1247 [00:40<00:43, 18.97it/s, Materializing param=model.language_model.layers.31.self_attn.q_proj.weight][A

Loading weights:  33%|███▎      | 417/1247 [00:40<00:43, 18.97it/s, Materializing param=model.language_model.layers.31.self_attn.v_proj.weight][A

Loading weights:  33%|███▎      | 417/1247 [00:40<00:43, 18.97it/s, Materializing param=model.language_model.layers.31.self_attn.v_proj.weight][A

Loading weights:  34%|███▎      | 418/1247 [00:40<00:43, 18.97it/s, Materializing param=model.language_model.layers.32.input_layernorm.weight] [A

Loading weights:  34%|███▎      | 418/1247 [00:40<00:43, 18.97it/s, Materializing param=model.language_model.layers.32.input_layernorm.weight][A

Loading weights:  34%|███▎      | 419/1247 [00:40<00:43, 18.97it/s, Materializing param=model.language_model.layers.32.mlp.down_proj.weight]  [A

Loading weights:  34%|███▎      | 419/1247 [00:40<00:43, 18.97it/s, Materializing param=model.language_model.layers.32.mlp.down_proj.weight][A

Loading weights:  34%|███▎      | 420/1247 [00:43<00:39, 20.75it/s, Materializing param=model.language_model.layers.32.mlp.down_proj.weight][A

Loading weights:  34%|███▎      | 420/1247 [00:43<00:39, 20.75it/s, Materializing param=model.language_model.layers.32.mlp.gate_proj.weight][A

Loading weights:  34%|███▎      | 420/1247 [00:43<00:39, 20.75it/s, Materializing param=model.language_model.layers.32.mlp.gate_proj.weight][A

Loading weights:  34%|███▍      | 421/1247 [00:46<00:39, 20.75it/s, Materializing param=model.language_model.layers.32.mlp.up_proj.weight]  [A

Loading weights:  34%|███▍      | 421/1247 [00:46<00:39, 20.75it/s, Materializing param=model.language_model.layers.32.mlp.up_proj.weight][A

Loading weights:  34%|███▍      | 422/1247 [00:49<00:39, 20.75it/s, Materializing param=model.language_model.layers.32.post_attention_layernorm.weight][A

Loading weights:  34%|███▍      | 422/1247 [00:49<00:39, 20.75it/s, Materializing param=model.language_model.layers.32.post_attention_layernorm.weight][A

Loading weights:  34%|███▍      | 423/1247 [00:49<00:39, 20.75it/s, Materializing param=model.language_model.layers.32.post_feedforward_layernorm.weight][A

Loading weights:  34%|███▍      | 423/1247 [00:49<00:39, 20.75it/s, Materializing param=model.language_model.layers.32.post_feedforward_layernorm.weight][A

Loading weights:  34%|███▍      | 424/1247 [00:49<00:39, 20.75it/s, Materializing param=model.language_model.layers.32.pre_feedforward_layernorm.weight] [A

Loading weights:  34%|███▍      | 424/1247 [00:49<00:39, 20.75it/s, Materializing param=model.language_model.layers.32.pre_feedforward_layernorm.weight][A

Loading weights:  34%|███▍      | 425/1247 [00:49<00:39, 20.75it/s, Materializing param=model.language_model.layers.32.self_attn.k_norm.weight]         [A

Loading weights:  34%|███▍      | 425/1247 [00:49<00:39, 20.75it/s, Materializing param=model.language_model.layers.32.self_attn.k_norm.weight][A

Loading weights:  34%|███▍      | 426/1247 [00:49<00:39, 20.75it/s, Materializing param=model.language_model.layers.32.self_attn.k_proj.weight][A

Loading weights:  34%|███▍      | 426/1247 [00:49<00:39, 20.75it/s, Materializing param=model.language_model.layers.32.self_attn.k_proj.weight][A

Loading weights:  34%|███▍      | 427/1247 [00:53<00:39, 20.75it/s, Materializing param=model.language_model.layers.32.self_attn.o_proj.weight][A

Loading weights:  34%|███▍      | 427/1247 [00:53<00:39, 20.75it/s, Materializing param=model.language_model.layers.32.self_attn.o_proj.weight][A

Loading weights:  34%|███▍      | 427/1247 [00:53<00:39, 20.75it/s, Materializing param=model.language_model.layers.32.self_attn.o_proj.weight][A

Loading weights:  34%|███▍      | 428/1247 [00:56<01:42,  8.01it/s, Materializing param=model.language_model.layers.32.self_attn.o_proj.weight][A

Loading weights:  34%|███▍      | 428/1247 [00:56<01:42,  8.01it/s, Materializing param=model.language_model.layers.32.self_attn.q_norm.weight][A

Loading weights:  34%|███▍      | 428/1247 [00:56<01:42,  8.01it/s, Materializing param=model.language_model.layers.32.self_attn.q_norm.weight][A

Loading weights:  34%|███▍      | 429/1247 [00:56<01:42,  8.01it/s, Materializing param=model.language_model.layers.32.self_attn.q_proj.weight][A

Loading weights:  34%|███▍      | 429/1247 [00:56<01:42,  8.01it/s, Materializing param=model.language_model.layers.32.self_attn.q_proj.weight][A

Loading weights:  34%|███▍      | 430/1247 [00:58<01:57,  6.93it/s, Materializing param=model.language_model.layers.32.self_attn.q_proj.weight][A

Loading weights:  34%|███▍      | 430/1247 [00:58<01:57,  6.93it/s, Materializing param=model.language_model.layers.32.self_attn.v_proj.weight][A

Loading weights:  34%|███▍      | 430/1247 [00:58<01:57,  6.93it/s, Materializing param=model.language_model.layers.32.self_attn.v_proj.weight][A

Loading weights:  35%|███▍      | 431/1247 [01:02<01:57,  6.93it/s, Materializing param=model.language_model.layers.33.input_layernorm.weight] [A

Loading weights:  35%|███▍      | 431/1247 [01:02<01:57,  6.93it/s, Materializing param=model.language_model.layers.33.input_layernorm.weight][A

Loading weights:  35%|███▍      | 432/1247 [01:02<01:57,  6.93it/s, Materializing param=model.language_model.layers.33.mlp.down_proj.weight]  [A

Loading weights:  35%|███▍      | 432/1247 [01:02<01:57,  6.93it/s, Materializing param=model.language_model.layers.33.mlp.down_proj.weight][A

Loading weights:  35%|███▍      | 433/1247 [01:05<01:57,  6.93it/s, Materializing param=model.language_model.layers.33.mlp.gate_proj.weight][A

Loading weights:  35%|███▍      | 433/1247 [01:05<01:57,  6.93it/s, Materializing param=model.language_model.layers.33.mlp.gate_proj.weight][A

Loading weights:  35%|███▍      | 434/1247 [01:09<01:57,  6.93it/s, Materializing param=model.language_model.layers.33.mlp.up_proj.weight]  [A

Loading weights:  35%|███▍      | 434/1247 [01:09<01:57,  6.93it/s, Materializing param=model.language_model.layers.33.mlp.up_proj.weight][A

Loading weights:  35%|███▍      | 435/1247 [01:12<01:57,  6.93it/s, Materializing param=model.language_model.layers.33.post_attention_layernorm.weight][A

Loading weights:  35%|███▍      | 435/1247 [01:12<01:57,  6.93it/s, Materializing param=model.language_model.layers.33.post_attention_layernorm.weight][A

Loading weights:  35%|███▍      | 436/1247 [01:12<01:57,  6.93it/s, Materializing param=model.language_model.layers.33.post_feedforward_layernorm.weight][A

Loading weights:  35%|███▍      | 436/1247 [01:12<01:57,  6.93it/s, Materializing param=model.language_model.layers.33.post_feedforward_layernorm.weight][A

Loading weights:  35%|███▌      | 437/1247 [01:12<01:56,  6.93it/s, Materializing param=model.language_model.layers.33.pre_feedforward_layernorm.weight] [A

Loading weights:  35%|███▌      | 437/1247 [01:12<01:56,  6.93it/s, Materializing param=model.language_model.layers.33.pre_feedforward_layernorm.weight][A

Loading weights:  35%|███▌      | 438/1247 [01:12<01:56,  6.93it/s, Materializing param=model.language_model.layers.33.self_attn.k_norm.weight]         [A

Loading weights:  35%|███▌      | 438/1247 [01:12<01:56,  6.93it/s, Materializing param=model.language_model.layers.33.self_attn.k_norm.weight][A

Loading weights:  35%|███▌      | 439/1247 [01:12<01:56,  6.93it/s, Materializing param=model.language_model.layers.33.self_attn.k_proj.weight][A

Loading weights:  35%|███▌      | 439/1247 [01:12<01:56,  6.93it/s, Materializing param=model.language_model.layers.33.self_attn.k_proj.weight][A

Loading weights:  35%|███▌      | 440/1247 [01:12<01:56,  6.93it/s, Materializing param=model.language_model.layers.33.self_attn.o_proj.weight][A

Loading weights:  35%|███▌      | 440/1247 [01:12<01:56,  6.93it/s, Materializing param=model.language_model.layers.33.self_attn.o_proj.weight][A

Loading weights:  35%|███▌      | 441/1247 [01:12<01:56,  6.93it/s, Materializing param=model.language_model.layers.33.self_attn.q_norm.weight][A

Loading weights:  35%|███▌      | 441/1247 [01:12<01:56,  6.93it/s, Materializing param=model.language_model.layers.33.self_attn.q_norm.weight][A

Loading weights:  35%|███▌      | 442/1247 [01:12<01:56,  6.93it/s, Materializing param=model.language_model.layers.33.self_attn.q_proj.weight][A

Loading weights:  35%|███▌      | 442/1247 [01:12<01:56,  6.93it/s, Materializing param=model.language_model.layers.33.self_attn.q_proj.weight][A

Loading weights:  36%|███▌      | 443/1247 [01:12<01:56,  6.93it/s, Materializing param=model.language_model.layers.33.self_attn.v_proj.weight][A

Loading weights:  36%|███▌      | 443/1247 [01:12<01:56,  6.93it/s, Materializing param=model.language_model.layers.33.self_attn.v_proj.weight][A

Loading weights:  36%|███▌      | 444/1247 [01:12<01:55,  6.93it/s, Materializing param=model.language_model.layers.34.input_layernorm.weight] [A

Loading weights:  36%|███▌      | 444/1247 [01:12<01:55,  6.93it/s, Materializing param=model.language_model.layers.34.input_layernorm.weight][A

Loading weights:  36%|███▌      | 445/1247 [01:12<01:55,  6.93it/s, Materializing param=model.language_model.layers.34.mlp.down_proj.weight]  [A

Loading weights:  36%|███▌      | 445/1247 [01:12<01:55,  6.93it/s, Materializing param=model.language_model.layers.34.mlp.down_proj.weight][A

Loading weights:  36%|███▌      | 446/1247 [01:12<01:55,  6.93it/s, Materializing param=model.language_model.layers.34.mlp.gate_proj.weight][A

Loading weights:  36%|███▌      | 446/1247 [01:12<01:55,  6.93it/s, Materializing param=model.language_model.layers.34.mlp.gate_proj.weight][A

Loading weights:  36%|███▌      | 447/1247 [01:12<01:55,  6.93it/s, Materializing param=model.language_model.layers.34.mlp.up_proj.weight]  [A

Loading weights:  36%|███▌      | 447/1247 [01:12<01:55,  6.93it/s, Materializing param=model.language_model.layers.34.mlp.up_proj.weight][A

Loading weights:  36%|███▌      | 448/1247 [01:12<01:55,  6.93it/s, Materializing param=model.language_model.layers.34.post_attention_layernorm.weight][A

Loading weights:  36%|███▌      | 448/1247 [01:12<01:55,  6.93it/s, Materializing param=model.language_model.layers.34.post_attention_layernorm.weight][A

Loading weights:  36%|███▌      | 449/1247 [01:12<01:55,  6.93it/s, Materializing param=model.language_model.layers.34.post_feedforward_layernorm.weight][A

Loading weights:  36%|███▌      | 449/1247 [01:12<01:55,  6.93it/s, Materializing param=model.language_model.layers.34.post_feedforward_layernorm.weight][A

Loading weights:  36%|███▌      | 450/1247 [01:12<01:55,  6.93it/s, Materializing param=model.language_model.layers.34.pre_feedforward_layernorm.weight] [A

Loading weights:  36%|███▌      | 450/1247 [01:12<01:55,  6.93it/s, Materializing param=model.language_model.layers.34.pre_feedforward_layernorm.weight][A

Loading weights:  36%|███▌      | 451/1247 [01:12<01:54,  6.93it/s, Materializing param=model.language_model.layers.34.self_attn.k_norm.weight]         [A

Loading weights:  36%|███▌      | 451/1247 [01:12<01:54,  6.93it/s, Materializing param=model.language_model.layers.34.self_attn.k_norm.weight][A

Loading weights:  36%|███▌      | 452/1247 [01:12<01:54,  6.93it/s, Materializing param=model.language_model.layers.34.self_attn.k_proj.weight][A

Loading weights:  36%|███▌      | 452/1247 [01:12<01:54,  6.93it/s, Materializing param=model.language_model.layers.34.self_attn.k_proj.weight][A

Loading weights:  36%|███▋      | 453/1247 [01:12<01:54,  6.93it/s, Materializing param=model.language_model.layers.34.self_attn.o_proj.weight][A

Loading weights:  36%|███▋      | 453/1247 [01:12<01:54,  6.93it/s, Materializing param=model.language_model.layers.34.self_attn.o_proj.weight][A

Loading weights:  36%|███▋      | 453/1247 [01:12<01:54,  6.93it/s, Materializing param=model.language_model.layers.34.self_attn.o_proj.weight][A

Loading weights:  36%|███▋      | 454/1247 [01:12<03:13,  4.11it/s, Materializing param=model.language_model.layers.34.self_attn.o_proj.weight][A

Loading weights:  36%|███▋      | 454/1247 [01:12<03:13,  4.11it/s, Materializing param=model.language_model.layers.34.self_attn.q_norm.weight][A

Loading weights:  36%|███▋      | 454/1247 [01:12<03:13,  4.11it/s, Materializing param=model.language_model.layers.34.self_attn.q_norm.weight][A

Loading weights:  36%|███▋      | 455/1247 [01:12<03:12,  4.11it/s, Materializing param=model.language_model.layers.34.self_attn.q_proj.weight][A

Loading weights:  36%|███▋      | 455/1247 [01:12<03:12,  4.11it/s, Materializing param=model.language_model.layers.34.self_attn.q_proj.weight][A

Loading weights:  37%|███▋      | 456/1247 [01:12<03:12,  4.11it/s, Materializing param=model.language_model.layers.34.self_attn.v_proj.weight][A

Loading weights:  37%|███▋      | 456/1247 [01:12<03:12,  4.11it/s, Materializing param=model.language_model.layers.34.self_attn.v_proj.weight][A

Loading weights:  37%|███▋      | 457/1247 [01:12<03:05,  4.25it/s, Materializing param=model.language_model.layers.34.self_attn.v_proj.weight][A

Loading weights:  37%|███▋      | 457/1247 [01:12<03:05,  4.25it/s, Materializing param=model.language_model.layers.35.input_layernorm.weight] [A

Loading weights:  37%|███▋      | 457/1247 [01:12<03:05,  4.25it/s, Materializing param=model.language_model.layers.35.input_layernorm.weight][A

Loading weights:  37%|███▋      | 458/1247 [01:12<03:05,  4.25it/s, Materializing param=model.language_model.layers.35.mlp.down_proj.weight]  [A

Loading weights:  37%|███▋      | 458/1247 [01:12<03:05,  4.25it/s, Materializing param=model.language_model.layers.35.mlp.down_proj.weight][A

Loading weights:  37%|███▋      | 459/1247 [01:12<03:05,  4.25it/s, Materializing param=model.language_model.layers.35.mlp.gate_proj.weight][A

Loading weights:  37%|███▋      | 459/1247 [01:12<03:05,  4.25it/s, Materializing param=model.language_model.layers.35.mlp.gate_proj.weight][A

Loading weights:  37%|███▋      | 460/1247 [01:12<03:05,  4.25it/s, Materializing param=model.language_model.layers.35.mlp.up_proj.weight]  [A

Loading weights:  37%|███▋      | 460/1247 [01:12<03:05,  4.25it/s, Materializing param=model.language_model.layers.35.mlp.up_proj.weight][A

Loading weights:  37%|███▋      | 461/1247 [01:13<03:05,  4.25it/s, Materializing param=model.language_model.layers.35.post_attention_layernorm.weight][A

Loading weights:  37%|███▋      | 461/1247 [01:13<03:05,  4.25it/s, Materializing param=model.language_model.layers.35.post_attention_layernorm.weight][A

Loading weights:  37%|███▋      | 462/1247 [01:13<03:04,  4.25it/s, Materializing param=model.language_model.layers.35.post_feedforward_layernorm.weight][A

Loading weights:  37%|███▋      | 462/1247 [01:13<03:04,  4.25it/s, Materializing param=model.language_model.layers.35.post_feedforward_layernorm.weight][A

Loading weights:  37%|███▋      | 463/1247 [01:13<03:04,  4.25it/s, Materializing param=model.language_model.layers.35.pre_feedforward_layernorm.weight] [A

Loading weights:  37%|███▋      | 463/1247 [01:13<03:04,  4.25it/s, Materializing param=model.language_model.layers.35.pre_feedforward_layernorm.weight][A

Loading weights:  37%|███▋      | 464/1247 [01:13<03:04,  4.25it/s, Materializing param=model.language_model.layers.35.self_attn.k_norm.weight]         [A

Loading weights:  37%|███▋      | 464/1247 [01:13<03:04,  4.25it/s, Materializing param=model.language_model.layers.35.self_attn.k_norm.weight][A

Loading weights:  37%|███▋      | 465/1247 [01:13<03:04,  4.25it/s, Materializing param=model.language_model.layers.35.self_attn.k_proj.weight][A

Loading weights:  37%|███▋      | 465/1247 [01:13<03:04,  4.25it/s, Materializing param=model.language_model.layers.35.self_attn.k_proj.weight][A

Loading weights:  37%|███▋      | 466/1247 [01:13<03:03,  4.25it/s, Materializing param=model.language_model.layers.35.self_attn.o_proj.weight][A

Loading weights:  37%|███▋      | 466/1247 [01:13<03:03,  4.25it/s, Materializing param=model.language_model.layers.35.self_attn.o_proj.weight][A

Loading weights:  37%|███▋      | 467/1247 [01:13<03:03,  4.25it/s, Materializing param=model.language_model.layers.35.self_attn.q_norm.weight][A

Loading weights:  37%|███▋      | 467/1247 [01:13<03:03,  4.25it/s, Materializing param=model.language_model.layers.35.self_attn.q_norm.weight][A

Loading weights:  38%|███▊      | 468/1247 [01:13<03:03,  4.25it/s, Materializing param=model.language_model.layers.35.self_attn.q_proj.weight][A

Loading weights:  38%|███▊      | 468/1247 [01:13<03:03,  4.25it/s, Materializing param=model.language_model.layers.35.self_attn.q_proj.weight][A

Loading weights:  38%|███▊      | 469/1247 [01:13<03:03,  4.25it/s, Materializing param=model.language_model.layers.35.self_attn.v_proj.weight][A

Loading weights:  38%|███▊      | 469/1247 [01:13<03:03,  4.25it/s, Materializing param=model.language_model.layers.35.self_attn.v_proj.weight][A

Loading weights:  38%|███▊      | 470/1247 [01:13<03:02,  4.25it/s, Materializing param=model.language_model.layers.36.input_layernorm.weight] [A

Loading weights:  38%|███▊      | 470/1247 [01:13<03:02,  4.25it/s, Materializing param=model.language_model.layers.36.input_layernorm.weight][A

Loading weights:  38%|███▊      | 471/1247 [01:13<03:02,  4.25it/s, Materializing param=model.language_model.layers.36.mlp.down_proj.weight]  [A

Loading weights:  38%|███▊      | 471/1247 [01:13<03:02,  4.25it/s, Materializing param=model.language_model.layers.36.mlp.down_proj.weight][A

Loading weights:  38%|███▊      | 472/1247 [01:13<03:02,  4.25it/s, Materializing param=model.language_model.layers.36.mlp.gate_proj.weight][A

Loading weights:  38%|███▊      | 472/1247 [01:13<03:02,  4.25it/s, Materializing param=model.language_model.layers.36.mlp.gate_proj.weight][A

Loading weights:  38%|███▊      | 473/1247 [01:13<03:02,  4.25it/s, Materializing param=model.language_model.layers.36.mlp.up_proj.weight]  [A

Loading weights:  38%|███▊      | 473/1247 [01:13<03:02,  4.25it/s, Materializing param=model.language_model.layers.36.mlp.up_proj.weight][A

Loading weights:  38%|███▊      | 474/1247 [01:13<03:01,  4.25it/s, Materializing param=model.language_model.layers.36.post_attention_layernorm.weight][A

Loading weights:  38%|███▊      | 474/1247 [01:13<03:01,  4.25it/s, Materializing param=model.language_model.layers.36.post_attention_layernorm.weight][A

Loading weights:  38%|███▊      | 475/1247 [01:13<03:01,  4.25it/s, Materializing param=model.language_model.layers.36.post_feedforward_layernorm.weight][A

Loading weights:  38%|███▊      | 475/1247 [01:13<03:01,  4.25it/s, Materializing param=model.language_model.layers.36.post_feedforward_layernorm.weight][A

Loading weights:  38%|███▊      | 476/1247 [01:13<03:01,  4.25it/s, Materializing param=model.language_model.layers.36.pre_feedforward_layernorm.weight] [A

Loading weights:  38%|███▊      | 476/1247 [01:13<03:01,  4.25it/s, Materializing param=model.language_model.layers.36.pre_feedforward_layernorm.weight][A

Loading weights:  38%|███▊      | 477/1247 [01:13<03:01,  4.25it/s, Materializing param=model.language_model.layers.36.self_attn.k_norm.weight]         [A

Loading weights:  38%|███▊      | 477/1247 [01:13<03:01,  4.25it/s, Materializing param=model.language_model.layers.36.self_attn.k_norm.weight][A

Loading weights:  38%|███▊      | 478/1247 [01:13<03:01,  4.25it/s, Materializing param=model.language_model.layers.36.self_attn.k_proj.weight][A

Loading weights:  38%|███▊      | 478/1247 [01:13<03:01,  4.25it/s, Materializing param=model.language_model.layers.36.self_attn.k_proj.weight][A

Loading weights:  38%|███▊      | 479/1247 [01:13<02:12,  5.79it/s, Materializing param=model.language_model.layers.36.self_attn.k_proj.weight][A

Loading weights:  38%|███▊      | 479/1247 [01:13<02:12,  5.79it/s, Materializing param=model.language_model.layers.36.self_attn.o_proj.weight][A

Loading weights:  38%|███▊      | 479/1247 [01:13<02:12,  5.79it/s, Materializing param=model.language_model.layers.36.self_attn.o_proj.weight][A

Loading weights:  38%|███▊      | 480/1247 [01:13<02:12,  5.79it/s, Materializing param=model.language_model.layers.36.self_attn.q_norm.weight][A

Loading weights:  38%|███▊      | 480/1247 [01:13<02:12,  5.79it/s, Materializing param=model.language_model.layers.36.self_attn.q_norm.weight][A

Loading weights:  39%|███▊      | 481/1247 [01:13<02:12,  5.79it/s, Materializing param=model.language_model.layers.36.self_attn.q_proj.weight][A

Loading weights:  39%|███▊      | 481/1247 [01:13<02:12,  5.79it/s, Materializing param=model.language_model.layers.36.self_attn.q_proj.weight][A

Loading weights:  39%|███▊      | 482/1247 [01:13<02:12,  5.79it/s, Materializing param=model.language_model.layers.36.self_attn.v_proj.weight][A

Loading weights:  39%|███▊      | 482/1247 [01:13<02:12,  5.79it/s, Materializing param=model.language_model.layers.36.self_attn.v_proj.weight][A

Loading weights:  39%|███▊      | 483/1247 [01:13<02:11,  5.79it/s, Materializing param=model.language_model.layers.37.input_layernorm.weight] [A

Loading weights:  39%|███▊      | 483/1247 [01:13<02:11,  5.79it/s, Materializing param=model.language_model.layers.37.input_layernorm.weight][A

Loading weights:  39%|███▉      | 484/1247 [01:13<02:11,  5.79it/s, Materializing param=model.language_model.layers.37.mlp.down_proj.weight]  [A

Loading weights:  39%|███▉      | 484/1247 [01:13<02:11,  5.79it/s, Materializing param=model.language_model.layers.37.mlp.down_proj.weight][A

Loading weights:  39%|███▉      | 485/1247 [01:13<02:11,  5.79it/s, Materializing param=model.language_model.layers.37.mlp.gate_proj.weight][A

Loading weights:  39%|███▉      | 485/1247 [01:13<02:11,  5.79it/s, Materializing param=model.language_model.layers.37.mlp.gate_proj.weight][A

Loading weights:  39%|███▉      | 486/1247 [01:13<02:11,  5.79it/s, Materializing param=model.language_model.layers.37.mlp.up_proj.weight]  [A

Loading weights:  39%|███▉      | 486/1247 [01:13<02:11,  5.79it/s, Materializing param=model.language_model.layers.37.mlp.up_proj.weight][A

Loading weights:  39%|███▉      | 487/1247 [01:13<02:11,  5.79it/s, Materializing param=model.language_model.layers.37.post_attention_layernorm.weight][A

Loading weights:  39%|███▉      | 487/1247 [01:13<02:11,  5.79it/s, Materializing param=model.language_model.layers.37.post_attention_layernorm.weight][A

Loading weights:  39%|███▉      | 488/1247 [01:13<02:10,  5.79it/s, Materializing param=model.language_model.layers.37.post_feedforward_layernorm.weight][A

Loading weights:  39%|███▉      | 488/1247 [01:13<02:10,  5.79it/s, Materializing param=model.language_model.layers.37.post_feedforward_layernorm.weight][A

Loading weights:  39%|███▉      | 489/1247 [01:13<02:10,  5.79it/s, Materializing param=model.language_model.layers.37.pre_feedforward_layernorm.weight] [A

Loading weights:  39%|███▉      | 489/1247 [01:13<02:10,  5.79it/s, Materializing param=model.language_model.layers.37.pre_feedforward_layernorm.weight][A

Loading weights:  39%|███▉      | 490/1247 [01:13<02:10,  5.79it/s, Materializing param=model.language_model.layers.37.self_attn.k_norm.weight]         [A

Loading weights:  39%|███▉      | 490/1247 [01:13<02:10,  5.79it/s, Materializing param=model.language_model.layers.37.self_attn.k_norm.weight][A

Loading weights:  39%|███▉      | 491/1247 [01:13<02:10,  5.79it/s, Materializing param=model.language_model.layers.37.self_attn.k_proj.weight][A

Loading weights:  39%|███▉      | 491/1247 [01:13<02:10,  5.79it/s, Materializing param=model.language_model.layers.37.self_attn.k_proj.weight][A

Loading weights:  39%|███▉      | 492/1247 [01:13<02:10,  5.79it/s, Materializing param=model.language_model.layers.37.self_attn.o_proj.weight][A

Loading weights:  39%|███▉      | 492/1247 [01:13<02:10,  5.79it/s, Materializing param=model.language_model.layers.37.self_attn.o_proj.weight][A

Loading weights:  40%|███▉      | 493/1247 [01:13<02:10,  5.79it/s, Materializing param=model.language_model.layers.37.self_attn.q_norm.weight][A

Loading weights:  40%|███▉      | 493/1247 [01:13<02:10,  5.79it/s, Materializing param=model.language_model.layers.37.self_attn.q_norm.weight][A

Loading weights:  40%|███▉      | 494/1247 [01:13<02:09,  5.79it/s, Materializing param=model.language_model.layers.37.self_attn.q_proj.weight][A

Loading weights:  40%|███▉      | 494/1247 [01:13<02:09,  5.79it/s, Materializing param=model.language_model.layers.37.self_attn.q_proj.weight][A

Loading weights:  40%|███▉      | 495/1247 [01:13<02:09,  5.79it/s, Materializing param=model.language_model.layers.37.self_attn.v_proj.weight][A

Loading weights:  40%|███▉      | 495/1247 [01:13<02:09,  5.79it/s, Materializing param=model.language_model.layers.37.self_attn.v_proj.weight][A

Loading weights:  40%|███▉      | 496/1247 [01:13<01:41,  7.40it/s, Materializing param=model.language_model.layers.37.self_attn.v_proj.weight][A

Loading weights:  40%|███▉      | 496/1247 [01:13<01:41,  7.40it/s, Materializing param=model.language_model.layers.38.input_layernorm.weight] [A

Loading weights:  40%|███▉      | 496/1247 [01:13<01:41,  7.40it/s, Materializing param=model.language_model.layers.38.input_layernorm.weight][A

Loading weights:  40%|███▉      | 497/1247 [01:13<01:41,  7.40it/s, Materializing param=model.language_model.layers.38.mlp.down_proj.weight]  [A

Loading weights:  40%|███▉      | 497/1247 [01:13<01:41,  7.40it/s, Materializing param=model.language_model.layers.38.mlp.down_proj.weight][A

Loading weights:  40%|███▉      | 498/1247 [01:13<01:41,  7.40it/s, Materializing param=model.language_model.layers.38.mlp.gate_proj.weight][A

Loading weights:  40%|███▉      | 498/1247 [01:13<01:41,  7.40it/s, Materializing param=model.language_model.layers.38.mlp.gate_proj.weight][A

Loading weights:  40%|████      | 499/1247 [01:13<01:41,  7.40it/s, Materializing param=model.language_model.layers.38.mlp.up_proj.weight]  [A

Loading weights:  40%|████      | 499/1247 [01:13<01:41,  7.40it/s, Materializing param=model.language_model.layers.38.mlp.up_proj.weight][A

Loading weights:  40%|████      | 500/1247 [01:13<01:40,  7.40it/s, Materializing param=model.language_model.layers.38.post_attention_layernorm.weight][A

Loading weights:  40%|████      | 500/1247 [01:13<01:40,  7.40it/s, Materializing param=model.language_model.layers.38.post_attention_layernorm.weight][A

Loading weights:  40%|████      | 501/1247 [01:13<01:40,  7.40it/s, Materializing param=model.language_model.layers.38.post_feedforward_layernorm.weight][A

Loading weights:  40%|████      | 501/1247 [01:13<01:40,  7.40it/s, Materializing param=model.language_model.layers.38.post_feedforward_layernorm.weight][A

Loading weights:  40%|████      | 502/1247 [01:13<01:40,  7.40it/s, Materializing param=model.language_model.layers.38.pre_feedforward_layernorm.weight] [A

Loading weights:  40%|████      | 502/1247 [01:13<01:40,  7.40it/s, Materializing param=model.language_model.layers.38.pre_feedforward_layernorm.weight][A

Loading weights:  40%|████      | 503/1247 [01:13<01:40,  7.40it/s, Materializing param=model.language_model.layers.38.self_attn.k_norm.weight]         [A

Loading weights:  40%|████      | 503/1247 [01:13<01:40,  7.40it/s, Materializing param=model.language_model.layers.38.self_attn.k_norm.weight][A

Loading weights:  40%|████      | 504/1247 [01:13<01:40,  7.40it/s, Materializing param=model.language_model.layers.38.self_attn.k_proj.weight][A

Loading weights:  40%|████      | 504/1247 [01:13<01:40,  7.40it/s, Materializing param=model.language_model.layers.38.self_attn.k_proj.weight][A

Loading weights:  40%|████      | 505/1247 [01:13<01:40,  7.40it/s, Materializing param=model.language_model.layers.38.self_attn.o_proj.weight][A

Loading weights:  40%|████      | 505/1247 [01:13<01:40,  7.40it/s, Materializing param=model.language_model.layers.38.self_attn.o_proj.weight][A

Loading weights:  41%|████      | 506/1247 [01:13<01:40,  7.40it/s, Materializing param=model.language_model.layers.38.self_attn.q_norm.weight][A

Loading weights:  41%|████      | 506/1247 [01:13<01:40,  7.40it/s, Materializing param=model.language_model.layers.38.self_attn.q_norm.weight][A

Loading weights:  41%|████      | 507/1247 [01:13<01:39,  7.40it/s, Materializing param=model.language_model.layers.38.self_attn.q_proj.weight][A

Loading weights:  41%|████      | 507/1247 [01:13<01:39,  7.40it/s, Materializing param=model.language_model.layers.38.self_attn.q_proj.weight][A

Loading weights:  41%|████      | 508/1247 [01:13<01:39,  7.40it/s, Materializing param=model.language_model.layers.38.self_attn.v_proj.weight][A

Loading weights:  41%|████      | 508/1247 [01:13<01:39,  7.40it/s, Materializing param=model.language_model.layers.38.self_attn.v_proj.weight][A

Loading weights:  41%|████      | 509/1247 [01:13<01:39,  7.40it/s, Materializing param=model.language_model.layers.39.input_layernorm.weight] [A

Loading weights:  41%|████      | 509/1247 [01:13<01:39,  7.40it/s, Materializing param=model.language_model.layers.39.input_layernorm.weight][A

Loading weights:  41%|████      | 510/1247 [01:13<01:39,  7.40it/s, Materializing param=model.language_model.layers.39.mlp.down_proj.weight]  [A

Loading weights:  41%|████      | 510/1247 [01:13<01:39,  7.40it/s, Materializing param=model.language_model.layers.39.mlp.down_proj.weight][A

Loading weights:  41%|████      | 511/1247 [01:13<01:39,  7.40it/s, Materializing param=model.language_model.layers.39.mlp.gate_proj.weight][A

Loading weights:  41%|████      | 511/1247 [01:13<01:39,  7.40it/s, Materializing param=model.language_model.layers.39.mlp.gate_proj.weight][A

Loading weights:  41%|████      | 512/1247 [01:13<01:39,  7.40it/s, Materializing param=model.language_model.layers.39.mlp.up_proj.weight]  [A

Loading weights:  41%|████      | 512/1247 [01:13<01:39,  7.40it/s, Materializing param=model.language_model.layers.39.mlp.up_proj.weight][A

Loading weights:  41%|████      | 513/1247 [01:13<01:39,  7.40it/s, Materializing param=model.language_model.layers.39.post_attention_layernorm.weight][A

Loading weights:  41%|████      | 513/1247 [01:13<01:39,  7.40it/s, Materializing param=model.language_model.layers.39.post_attention_layernorm.weight][A

Loading weights:  41%|████      | 514/1247 [01:13<01:38,  7.40it/s, Materializing param=model.language_model.layers.39.post_feedforward_layernorm.weight][A

Loading weights:  41%|████      | 514/1247 [01:13<01:38,  7.40it/s, Materializing param=model.language_model.layers.39.post_feedforward_layernorm.weight][A

Loading weights:  41%|████▏     | 515/1247 [01:13<01:38,  7.40it/s, Materializing param=model.language_model.layers.39.pre_feedforward_layernorm.weight] [A

Loading weights:  41%|████▏     | 515/1247 [01:13<01:38,  7.40it/s, Materializing param=model.language_model.layers.39.pre_feedforward_layernorm.weight][A

Loading weights:  41%|████▏     | 516/1247 [01:13<01:38,  7.40it/s, Materializing param=model.language_model.layers.39.self_attn.k_norm.weight]         [A

Loading weights:  41%|████▏     | 516/1247 [01:13<01:38,  7.40it/s, Materializing param=model.language_model.layers.39.self_attn.k_norm.weight][A

Loading weights:  41%|████▏     | 517/1247 [01:13<01:38,  7.40it/s, Materializing param=model.language_model.layers.39.self_attn.k_proj.weight][A

Loading weights:  41%|████▏     | 517/1247 [01:13<01:38,  7.40it/s, Materializing param=model.language_model.layers.39.self_attn.k_proj.weight][A

Loading weights:  42%|████▏     | 518/1247 [01:13<01:38,  7.40it/s, Materializing param=model.language_model.layers.39.self_attn.o_proj.weight][A

Loading weights:  42%|████▏     | 518/1247 [01:13<01:38,  7.40it/s, Materializing param=model.language_model.layers.39.self_attn.o_proj.weight][A

Loading weights:  42%|████▏     | 519/1247 [01:13<01:38,  7.40it/s, Materializing param=model.language_model.layers.39.self_attn.q_norm.weight][A

Loading weights:  42%|████▏     | 519/1247 [01:13<01:38,  7.40it/s, Materializing param=model.language_model.layers.39.self_attn.q_norm.weight][A

Loading weights:  42%|████▏     | 520/1247 [01:13<01:38,  7.40it/s, Materializing param=model.language_model.layers.39.self_attn.q_proj.weight][A

Loading weights:  42%|████▏     | 520/1247 [01:13<01:38,  7.40it/s, Materializing param=model.language_model.layers.39.self_attn.q_proj.weight][A

Loading weights:  42%|████▏     | 521/1247 [01:13<01:38,  7.40it/s, Materializing param=model.language_model.layers.39.self_attn.v_proj.weight][A

Loading weights:  42%|████▏     | 521/1247 [01:13<01:38,  7.40it/s, Materializing param=model.language_model.layers.39.self_attn.v_proj.weight][A

Loading weights:  42%|████▏     | 522/1247 [01:13<01:37,  7.40it/s, Materializing param=model.language_model.layers.40.input_layernorm.weight] [A

Loading weights:  42%|████▏     | 522/1247 [01:13<01:37,  7.40it/s, Materializing param=model.language_model.layers.40.input_layernorm.weight][A

Loading weights:  42%|████▏     | 523/1247 [01:13<01:37,  7.40it/s, Materializing param=model.language_model.layers.40.mlp.down_proj.weight]  [A

Loading weights:  42%|████▏     | 523/1247 [01:13<01:37,  7.40it/s, Materializing param=model.language_model.layers.40.mlp.down_proj.weight][A

Loading weights:  42%|████▏     | 524/1247 [01:13<01:37,  7.40it/s, Materializing param=model.language_model.layers.40.mlp.gate_proj.weight][A

Loading weights:  42%|████▏     | 524/1247 [01:13<01:37,  7.40it/s, Materializing param=model.language_model.layers.40.mlp.gate_proj.weight][A

Loading weights:  42%|████▏     | 525/1247 [01:13<01:37,  7.40it/s, Materializing param=model.language_model.layers.40.mlp.up_proj.weight]  [A

Loading weights:  42%|████▏     | 525/1247 [01:13<01:37,  7.40it/s, Materializing param=model.language_model.layers.40.mlp.up_proj.weight][A

Loading weights:  42%|████▏     | 526/1247 [01:13<01:37,  7.40it/s, Materializing param=model.language_model.layers.40.post_attention_layernorm.weight][A

Loading weights:  42%|████▏     | 526/1247 [01:13<01:37,  7.40it/s, Materializing param=model.language_model.layers.40.post_attention_layernorm.weight][A

Loading weights:  42%|████▏     | 527/1247 [01:13<01:37,  7.40it/s, Materializing param=model.language_model.layers.40.post_feedforward_layernorm.weight][A

Loading weights:  42%|████▏     | 527/1247 [01:13<01:37,  7.40it/s, Materializing param=model.language_model.layers.40.post_feedforward_layernorm.weight][A

Loading weights:  42%|████▏     | 528/1247 [01:13<01:37,  7.40it/s, Materializing param=model.language_model.layers.40.pre_feedforward_layernorm.weight] [A

Loading weights:  42%|████▏     | 528/1247 [01:13<01:37,  7.40it/s, Materializing param=model.language_model.layers.40.pre_feedforward_layernorm.weight][A

Loading weights:  42%|████▏     | 529/1247 [01:13<01:36,  7.40it/s, Materializing param=model.language_model.layers.40.self_attn.k_norm.weight]         [A

Loading weights:  42%|████▏     | 529/1247 [01:13<01:36,  7.40it/s, Materializing param=model.language_model.layers.40.self_attn.k_norm.weight][A

Loading weights:  43%|████▎     | 530/1247 [01:13<01:36,  7.40it/s, Materializing param=model.language_model.layers.40.self_attn.k_proj.weight][A

Loading weights:  43%|████▎     | 530/1247 [01:13<01:36,  7.40it/s, Materializing param=model.language_model.layers.40.self_attn.k_proj.weight][A

Loading weights:  43%|████▎     | 531/1247 [01:13<01:36,  7.40it/s, Materializing param=model.language_model.layers.40.self_attn.o_proj.weight][A

Loading weights:  43%|████▎     | 531/1247 [01:13<01:36,  7.40it/s, Materializing param=model.language_model.layers.40.self_attn.o_proj.weight][A

Loading weights:  43%|████▎     | 532/1247 [01:13<01:36,  7.40it/s, Materializing param=model.language_model.layers.40.self_attn.q_norm.weight][A

Loading weights:  43%|████▎     | 532/1247 [01:13<01:36,  7.40it/s, Materializing param=model.language_model.layers.40.self_attn.q_norm.weight][A

Loading weights:  43%|████▎     | 533/1247 [01:13<01:36,  7.40it/s, Materializing param=model.language_model.layers.40.self_attn.q_proj.weight][A

Loading weights:  43%|████▎     | 533/1247 [01:13<01:36,  7.40it/s, Materializing param=model.language_model.layers.40.self_attn.q_proj.weight][A

Loading weights:  43%|████▎     | 534/1247 [01:13<01:36,  7.40it/s, Materializing param=model.language_model.layers.40.self_attn.v_proj.weight][A

Loading weights:  43%|████▎     | 534/1247 [01:13<01:36,  7.40it/s, Materializing param=model.language_model.layers.40.self_attn.v_proj.weight][A

Loading weights:  43%|████▎     | 535/1247 [01:13<01:36,  7.40it/s, Materializing param=model.language_model.layers.41.input_layernorm.weight] [A

Loading weights:  43%|████▎     | 535/1247 [01:13<01:36,  7.40it/s, Materializing param=model.language_model.layers.41.input_layernorm.weight][A

Loading weights:  43%|████▎     | 536/1247 [01:13<01:36,  7.40it/s, Materializing param=model.language_model.layers.41.mlp.down_proj.weight]  [A

Loading weights:  43%|████▎     | 536/1247 [01:13<01:36,  7.40it/s, Materializing param=model.language_model.layers.41.mlp.down_proj.weight][A

Loading weights:  43%|████▎     | 537/1247 [01:13<01:35,  7.40it/s, Materializing param=model.language_model.layers.41.mlp.gate_proj.weight][A

Loading weights:  43%|████▎     | 537/1247 [01:13<01:35,  7.40it/s, Materializing param=model.language_model.layers.41.mlp.gate_proj.weight][A

Loading weights:  43%|████▎     | 538/1247 [01:13<01:35,  7.40it/s, Materializing param=model.language_model.layers.41.mlp.up_proj.weight]  [A

Loading weights:  43%|████▎     | 538/1247 [01:13<01:35,  7.40it/s, Materializing param=model.language_model.layers.41.mlp.up_proj.weight][A

Loading weights:  43%|████▎     | 539/1247 [01:13<01:35,  7.40it/s, Materializing param=model.language_model.layers.41.post_attention_layernorm.weight][A

Loading weights:  43%|████▎     | 539/1247 [01:13<01:35,  7.40it/s, Materializing param=model.language_model.layers.41.post_attention_layernorm.weight][A

Loading weights:  43%|████▎     | 540/1247 [01:13<01:35,  7.40it/s, Materializing param=model.language_model.layers.41.post_feedforward_layernorm.weight][A

Loading weights:  43%|████▎     | 540/1247 [01:13<01:35,  7.40it/s, Materializing param=model.language_model.layers.41.post_feedforward_layernorm.weight][A

Loading weights:  43%|████▎     | 541/1247 [01:13<01:35,  7.40it/s, Materializing param=model.language_model.layers.41.pre_feedforward_layernorm.weight] [A

Loading weights:  43%|████▎     | 541/1247 [01:13<01:35,  7.40it/s, Materializing param=model.language_model.layers.41.pre_feedforward_layernorm.weight][A

Loading weights:  43%|████▎     | 542/1247 [01:13<01:35,  7.40it/s, Materializing param=model.language_model.layers.41.self_attn.k_norm.weight]         [A

Loading weights:  43%|████▎     | 542/1247 [01:13<01:35,  7.40it/s, Materializing param=model.language_model.layers.41.self_attn.k_norm.weight][A

Loading weights:  44%|████▎     | 543/1247 [01:13<01:35,  7.40it/s, Materializing param=model.language_model.layers.41.self_attn.k_proj.weight][A

Loading weights:  44%|████▎     | 543/1247 [01:13<01:35,  7.40it/s, Materializing param=model.language_model.layers.41.self_attn.k_proj.weight][A

Loading weights:  44%|████▎     | 544/1247 [01:13<01:34,  7.40it/s, Materializing param=model.language_model.layers.41.self_attn.o_proj.weight][A

Loading weights:  44%|████▎     | 544/1247 [01:13<01:34,  7.40it/s, Materializing param=model.language_model.layers.41.self_attn.o_proj.weight][A

Loading weights:  44%|████▎     | 545/1247 [01:13<01:34,  7.40it/s, Materializing param=model.language_model.layers.41.self_attn.q_norm.weight][A

Loading weights:  44%|████▎     | 545/1247 [01:13<01:34,  7.40it/s, Materializing param=model.language_model.layers.41.self_attn.q_norm.weight][A

Loading weights:  44%|████▍     | 546/1247 [01:13<01:34,  7.40it/s, Materializing param=model.language_model.layers.41.self_attn.q_proj.weight][A

Loading weights:  44%|████▍     | 546/1247 [01:13<01:34,  7.40it/s, Materializing param=model.language_model.layers.41.self_attn.q_proj.weight][A

Loading weights:  44%|████▍     | 547/1247 [01:13<01:34,  7.40it/s, Materializing param=model.language_model.layers.41.self_attn.v_proj.weight][A

Loading weights:  44%|████▍     | 547/1247 [01:13<01:34,  7.40it/s, Materializing param=model.language_model.layers.41.self_attn.v_proj.weight][A

Loading weights:  44%|████▍     | 548/1247 [01:13<01:34,  7.40it/s, Materializing param=model.language_model.layers.42.input_layernorm.weight] [A

Loading weights:  44%|████▍     | 548/1247 [01:13<01:34,  7.40it/s, Materializing param=model.language_model.layers.42.input_layernorm.weight][A

Loading weights:  44%|████▍     | 549/1247 [01:13<01:34,  7.40it/s, Materializing param=model.language_model.layers.42.mlp.down_proj.weight]  [A

Loading weights:  44%|████▍     | 549/1247 [01:13<01:34,  7.40it/s, Materializing param=model.language_model.layers.42.mlp.down_proj.weight][A

Loading weights:  44%|████▍     | 550/1247 [01:13<01:34,  7.40it/s, Materializing param=model.language_model.layers.42.mlp.gate_proj.weight][A

Loading weights:  44%|████▍     | 550/1247 [01:13<01:34,  7.40it/s, Materializing param=model.language_model.layers.42.mlp.gate_proj.weight][A

Loading weights:  44%|████▍     | 551/1247 [01:13<01:34,  7.40it/s, Materializing param=model.language_model.layers.42.mlp.up_proj.weight]  [A

Loading weights:  44%|████▍     | 551/1247 [01:13<01:34,  7.40it/s, Materializing param=model.language_model.layers.42.mlp.up_proj.weight][A

Loading weights:  44%|████▍     | 552/1247 [01:13<01:33,  7.40it/s, Materializing param=model.language_model.layers.42.post_attention_layernorm.weight][A

Loading weights:  44%|████▍     | 552/1247 [01:13<01:33,  7.40it/s, Materializing param=model.language_model.layers.42.post_attention_layernorm.weight][A

Loading weights:  44%|████▍     | 553/1247 [01:13<01:33,  7.40it/s, Materializing param=model.language_model.layers.42.post_feedforward_layernorm.weight][A

Loading weights:  44%|████▍     | 553/1247 [01:13<01:33,  7.40it/s, Materializing param=model.language_model.layers.42.post_feedforward_layernorm.weight][A

Loading weights:  44%|████▍     | 554/1247 [01:13<01:33,  7.40it/s, Materializing param=model.language_model.layers.42.pre_feedforward_layernorm.weight] [A

Loading weights:  44%|████▍     | 554/1247 [01:13<01:33,  7.40it/s, Materializing param=model.language_model.layers.42.pre_feedforward_layernorm.weight][A

Loading weights:  45%|████▍     | 555/1247 [01:13<01:33,  7.40it/s, Materializing param=model.language_model.layers.42.self_attn.k_norm.weight]         [A

Loading weights:  45%|████▍     | 555/1247 [01:13<01:33,  7.40it/s, Materializing param=model.language_model.layers.42.self_attn.k_norm.weight][A

Loading weights:  45%|████▍     | 556/1247 [01:13<01:33,  7.40it/s, Materializing param=model.language_model.layers.42.self_attn.k_proj.weight][A

Loading weights:  45%|████▍     | 556/1247 [01:13<01:33,  7.40it/s, Materializing param=model.language_model.layers.42.self_attn.k_proj.weight][A

Loading weights:  45%|████▍     | 557/1247 [01:13<01:33,  7.40it/s, Materializing param=model.language_model.layers.42.self_attn.o_proj.weight][A

Loading weights:  45%|████▍     | 557/1247 [01:13<01:33,  7.40it/s, Materializing param=model.language_model.layers.42.self_attn.o_proj.weight][A

Loading weights:  45%|████▍     | 558/1247 [01:13<01:33,  7.40it/s, Materializing param=model.language_model.layers.42.self_attn.q_norm.weight][A

Loading weights:  45%|████▍     | 558/1247 [01:13<01:33,  7.40it/s, Materializing param=model.language_model.layers.42.self_attn.q_norm.weight][A

Loading weights:  45%|████▍     | 559/1247 [01:13<01:32,  7.40it/s, Materializing param=model.language_model.layers.42.self_attn.q_proj.weight][A

Loading weights:  45%|████▍     | 559/1247 [01:13<01:32,  7.40it/s, Materializing param=model.language_model.layers.42.self_attn.q_proj.weight][A

Loading weights:  45%|████▍     | 560/1247 [01:13<01:32,  7.40it/s, Materializing param=model.language_model.layers.42.self_attn.v_proj.weight][A

Loading weights:  45%|████▍     | 560/1247 [01:13<01:32,  7.40it/s, Materializing param=model.language_model.layers.42.self_attn.v_proj.weight][A

Loading weights:  45%|████▍     | 561/1247 [01:13<01:32,  7.40it/s, Materializing param=model.language_model.layers.43.input_layernorm.weight] [A

Loading weights:  45%|████▍     | 561/1247 [01:13<01:32,  7.40it/s, Materializing param=model.language_model.layers.43.input_layernorm.weight][A

Loading weights:  45%|████▌     | 562/1247 [01:13<01:32,  7.40it/s, Materializing param=model.language_model.layers.43.mlp.down_proj.weight]  [A

Loading weights:  45%|████▌     | 562/1247 [01:13<01:32,  7.40it/s, Materializing param=model.language_model.layers.43.mlp.down_proj.weight][A

Loading weights:  45%|████▌     | 563/1247 [01:13<01:32,  7.40it/s, Materializing param=model.language_model.layers.43.mlp.gate_proj.weight][A

Loading weights:  45%|████▌     | 563/1247 [01:13<01:32,  7.40it/s, Materializing param=model.language_model.layers.43.mlp.gate_proj.weight][A

Loading weights:  45%|████▌     | 564/1247 [01:13<01:32,  7.40it/s, Materializing param=model.language_model.layers.43.mlp.up_proj.weight]  [A

Loading weights:  45%|████▌     | 564/1247 [01:13<01:32,  7.40it/s, Materializing param=model.language_model.layers.43.mlp.up_proj.weight][A

Loading weights:  45%|████▌     | 565/1247 [01:13<01:32,  7.40it/s, Materializing param=model.language_model.layers.43.post_attention_layernorm.weight][A

Loading weights:  45%|████▌     | 565/1247 [01:13<01:32,  7.40it/s, Materializing param=model.language_model.layers.43.post_attention_layernorm.weight][A

Loading weights:  45%|████▌     | 566/1247 [01:13<01:31,  7.40it/s, Materializing param=model.language_model.layers.43.post_feedforward_layernorm.weight][A

Loading weights:  45%|████▌     | 566/1247 [01:13<01:31,  7.40it/s, Materializing param=model.language_model.layers.43.post_feedforward_layernorm.weight][A

Loading weights:  45%|████▌     | 567/1247 [01:13<01:31,  7.40it/s, Materializing param=model.language_model.layers.43.pre_feedforward_layernorm.weight] [A

Loading weights:  45%|████▌     | 567/1247 [01:13<01:31,  7.40it/s, Materializing param=model.language_model.layers.43.pre_feedforward_layernorm.weight][A

Loading weights:  46%|████▌     | 568/1247 [01:13<01:31,  7.40it/s, Materializing param=model.language_model.layers.43.self_attn.k_norm.weight]         [A

Loading weights:  46%|████▌     | 568/1247 [01:13<01:31,  7.40it/s, Materializing param=model.language_model.layers.43.self_attn.k_norm.weight][A

Loading weights:  46%|████▌     | 569/1247 [01:13<01:31,  7.40it/s, Materializing param=model.language_model.layers.43.self_attn.k_proj.weight][A

Loading weights:  46%|████▌     | 569/1247 [01:13<01:31,  7.40it/s, Materializing param=model.language_model.layers.43.self_attn.k_proj.weight][A

Loading weights:  46%|████▌     | 570/1247 [01:13<01:31,  7.40it/s, Materializing param=model.language_model.layers.43.self_attn.o_proj.weight][A

Loading weights:  46%|████▌     | 570/1247 [01:13<01:31,  7.40it/s, Materializing param=model.language_model.layers.43.self_attn.o_proj.weight][A

Loading weights:  46%|████▌     | 571/1247 [01:13<01:31,  7.40it/s, Materializing param=model.language_model.layers.43.self_attn.q_norm.weight][A

Loading weights:  46%|████▌     | 571/1247 [01:13<01:31,  7.40it/s, Materializing param=model.language_model.layers.43.self_attn.q_norm.weight][A

Loading weights:  46%|████▌     | 572/1247 [01:13<01:31,  7.40it/s, Materializing param=model.language_model.layers.43.self_attn.q_proj.weight][A

Loading weights:  46%|████▌     | 572/1247 [01:13<01:31,  7.40it/s, Materializing param=model.language_model.layers.43.self_attn.q_proj.weight][A

Loading weights:  46%|████▌     | 573/1247 [01:13<01:31,  7.40it/s, Materializing param=model.language_model.layers.43.self_attn.v_proj.weight][A

Loading weights:  46%|████▌     | 573/1247 [01:13<01:31,  7.40it/s, Materializing param=model.language_model.layers.43.self_attn.v_proj.weight][A

Loading weights:  46%|████▌     | 574/1247 [01:13<00:35, 18.87it/s, Materializing param=model.language_model.layers.43.self_attn.v_proj.weight][A

Loading weights:  46%|████▌     | 574/1247 [01:13<00:35, 18.87it/s, Materializing param=model.language_model.layers.44.input_layernorm.weight] [A

Loading weights:  46%|████▌     | 574/1247 [01:13<00:35, 18.87it/s, Materializing param=model.language_model.layers.44.input_layernorm.weight][A

Loading weights:  46%|████▌     | 575/1247 [01:13<00:35, 18.87it/s, Materializing param=model.language_model.layers.44.mlp.down_proj.weight]  [A

Loading weights:  46%|████▌     | 575/1247 [01:13<00:35, 18.87it/s, Materializing param=model.language_model.layers.44.mlp.down_proj.weight][A

Loading weights:  46%|████▌     | 576/1247 [01:13<00:35, 18.87it/s, Materializing param=model.language_model.layers.44.mlp.gate_proj.weight][A

Loading weights:  46%|████▌     | 576/1247 [01:13<00:35, 18.87it/s, Materializing param=model.language_model.layers.44.mlp.gate_proj.weight][A

Loading weights:  46%|████▋     | 577/1247 [01:13<00:35, 18.87it/s, Materializing param=model.language_model.layers.44.mlp.up_proj.weight]  [A

Loading weights:  46%|████▋     | 577/1247 [01:13<00:35, 18.87it/s, Materializing param=model.language_model.layers.44.mlp.up_proj.weight][A

Loading weights:  46%|████▋     | 578/1247 [01:13<00:35, 18.87it/s, Materializing param=model.language_model.layers.44.post_attention_layernorm.weight][A

Loading weights:  46%|████▋     | 578/1247 [01:13<00:35, 18.87it/s, Materializing param=model.language_model.layers.44.post_attention_layernorm.weight][A

Loading weights:  46%|████▋     | 579/1247 [01:13<00:35, 18.87it/s, Materializing param=model.language_model.layers.44.post_feedforward_layernorm.weight][A

Loading weights:  46%|████▋     | 579/1247 [01:13<00:35, 18.87it/s, Materializing param=model.language_model.layers.44.post_feedforward_layernorm.weight][A

Loading weights:  47%|████▋     | 580/1247 [01:13<00:35, 18.87it/s, Materializing param=model.language_model.layers.44.pre_feedforward_layernorm.weight] [A

Loading weights:  47%|████▋     | 580/1247 [01:13<00:35, 18.87it/s, Materializing param=model.language_model.layers.44.pre_feedforward_layernorm.weight][A

Loading weights:  47%|████▋     | 581/1247 [01:13<00:35, 18.87it/s, Materializing param=model.language_model.layers.44.self_attn.k_norm.weight]         [A

Loading weights:  47%|████▋     | 581/1247 [01:13<00:35, 18.87it/s, Materializing param=model.language_model.layers.44.self_attn.k_norm.weight][A

Loading weights:  47%|████▋     | 582/1247 [01:13<00:35, 18.87it/s, Materializing param=model.language_model.layers.44.self_attn.k_proj.weight][A

Loading weights:  47%|████▋     | 582/1247 [01:13<00:35, 18.87it/s, Materializing param=model.language_model.layers.44.self_attn.k_proj.weight][A

Loading weights:  47%|████▋     | 583/1247 [01:13<00:35, 18.87it/s, Materializing param=model.language_model.layers.44.self_attn.o_proj.weight][A

Loading weights:  47%|████▋     | 583/1247 [01:13<00:35, 18.87it/s, Materializing param=model.language_model.layers.44.self_attn.o_proj.weight][A

Loading weights:  47%|████▋     | 584/1247 [01:13<00:35, 18.87it/s, Materializing param=model.language_model.layers.44.self_attn.q_norm.weight][A

Loading weights:  47%|████▋     | 584/1247 [01:13<00:35, 18.87it/s, Materializing param=model.language_model.layers.44.self_attn.q_norm.weight][A

Loading weights:  47%|████▋     | 585/1247 [01:13<00:35, 18.87it/s, Materializing param=model.language_model.layers.44.self_attn.q_proj.weight][A

Loading weights:  47%|████▋     | 585/1247 [01:13<00:35, 18.87it/s, Materializing param=model.language_model.layers.44.self_attn.q_proj.weight][A

Loading weights:  47%|████▋     | 586/1247 [01:13<00:35, 18.87it/s, Materializing param=model.language_model.layers.44.self_attn.v_proj.weight][A

Loading weights:  47%|████▋     | 586/1247 [01:13<00:35, 18.87it/s, Materializing param=model.language_model.layers.44.self_attn.v_proj.weight][A

Loading weights:  47%|████▋     | 587/1247 [01:13<00:34, 18.87it/s, Materializing param=model.language_model.layers.45.input_layernorm.weight] [A

Loading weights:  47%|████▋     | 587/1247 [01:13<00:34, 18.87it/s, Materializing param=model.language_model.layers.45.input_layernorm.weight][A

Loading weights:  47%|████▋     | 588/1247 [01:13<00:34, 18.87it/s, Materializing param=model.language_model.layers.45.mlp.down_proj.weight]  [A

Loading weights:  47%|████▋     | 588/1247 [01:13<00:34, 18.87it/s, Materializing param=model.language_model.layers.45.mlp.down_proj.weight][A

Loading weights:  47%|████▋     | 589/1247 [01:13<00:34, 18.87it/s, Materializing param=model.language_model.layers.45.mlp.gate_proj.weight][A

Loading weights:  47%|████▋     | 589/1247 [01:13<00:34, 18.87it/s, Materializing param=model.language_model.layers.45.mlp.gate_proj.weight][A

Loading weights:  47%|████▋     | 590/1247 [01:13<00:34, 18.87it/s, Materializing param=model.language_model.layers.45.mlp.up_proj.weight]  [A

Loading weights:  47%|████▋     | 590/1247 [01:13<00:34, 18.87it/s, Materializing param=model.language_model.layers.45.mlp.up_proj.weight][A

Loading weights:  47%|████▋     | 591/1247 [01:13<00:34, 18.87it/s, Materializing param=model.language_model.layers.45.post_attention_layernorm.weight][A

Loading weights:  47%|████▋     | 591/1247 [01:13<00:34, 18.87it/s, Materializing param=model.language_model.layers.45.post_attention_layernorm.weight][A

Loading weights:  47%|████▋     | 592/1247 [01:13<00:34, 18.87it/s, Materializing param=model.language_model.layers.45.post_feedforward_layernorm.weight][A

Loading weights:  47%|████▋     | 592/1247 [01:13<00:34, 18.87it/s, Materializing param=model.language_model.layers.45.post_feedforward_layernorm.weight][A

Loading weights:  48%|████▊     | 593/1247 [01:13<00:34, 18.87it/s, Materializing param=model.language_model.layers.45.pre_feedforward_layernorm.weight] [A

Loading weights:  48%|████▊     | 593/1247 [01:13<00:34, 18.87it/s, Materializing param=model.language_model.layers.45.pre_feedforward_layernorm.weight][A

Loading weights:  48%|████▊     | 594/1247 [01:13<00:34, 18.87it/s, Materializing param=model.language_model.layers.45.self_attn.k_norm.weight]         [A

Loading weights:  48%|████▊     | 594/1247 [01:13<00:34, 18.87it/s, Materializing param=model.language_model.layers.45.self_attn.k_norm.weight][A

Loading weights:  48%|████▊     | 595/1247 [01:13<00:34, 18.87it/s, Materializing param=model.language_model.layers.45.self_attn.k_proj.weight][A

Loading weights:  48%|████▊     | 595/1247 [01:13<00:34, 18.87it/s, Materializing param=model.language_model.layers.45.self_attn.k_proj.weight][A

Loading weights:  48%|████▊     | 596/1247 [01:13<00:34, 18.87it/s, Materializing param=model.language_model.layers.45.self_attn.o_proj.weight][A

Loading weights:  48%|████▊     | 596/1247 [01:13<00:34, 18.87it/s, Materializing param=model.language_model.layers.45.self_attn.o_proj.weight][A

Loading weights:  48%|████▊     | 597/1247 [01:13<00:34, 18.87it/s, Materializing param=model.language_model.layers.45.self_attn.q_norm.weight][A

Loading weights:  48%|████▊     | 597/1247 [01:13<00:34, 18.87it/s, Materializing param=model.language_model.layers.45.self_attn.q_norm.weight][A

Loading weights:  48%|████▊     | 598/1247 [01:13<00:34, 18.87it/s, Materializing param=model.language_model.layers.45.self_attn.q_proj.weight][A

Loading weights:  48%|████▊     | 598/1247 [01:13<00:34, 18.87it/s, Materializing param=model.language_model.layers.45.self_attn.q_proj.weight][A

Loading weights:  48%|████▊     | 599/1247 [01:13<00:34, 18.87it/s, Materializing param=model.language_model.layers.45.self_attn.v_proj.weight][A

Loading weights:  48%|████▊     | 599/1247 [01:13<00:34, 18.87it/s, Materializing param=model.language_model.layers.45.self_attn.v_proj.weight][A

Loading weights:  48%|████▊     | 600/1247 [01:13<00:34, 18.87it/s, Materializing param=model.language_model.layers.46.input_layernorm.weight] [A

Loading weights:  48%|████▊     | 600/1247 [01:13<00:34, 18.87it/s, Materializing param=model.language_model.layers.46.input_layernorm.weight][A

Loading weights:  48%|████▊     | 601/1247 [01:13<00:34, 18.87it/s, Materializing param=model.language_model.layers.46.mlp.down_proj.weight]  [A

Loading weights:  48%|████▊     | 601/1247 [01:13<00:34, 18.87it/s, Materializing param=model.language_model.layers.46.mlp.down_proj.weight][A

Loading weights:  48%|████▊     | 602/1247 [01:13<00:34, 18.87it/s, Materializing param=model.language_model.layers.46.mlp.gate_proj.weight][A

Loading weights:  48%|████▊     | 602/1247 [01:13<00:34, 18.87it/s, Materializing param=model.language_model.layers.46.mlp.gate_proj.weight][A

Loading weights:  48%|████▊     | 603/1247 [01:13<00:34, 18.87it/s, Materializing param=model.language_model.layers.46.mlp.up_proj.weight]  [A

Loading weights:  48%|████▊     | 603/1247 [01:13<00:34, 18.87it/s, Materializing param=model.language_model.layers.46.mlp.up_proj.weight][A

Loading weights:  48%|████▊     | 604/1247 [01:13<00:34, 18.87it/s, Materializing param=model.language_model.layers.46.post_attention_layernorm.weight][A

Loading weights:  48%|████▊     | 604/1247 [01:13<00:34, 18.87it/s, Materializing param=model.language_model.layers.46.post_attention_layernorm.weight][A

Loading weights:  49%|████▊     | 605/1247 [01:13<00:34, 18.87it/s, Materializing param=model.language_model.layers.46.post_feedforward_layernorm.weight][A

Loading weights:  49%|████▊     | 605/1247 [01:13<00:34, 18.87it/s, Materializing param=model.language_model.layers.46.post_feedforward_layernorm.weight][A

Loading weights:  49%|████▊     | 606/1247 [01:13<00:33, 18.87it/s, Materializing param=model.language_model.layers.46.pre_feedforward_layernorm.weight] [A

Loading weights:  49%|████▊     | 606/1247 [01:13<00:33, 18.87it/s, Materializing param=model.language_model.layers.46.pre_feedforward_layernorm.weight][A

Loading weights:  49%|████▊     | 607/1247 [01:13<00:33, 18.87it/s, Materializing param=model.language_model.layers.46.self_attn.k_norm.weight]         [A

Loading weights:  49%|████▊     | 607/1247 [01:13<00:33, 18.87it/s, Materializing param=model.language_model.layers.46.self_attn.k_norm.weight][A

Loading weights:  49%|████▉     | 608/1247 [01:13<00:33, 18.87it/s, Materializing param=model.language_model.layers.46.self_attn.k_proj.weight][A

Loading weights:  49%|████▉     | 608/1247 [01:13<00:33, 18.87it/s, Materializing param=model.language_model.layers.46.self_attn.k_proj.weight][A

Loading weights:  49%|████▉     | 609/1247 [01:13<00:33, 18.87it/s, Materializing param=model.language_model.layers.46.self_attn.o_proj.weight][A

Loading weights:  49%|████▉     | 609/1247 [01:13<00:33, 18.87it/s, Materializing param=model.language_model.layers.46.self_attn.o_proj.weight][A

Loading weights:  49%|████▉     | 610/1247 [01:13<00:33, 18.87it/s, Materializing param=model.language_model.layers.46.self_attn.q_norm.weight][A

Loading weights:  49%|████▉     | 610/1247 [01:13<00:33, 18.87it/s, Materializing param=model.language_model.layers.46.self_attn.q_norm.weight][A

Loading weights:  49%|████▉     | 611/1247 [01:13<00:33, 18.87it/s, Materializing param=model.language_model.layers.46.self_attn.q_proj.weight][A

Loading weights:  49%|████▉     | 611/1247 [01:13<00:33, 18.87it/s, Materializing param=model.language_model.layers.46.self_attn.q_proj.weight][A

Loading weights:  49%|████▉     | 612/1247 [01:13<00:33, 18.87it/s, Materializing param=model.language_model.layers.46.self_attn.v_proj.weight][A

Loading weights:  49%|████▉     | 612/1247 [01:13<00:33, 18.87it/s, Materializing param=model.language_model.layers.46.self_attn.v_proj.weight][A

Loading weights:  49%|████▉     | 613/1247 [01:13<00:33, 18.87it/s, Materializing param=model.language_model.layers.47.input_layernorm.weight] [A

Loading weights:  49%|████▉     | 613/1247 [01:13<00:33, 18.87it/s, Materializing param=model.language_model.layers.47.input_layernorm.weight][A

Loading weights:  49%|████▉     | 614/1247 [01:13<00:33, 18.87it/s, Materializing param=model.language_model.layers.47.mlp.down_proj.weight]  [A

Loading weights:  49%|████▉     | 614/1247 [01:13<00:33, 18.87it/s, Materializing param=model.language_model.layers.47.mlp.down_proj.weight][A

Loading weights:  49%|████▉     | 615/1247 [01:13<00:33, 18.87it/s, Materializing param=model.language_model.layers.47.mlp.gate_proj.weight][A

Loading weights:  49%|████▉     | 615/1247 [01:13<00:33, 18.87it/s, Materializing param=model.language_model.layers.47.mlp.gate_proj.weight][A

Loading weights:  49%|████▉     | 616/1247 [01:13<00:33, 18.87it/s, Materializing param=model.language_model.layers.47.mlp.up_proj.weight]  [A

Loading weights:  49%|████▉     | 616/1247 [01:13<00:33, 18.87it/s, Materializing param=model.language_model.layers.47.mlp.up_proj.weight][A

Loading weights:  49%|████▉     | 617/1247 [01:13<00:33, 18.87it/s, Materializing param=model.language_model.layers.47.post_attention_layernorm.weight][A

Loading weights:  49%|████▉     | 617/1247 [01:13<00:33, 18.87it/s, Materializing param=model.language_model.layers.47.post_attention_layernorm.weight][A

Loading weights:  50%|████▉     | 618/1247 [01:13<00:33, 18.87it/s, Materializing param=model.language_model.layers.47.post_feedforward_layernorm.weight][A

Loading weights:  50%|████▉     | 618/1247 [01:13<00:33, 18.87it/s, Materializing param=model.language_model.layers.47.post_feedforward_layernorm.weight][A

Loading weights:  50%|████▉     | 619/1247 [01:13<00:33, 18.87it/s, Materializing param=model.language_model.layers.47.pre_feedforward_layernorm.weight] [A

Loading weights:  50%|████▉     | 619/1247 [01:13<00:33, 18.87it/s, Materializing param=model.language_model.layers.47.pre_feedforward_layernorm.weight][A

Loading weights:  50%|████▉     | 620/1247 [01:13<00:33, 18.87it/s, Materializing param=model.language_model.layers.47.self_attn.k_norm.weight]         [A

Loading weights:  50%|████▉     | 620/1247 [01:13<00:33, 18.87it/s, Materializing param=model.language_model.layers.47.self_attn.k_norm.weight][A

Loading weights:  50%|████▉     | 621/1247 [01:13<00:33, 18.87it/s, Materializing param=model.language_model.layers.47.self_attn.k_proj.weight][A

Loading weights:  50%|████▉     | 621/1247 [01:13<00:33, 18.87it/s, Materializing param=model.language_model.layers.47.self_attn.k_proj.weight][A

Loading weights:  50%|████▉     | 622/1247 [01:13<00:33, 18.87it/s, Materializing param=model.language_model.layers.47.self_attn.o_proj.weight][A

Loading weights:  50%|████▉     | 622/1247 [01:13<00:33, 18.87it/s, Materializing param=model.language_model.layers.47.self_attn.o_proj.weight][A

Loading weights:  50%|████▉     | 623/1247 [01:13<00:33, 18.87it/s, Materializing param=model.language_model.layers.47.self_attn.q_norm.weight][A

Loading weights:  50%|████▉     | 623/1247 [01:13<00:33, 18.87it/s, Materializing param=model.language_model.layers.47.self_attn.q_norm.weight][A

Loading weights:  50%|█████     | 624/1247 [01:13<00:33, 18.87it/s, Materializing param=model.language_model.layers.47.self_attn.q_proj.weight][A

Loading weights:  50%|█████     | 624/1247 [01:13<00:33, 18.87it/s, Materializing param=model.language_model.layers.47.self_attn.q_proj.weight][A

Loading weights:  50%|█████     | 625/1247 [01:13<00:32, 18.87it/s, Materializing param=model.language_model.layers.47.self_attn.v_proj.weight][A

Loading weights:  50%|█████     | 625/1247 [01:13<00:32, 18.87it/s, Materializing param=model.language_model.layers.47.self_attn.v_proj.weight][A

Loading weights:  50%|█████     | 626/1247 [01:13<00:32, 18.87it/s, Materializing param=model.language_model.layers.48.input_layernorm.weight] [A

Loading weights:  50%|█████     | 626/1247 [01:13<00:32, 18.87it/s, Materializing param=model.language_model.layers.48.input_layernorm.weight][A

Loading weights:  50%|█████     | 627/1247 [01:13<00:32, 18.87it/s, Materializing param=model.language_model.layers.48.mlp.down_proj.weight]  [A

Loading weights:  50%|█████     | 627/1247 [01:13<00:32, 18.87it/s, Materializing param=model.language_model.layers.48.mlp.down_proj.weight][A

Loading weights:  50%|█████     | 628/1247 [01:13<00:32, 18.87it/s, Materializing param=model.language_model.layers.48.mlp.gate_proj.weight][A

Loading weights:  50%|█████     | 628/1247 [01:13<00:32, 18.87it/s, Materializing param=model.language_model.layers.48.mlp.gate_proj.weight][A

Loading weights:  50%|█████     | 629/1247 [01:13<00:32, 18.87it/s, Materializing param=model.language_model.layers.48.mlp.up_proj.weight]  [A

Loading weights:  50%|█████     | 629/1247 [01:13<00:32, 18.87it/s, Materializing param=model.language_model.layers.48.mlp.up_proj.weight][A

Loading weights:  51%|█████     | 630/1247 [01:13<00:32, 18.87it/s, Materializing param=model.language_model.layers.48.post_attention_layernorm.weight][A

Loading weights:  51%|█████     | 630/1247 [01:13<00:32, 18.87it/s, Materializing param=model.language_model.layers.48.post_attention_layernorm.weight][A

Loading weights:  51%|█████     | 631/1247 [01:13<00:32, 18.87it/s, Materializing param=model.language_model.layers.48.post_feedforward_layernorm.weight][A

Loading weights:  51%|█████     | 631/1247 [01:13<00:32, 18.87it/s, Materializing param=model.language_model.layers.48.post_feedforward_layernorm.weight][A

Loading weights:  51%|█████     | 632/1247 [01:13<00:32, 18.87it/s, Materializing param=model.language_model.layers.48.pre_feedforward_layernorm.weight] [A

Loading weights:  51%|█████     | 632/1247 [01:13<00:32, 18.87it/s, Materializing param=model.language_model.layers.48.pre_feedforward_layernorm.weight][A

Loading weights:  51%|█████     | 633/1247 [01:13<00:32, 18.87it/s, Materializing param=model.language_model.layers.48.self_attn.k_norm.weight]         [A

Loading weights:  51%|█████     | 633/1247 [01:13<00:32, 18.87it/s, Materializing param=model.language_model.layers.48.self_attn.k_norm.weight][A

Loading weights:  51%|█████     | 634/1247 [01:13<00:32, 18.87it/s, Materializing param=model.language_model.layers.48.self_attn.k_proj.weight][A

Loading weights:  51%|█████     | 634/1247 [01:13<00:32, 18.87it/s, Materializing param=model.language_model.layers.48.self_attn.k_proj.weight][A

Loading weights:  51%|█████     | 635/1247 [01:13<00:32, 18.87it/s, Materializing param=model.language_model.layers.48.self_attn.o_proj.weight][A

Loading weights:  51%|█████     | 635/1247 [01:13<00:32, 18.87it/s, Materializing param=model.language_model.layers.48.self_attn.o_proj.weight][A

Loading weights:  51%|█████     | 636/1247 [01:13<00:32, 18.87it/s, Materializing param=model.language_model.layers.48.self_attn.q_norm.weight][A

Loading weights:  51%|█████     | 636/1247 [01:13<00:32, 18.87it/s, Materializing param=model.language_model.layers.48.self_attn.q_norm.weight][A

Loading weights:  51%|█████     | 637/1247 [01:13<00:32, 18.87it/s, Materializing param=model.language_model.layers.48.self_attn.q_proj.weight][A

Loading weights:  51%|█████     | 637/1247 [01:13<00:32, 18.87it/s, Materializing param=model.language_model.layers.48.self_attn.q_proj.weight][A

Loading weights:  51%|█████     | 638/1247 [01:13<00:32, 18.87it/s, Materializing param=model.language_model.layers.48.self_attn.v_proj.weight][A

Loading weights:  51%|█████     | 638/1247 [01:13<00:32, 18.87it/s, Materializing param=model.language_model.layers.48.self_attn.v_proj.weight][A

Loading weights:  51%|█████     | 639/1247 [01:13<00:32, 18.87it/s, Materializing param=model.language_model.layers.49.input_layernorm.weight] [A

Loading weights:  51%|█████     | 639/1247 [01:13<00:32, 18.87it/s, Materializing param=model.language_model.layers.49.input_layernorm.weight][A

Loading weights:  51%|█████▏    | 640/1247 [01:13<00:32, 18.87it/s, Materializing param=model.language_model.layers.49.mlp.down_proj.weight]  [A

Loading weights:  51%|█████▏    | 640/1247 [01:13<00:32, 18.87it/s, Materializing param=model.language_model.layers.49.mlp.down_proj.weight][A

Loading weights:  51%|█████▏    | 641/1247 [01:13<00:32, 18.87it/s, Materializing param=model.language_model.layers.49.mlp.gate_proj.weight][A

Loading weights:  51%|█████▏    | 641/1247 [01:13<00:32, 18.87it/s, Materializing param=model.language_model.layers.49.mlp.gate_proj.weight][A

Loading weights:  51%|█████▏    | 642/1247 [01:13<00:32, 18.87it/s, Materializing param=model.language_model.layers.49.mlp.up_proj.weight]  [A

Loading weights:  51%|█████▏    | 642/1247 [01:13<00:32, 18.87it/s, Materializing param=model.language_model.layers.49.mlp.up_proj.weight][A

Loading weights:  52%|█████▏    | 643/1247 [01:13<00:32, 18.87it/s, Materializing param=model.language_model.layers.49.post_attention_layernorm.weight][A

Loading weights:  52%|█████▏    | 643/1247 [01:13<00:32, 18.87it/s, Materializing param=model.language_model.layers.49.post_attention_layernorm.weight][A

Loading weights:  52%|█████▏    | 644/1247 [01:13<00:31, 18.87it/s, Materializing param=model.language_model.layers.49.post_feedforward_layernorm.weight][A

Loading weights:  52%|█████▏    | 644/1247 [01:13<00:31, 18.87it/s, Materializing param=model.language_model.layers.49.post_feedforward_layernorm.weight][A

Loading weights:  52%|█████▏    | 645/1247 [01:13<00:31, 18.87it/s, Materializing param=model.language_model.layers.49.pre_feedforward_layernorm.weight] [A

Loading weights:  52%|█████▏    | 645/1247 [01:13<00:31, 18.87it/s, Materializing param=model.language_model.layers.49.pre_feedforward_layernorm.weight][A

Loading weights:  52%|█████▏    | 646/1247 [01:13<00:31, 18.87it/s, Materializing param=model.language_model.layers.49.self_attn.k_norm.weight]         [A

Loading weights:  52%|█████▏    | 646/1247 [01:13<00:31, 18.87it/s, Materializing param=model.language_model.layers.49.self_attn.k_norm.weight][A

Loading weights:  52%|█████▏    | 647/1247 [01:13<00:31, 18.87it/s, Materializing param=model.language_model.layers.49.self_attn.k_proj.weight][A

Loading weights:  52%|█████▏    | 647/1247 [01:13<00:31, 18.87it/s, Materializing param=model.language_model.layers.49.self_attn.k_proj.weight][A

Loading weights:  52%|█████▏    | 648/1247 [01:13<00:31, 18.87it/s, Materializing param=model.language_model.layers.49.self_attn.o_proj.weight][A

Loading weights:  52%|█████▏    | 648/1247 [01:13<00:31, 18.87it/s, Materializing param=model.language_model.layers.49.self_attn.o_proj.weight][A

Loading weights:  52%|█████▏    | 649/1247 [01:13<00:31, 18.87it/s, Materializing param=model.language_model.layers.49.self_attn.q_norm.weight][A

Loading weights:  52%|█████▏    | 649/1247 [01:13<00:31, 18.87it/s, Materializing param=model.language_model.layers.49.self_attn.q_norm.weight][A

Loading weights:  52%|█████▏    | 650/1247 [01:13<00:31, 18.87it/s, Materializing param=model.language_model.layers.49.self_attn.q_proj.weight][A

Loading weights:  52%|█████▏    | 650/1247 [01:13<00:31, 18.87it/s, Materializing param=model.language_model.layers.49.self_attn.q_proj.weight][A

Loading weights:  52%|█████▏    | 651/1247 [01:13<00:31, 18.87it/s, Materializing param=model.language_model.layers.49.self_attn.v_proj.weight][A

Loading weights:  52%|█████▏    | 651/1247 [01:13<00:31, 18.87it/s, Materializing param=model.language_model.layers.49.self_attn.v_proj.weight][A

Loading weights:  52%|█████▏    | 652/1247 [01:13<00:31, 18.87it/s, Materializing param=model.language_model.layers.50.input_layernorm.weight] [A

Loading weights:  52%|█████▏    | 652/1247 [01:13<00:31, 18.87it/s, Materializing param=model.language_model.layers.50.input_layernorm.weight][A

Loading weights:  52%|█████▏    | 653/1247 [01:13<00:31, 18.87it/s, Materializing param=model.language_model.layers.50.mlp.down_proj.weight]  [A

Loading weights:  52%|█████▏    | 653/1247 [01:13<00:31, 18.87it/s, Materializing param=model.language_model.layers.50.mlp.down_proj.weight][A

Loading weights:  52%|█████▏    | 654/1247 [01:13<00:31, 18.87it/s, Materializing param=model.language_model.layers.50.mlp.gate_proj.weight][A

Loading weights:  52%|█████▏    | 654/1247 [01:13<00:31, 18.87it/s, Materializing param=model.language_model.layers.50.mlp.gate_proj.weight][A

Loading weights:  53%|█████▎    | 655/1247 [01:13<00:31, 18.87it/s, Materializing param=model.language_model.layers.50.mlp.up_proj.weight]  [A

Loading weights:  53%|█████▎    | 655/1247 [01:13<00:31, 18.87it/s, Materializing param=model.language_model.layers.50.mlp.up_proj.weight][A

Loading weights:  53%|█████▎    | 656/1247 [01:13<00:31, 18.87it/s, Materializing param=model.language_model.layers.50.post_attention_layernorm.weight][A

Loading weights:  53%|█████▎    | 656/1247 [01:13<00:31, 18.87it/s, Materializing param=model.language_model.layers.50.post_attention_layernorm.weight][A

Loading weights:  53%|█████▎    | 657/1247 [01:13<00:31, 18.87it/s, Materializing param=model.language_model.layers.50.post_feedforward_layernorm.weight][A

Loading weights:  53%|█████▎    | 657/1247 [01:13<00:31, 18.87it/s, Materializing param=model.language_model.layers.50.post_feedforward_layernorm.weight][A

Loading weights:  53%|█████▎    | 658/1247 [01:13<00:31, 18.87it/s, Materializing param=model.language_model.layers.50.pre_feedforward_layernorm.weight] [A

Loading weights:  53%|█████▎    | 658/1247 [01:13<00:31, 18.87it/s, Materializing param=model.language_model.layers.50.pre_feedforward_layernorm.weight][A

Loading weights:  53%|█████▎    | 659/1247 [01:13<00:31, 18.87it/s, Materializing param=model.language_model.layers.50.self_attn.k_norm.weight]         [A

Loading weights:  53%|█████▎    | 659/1247 [01:13<00:31, 18.87it/s, Materializing param=model.language_model.layers.50.self_attn.k_norm.weight][A

Loading weights:  53%|█████▎    | 660/1247 [01:13<00:31, 18.87it/s, Materializing param=model.language_model.layers.50.self_attn.k_proj.weight][A

Loading weights:  53%|█████▎    | 660/1247 [01:13<00:31, 18.87it/s, Materializing param=model.language_model.layers.50.self_attn.k_proj.weight][A

Loading weights:  53%|█████▎    | 661/1247 [01:13<00:31, 18.87it/s, Materializing param=model.language_model.layers.50.self_attn.o_proj.weight][A

Loading weights:  53%|█████▎    | 661/1247 [01:13<00:31, 18.87it/s, Materializing param=model.language_model.layers.50.self_attn.o_proj.weight][A

Loading weights:  53%|█████▎    | 662/1247 [01:13<00:30, 18.87it/s, Materializing param=model.language_model.layers.50.self_attn.q_norm.weight][A

Loading weights:  53%|█████▎    | 662/1247 [01:13<00:30, 18.87it/s, Materializing param=model.language_model.layers.50.self_attn.q_norm.weight][A

Loading weights:  53%|█████▎    | 663/1247 [01:13<00:30, 18.87it/s, Materializing param=model.language_model.layers.50.self_attn.q_proj.weight][A

Loading weights:  53%|█████▎    | 663/1247 [01:13<00:30, 18.87it/s, Materializing param=model.language_model.layers.50.self_attn.q_proj.weight][A

Loading weights:  53%|█████▎    | 664/1247 [01:13<00:30, 18.87it/s, Materializing param=model.language_model.layers.50.self_attn.v_proj.weight][A

Loading weights:  53%|█████▎    | 664/1247 [01:13<00:30, 18.87it/s, Materializing param=model.language_model.layers.50.self_attn.v_proj.weight][A

Loading weights:  53%|█████▎    | 665/1247 [01:13<00:30, 18.87it/s, Materializing param=model.language_model.layers.51.input_layernorm.weight] [A

Loading weights:  53%|█████▎    | 665/1247 [01:13<00:30, 18.87it/s, Materializing param=model.language_model.layers.51.input_layernorm.weight][A

Loading weights:  53%|█████▎    | 666/1247 [01:13<00:30, 18.87it/s, Materializing param=model.language_model.layers.51.mlp.down_proj.weight]  [A

Loading weights:  53%|█████▎    | 666/1247 [01:13<00:30, 18.87it/s, Materializing param=model.language_model.layers.51.mlp.down_proj.weight][A

Loading weights:  53%|█████▎    | 667/1247 [01:13<00:30, 18.87it/s, Materializing param=model.language_model.layers.51.mlp.gate_proj.weight][A

Loading weights:  53%|█████▎    | 667/1247 [01:13<00:30, 18.87it/s, Materializing param=model.language_model.layers.51.mlp.gate_proj.weight][A

Loading weights:  54%|█████▎    | 668/1247 [01:13<00:30, 18.87it/s, Materializing param=model.language_model.layers.51.mlp.up_proj.weight]  [A

Loading weights:  54%|█████▎    | 668/1247 [01:13<00:30, 18.87it/s, Materializing param=model.language_model.layers.51.mlp.up_proj.weight][A

Loading weights:  54%|█████▎    | 669/1247 [01:13<00:15, 38.20it/s, Materializing param=model.language_model.layers.51.mlp.up_proj.weight][A

Loading weights:  54%|█████▎    | 669/1247 [01:13<00:15, 38.20it/s, Materializing param=model.language_model.layers.51.post_attention_layernorm.weight][A

Loading weights:  54%|█████▎    | 669/1247 [01:13<00:15, 38.20it/s, Materializing param=model.language_model.layers.51.post_attention_layernorm.weight][A

Loading weights:  54%|█████▎    | 670/1247 [01:13<00:15, 38.20it/s, Materializing param=model.language_model.layers.51.post_feedforward_layernorm.weight][A

Loading weights:  54%|█████▎    | 670/1247 [01:13<00:15, 38.20it/s, Materializing param=model.language_model.layers.51.post_feedforward_layernorm.weight][A

Loading weights:  54%|█████▍    | 671/1247 [01:13<00:15, 38.20it/s, Materializing param=model.language_model.layers.51.pre_feedforward_layernorm.weight] [A

Loading weights:  54%|█████▍    | 671/1247 [01:13<00:15, 38.20it/s, Materializing param=model.language_model.layers.51.pre_feedforward_layernorm.weight][A

Loading weights:  54%|█████▍    | 672/1247 [01:13<00:15, 38.20it/s, Materializing param=model.language_model.layers.51.self_attn.k_norm.weight]         [A

Loading weights:  54%|█████▍    | 672/1247 [01:13<00:15, 38.20it/s, Materializing param=model.language_model.layers.51.self_attn.k_norm.weight][A

Loading weights:  54%|█████▍    | 673/1247 [01:13<00:15, 38.20it/s, Materializing param=model.language_model.layers.51.self_attn.k_proj.weight][A

Loading weights:  54%|█████▍    | 673/1247 [01:13<00:15, 38.20it/s, Materializing param=model.language_model.layers.51.self_attn.k_proj.weight][A

Loading weights:  54%|█████▍    | 674/1247 [01:13<00:14, 38.20it/s, Materializing param=model.language_model.layers.51.self_attn.o_proj.weight][A

Loading weights:  54%|█████▍    | 674/1247 [01:13<00:14, 38.20it/s, Materializing param=model.language_model.layers.51.self_attn.o_proj.weight][A

Loading weights:  54%|█████▍    | 675/1247 [01:13<00:14, 38.20it/s, Materializing param=model.language_model.layers.51.self_attn.q_norm.weight][A

Loading weights:  54%|█████▍    | 675/1247 [01:13<00:14, 38.20it/s, Materializing param=model.language_model.layers.51.self_attn.q_norm.weight][A

Loading weights:  54%|█████▍    | 676/1247 [01:13<00:14, 38.20it/s, Materializing param=model.language_model.layers.51.self_attn.q_proj.weight][A

Loading weights:  54%|█████▍    | 676/1247 [01:13<00:14, 38.20it/s, Materializing param=model.language_model.layers.51.self_attn.q_proj.weight][A

Loading weights:  54%|█████▍    | 677/1247 [01:13<00:14, 38.20it/s, Materializing param=model.language_model.layers.51.self_attn.v_proj.weight][A

Loading weights:  54%|█████▍    | 677/1247 [01:13<00:14, 38.20it/s, Materializing param=model.language_model.layers.51.self_attn.v_proj.weight][A

Loading weights:  54%|█████▍    | 678/1247 [01:13<00:14, 38.20it/s, Materializing param=model.language_model.layers.52.input_layernorm.weight] [A

Loading weights:  54%|█████▍    | 678/1247 [01:13<00:14, 38.20it/s, Materializing param=model.language_model.layers.52.input_layernorm.weight][A

Loading weights:  54%|█████▍    | 679/1247 [01:13<00:14, 38.20it/s, Materializing param=model.language_model.layers.52.mlp.down_proj.weight]  [A

Loading weights:  54%|█████▍    | 679/1247 [01:13<00:14, 38.20it/s, Materializing param=model.language_model.layers.52.mlp.down_proj.weight][A

Loading weights:  55%|█████▍    | 680/1247 [01:13<00:14, 38.20it/s, Materializing param=model.language_model.layers.52.mlp.gate_proj.weight][A

Loading weights:  55%|█████▍    | 680/1247 [01:13<00:14, 38.20it/s, Materializing param=model.language_model.layers.52.mlp.gate_proj.weight][A

Loading weights:  55%|█████▍    | 681/1247 [01:13<00:14, 38.20it/s, Materializing param=model.language_model.layers.52.mlp.up_proj.weight]  [A

Loading weights:  55%|█████▍    | 681/1247 [01:13<00:14, 38.20it/s, Materializing param=model.language_model.layers.52.mlp.up_proj.weight][A

Loading weights:  55%|█████▍    | 682/1247 [01:13<00:14, 38.20it/s, Materializing param=model.language_model.layers.52.post_attention_layernorm.weight][A

Loading weights:  55%|█████▍    | 682/1247 [01:13<00:14, 38.20it/s, Materializing param=model.language_model.layers.52.post_attention_layernorm.weight][A

Loading weights:  55%|█████▍    | 683/1247 [01:13<00:14, 38.20it/s, Materializing param=model.language_model.layers.52.post_feedforward_layernorm.weight][A

Loading weights:  55%|█████▍    | 683/1247 [01:13<00:14, 38.20it/s, Materializing param=model.language_model.layers.52.post_feedforward_layernorm.weight][A

Loading weights:  55%|█████▍    | 684/1247 [01:13<00:14, 38.20it/s, Materializing param=model.language_model.layers.52.pre_feedforward_layernorm.weight] [A

Loading weights:  55%|█████▍    | 684/1247 [01:13<00:14, 38.20it/s, Materializing param=model.language_model.layers.52.pre_feedforward_layernorm.weight][A

Loading weights:  55%|█████▍    | 685/1247 [01:13<00:14, 38.20it/s, Materializing param=model.language_model.layers.52.self_attn.k_norm.weight]         [A

Loading weights:  55%|█████▍    | 685/1247 [01:13<00:14, 38.20it/s, Materializing param=model.language_model.layers.52.self_attn.k_norm.weight][A

Loading weights:  55%|█████▌    | 686/1247 [01:13<00:14, 38.20it/s, Materializing param=model.language_model.layers.52.self_attn.k_proj.weight][A

Loading weights:  55%|█████▌    | 686/1247 [01:13<00:14, 38.20it/s, Materializing param=model.language_model.layers.52.self_attn.k_proj.weight][A

Loading weights:  55%|█████▌    | 687/1247 [01:13<00:14, 38.20it/s, Materializing param=model.language_model.layers.52.self_attn.o_proj.weight][A

Loading weights:  55%|█████▌    | 687/1247 [01:13<00:14, 38.20it/s, Materializing param=model.language_model.layers.52.self_attn.o_proj.weight][A

Loading weights:  55%|█████▌    | 688/1247 [01:13<00:14, 38.20it/s, Materializing param=model.language_model.layers.52.self_attn.q_norm.weight][A

Loading weights:  55%|█████▌    | 688/1247 [01:13<00:14, 38.20it/s, Materializing param=model.language_model.layers.52.self_attn.q_norm.weight][A

Loading weights:  55%|█████▌    | 689/1247 [01:13<00:14, 38.20it/s, Materializing param=model.language_model.layers.52.self_attn.q_proj.weight][A

Loading weights:  55%|█████▌    | 689/1247 [01:13<00:14, 38.20it/s, Materializing param=model.language_model.layers.52.self_attn.q_proj.weight][A

Loading weights:  55%|█████▌    | 690/1247 [01:13<00:14, 38.20it/s, Materializing param=model.language_model.layers.52.self_attn.v_proj.weight][A

Loading weights:  55%|█████▌    | 690/1247 [01:13<00:14, 38.20it/s, Materializing param=model.language_model.layers.52.self_attn.v_proj.weight][A

Loading weights:  55%|█████▌    | 691/1247 [01:13<00:14, 38.20it/s, Materializing param=model.language_model.layers.53.input_layernorm.weight] [A

Loading weights:  55%|█████▌    | 691/1247 [01:13<00:14, 38.20it/s, Materializing param=model.language_model.layers.53.input_layernorm.weight][A

Loading weights:  55%|█████▌    | 692/1247 [01:13<00:14, 38.20it/s, Materializing param=model.language_model.layers.53.mlp.down_proj.weight]  [A

Loading weights:  55%|█████▌    | 692/1247 [01:13<00:14, 38.20it/s, Materializing param=model.language_model.layers.53.mlp.down_proj.weight][A

Loading weights:  56%|█████▌    | 693/1247 [01:13<00:14, 38.20it/s, Materializing param=model.language_model.layers.53.mlp.gate_proj.weight][A

Loading weights:  56%|█████▌    | 693/1247 [01:13<00:14, 38.20it/s, Materializing param=model.language_model.layers.53.mlp.gate_proj.weight][A

Loading weights:  56%|█████▌    | 694/1247 [01:13<00:14, 38.20it/s, Materializing param=model.language_model.layers.53.mlp.up_proj.weight]  [A

Loading weights:  56%|█████▌    | 694/1247 [01:13<00:14, 38.20it/s, Materializing param=model.language_model.layers.53.mlp.up_proj.weight][A

Loading weights:  56%|█████▌    | 695/1247 [01:13<00:14, 38.20it/s, Materializing param=model.language_model.layers.53.post_attention_layernorm.weight][A

Loading weights:  56%|█████▌    | 695/1247 [01:13<00:14, 38.20it/s, Materializing param=model.language_model.layers.53.post_attention_layernorm.weight][A

Loading weights:  56%|█████▌    | 696/1247 [01:13<00:14, 38.20it/s, Materializing param=model.language_model.layers.53.post_feedforward_layernorm.weight][A

Loading weights:  56%|█████▌    | 696/1247 [01:13<00:14, 38.20it/s, Materializing param=model.language_model.layers.53.post_feedforward_layernorm.weight][A

Loading weights:  56%|█████▌    | 697/1247 [01:13<00:14, 38.20it/s, Materializing param=model.language_model.layers.53.pre_feedforward_layernorm.weight] [A

Loading weights:  56%|█████▌    | 697/1247 [01:13<00:14, 38.20it/s, Materializing param=model.language_model.layers.53.pre_feedforward_layernorm.weight][A

Loading weights:  56%|█████▌    | 698/1247 [01:13<00:14, 38.20it/s, Materializing param=model.language_model.layers.53.self_attn.k_norm.weight]         [A

Loading weights:  56%|█████▌    | 698/1247 [01:13<00:14, 38.20it/s, Materializing param=model.language_model.layers.53.self_attn.k_norm.weight][A

Loading weights:  56%|█████▌    | 699/1247 [01:13<00:14, 38.20it/s, Materializing param=model.language_model.layers.53.self_attn.k_proj.weight][A

Loading weights:  56%|█████▌    | 699/1247 [01:13<00:14, 38.20it/s, Materializing param=model.language_model.layers.53.self_attn.k_proj.weight][A

Loading weights:  56%|█████▌    | 700/1247 [01:13<00:14, 38.20it/s, Materializing param=model.language_model.layers.53.self_attn.o_proj.weight][A

Loading weights:  56%|█████▌    | 700/1247 [01:13<00:14, 38.20it/s, Materializing param=model.language_model.layers.53.self_attn.o_proj.weight][A

Loading weights:  56%|█████▌    | 701/1247 [01:13<00:14, 38.20it/s, Materializing param=model.language_model.layers.53.self_attn.q_norm.weight][A

Loading weights:  56%|█████▌    | 701/1247 [01:13<00:14, 38.20it/s, Materializing param=model.language_model.layers.53.self_attn.q_norm.weight][A

Loading weights:  56%|█████▋    | 702/1247 [01:13<00:14, 38.20it/s, Materializing param=model.language_model.layers.53.self_attn.q_proj.weight][A

Loading weights:  56%|█████▋    | 702/1247 [01:13<00:14, 38.20it/s, Materializing param=model.language_model.layers.53.self_attn.q_proj.weight][A

Loading weights:  56%|█████▋    | 703/1247 [01:13<00:14, 38.20it/s, Materializing param=model.language_model.layers.53.self_attn.v_proj.weight][A

Loading weights:  56%|█████▋    | 703/1247 [01:13<00:14, 38.20it/s, Materializing param=model.language_model.layers.53.self_attn.v_proj.weight][A

Loading weights:  56%|█████▋    | 704/1247 [01:13<00:14, 38.20it/s, Materializing param=model.language_model.layers.54.input_layernorm.weight] [A

Loading weights:  56%|█████▋    | 704/1247 [01:13<00:14, 38.20it/s, Materializing param=model.language_model.layers.54.input_layernorm.weight][A

Loading weights:  57%|█████▋    | 705/1247 [01:13<00:14, 38.20it/s, Materializing param=model.language_model.layers.54.mlp.down_proj.weight]  [A

Loading weights:  57%|█████▋    | 705/1247 [01:13<00:14, 38.20it/s, Materializing param=model.language_model.layers.54.mlp.down_proj.weight][A

Loading weights:  57%|█████▋    | 706/1247 [01:13<00:14, 38.20it/s, Materializing param=model.language_model.layers.54.mlp.gate_proj.weight][A

Loading weights:  57%|█████▋    | 706/1247 [01:13<00:14, 38.20it/s, Materializing param=model.language_model.layers.54.mlp.gate_proj.weight][A

Loading weights:  57%|█████▋    | 707/1247 [01:13<00:14, 38.20it/s, Materializing param=model.language_model.layers.54.mlp.up_proj.weight]  [A

Loading weights:  57%|█████▋    | 707/1247 [01:13<00:14, 38.20it/s, Materializing param=model.language_model.layers.54.mlp.up_proj.weight][A

Loading weights:  57%|█████▋    | 708/1247 [01:13<00:14, 38.20it/s, Materializing param=model.language_model.layers.54.post_attention_layernorm.weight][A

Loading weights:  57%|█████▋    | 708/1247 [01:13<00:14, 38.20it/s, Materializing param=model.language_model.layers.54.post_attention_layernorm.weight][A

Loading weights:  57%|█████▋    | 709/1247 [01:13<00:14, 38.20it/s, Materializing param=model.language_model.layers.54.post_feedforward_layernorm.weight][A

Loading weights:  57%|█████▋    | 709/1247 [01:13<00:14, 38.20it/s, Materializing param=model.language_model.layers.54.post_feedforward_layernorm.weight][A

Loading weights:  57%|█████▋    | 710/1247 [01:13<00:14, 38.20it/s, Materializing param=model.language_model.layers.54.pre_feedforward_layernorm.weight] [A

Loading weights:  57%|█████▋    | 710/1247 [01:13<00:14, 38.20it/s, Materializing param=model.language_model.layers.54.pre_feedforward_layernorm.weight][A

Loading weights:  57%|█████▋    | 711/1247 [01:13<00:14, 38.20it/s, Materializing param=model.language_model.layers.54.self_attn.k_norm.weight]         [A

Loading weights:  57%|█████▋    | 711/1247 [01:13<00:14, 38.20it/s, Materializing param=model.language_model.layers.54.self_attn.k_norm.weight][A

Loading weights:  57%|█████▋    | 712/1247 [01:13<00:14, 38.20it/s, Materializing param=model.language_model.layers.54.self_attn.k_proj.weight][A

Loading weights:  57%|█████▋    | 712/1247 [01:13<00:14, 38.20it/s, Materializing param=model.language_model.layers.54.self_attn.k_proj.weight][A

Loading weights:  57%|█████▋    | 713/1247 [01:13<00:13, 38.20it/s, Materializing param=model.language_model.layers.54.self_attn.o_proj.weight][A

Loading weights:  57%|█████▋    | 713/1247 [01:13<00:13, 38.20it/s, Materializing param=model.language_model.layers.54.self_attn.o_proj.weight][A

Loading weights:  57%|█████▋    | 714/1247 [01:13<00:13, 38.20it/s, Materializing param=model.language_model.layers.54.self_attn.q_norm.weight][A

Loading weights:  57%|█████▋    | 714/1247 [01:13<00:13, 38.20it/s, Materializing param=model.language_model.layers.54.self_attn.q_norm.weight][A

Loading weights:  57%|█████▋    | 715/1247 [01:13<00:13, 38.20it/s, Materializing param=model.language_model.layers.54.self_attn.q_proj.weight][A

Loading weights:  57%|█████▋    | 715/1247 [01:13<00:13, 38.20it/s, Materializing param=model.language_model.layers.54.self_attn.q_proj.weight][A

Loading weights:  57%|█████▋    | 716/1247 [01:13<00:13, 38.20it/s, Materializing param=model.language_model.layers.54.self_attn.v_proj.weight][A

Loading weights:  57%|█████▋    | 716/1247 [01:13<00:13, 38.20it/s, Materializing param=model.language_model.layers.54.self_attn.v_proj.weight][A

Loading weights:  57%|█████▋    | 717/1247 [01:13<00:13, 38.20it/s, Materializing param=model.language_model.layers.55.input_layernorm.weight] [A

Loading weights:  57%|█████▋    | 717/1247 [01:13<00:13, 38.20it/s, Materializing param=model.language_model.layers.55.input_layernorm.weight][A

Loading weights:  58%|█████▊    | 718/1247 [01:13<00:13, 38.20it/s, Materializing param=model.language_model.layers.55.mlp.down_proj.weight]  [A

Loading weights:  58%|█████▊    | 718/1247 [01:13<00:13, 38.20it/s, Materializing param=model.language_model.layers.55.mlp.down_proj.weight][A

Loading weights:  58%|█████▊    | 719/1247 [01:13<00:13, 38.20it/s, Materializing param=model.language_model.layers.55.mlp.gate_proj.weight][A

Loading weights:  58%|█████▊    | 719/1247 [01:13<00:13, 38.20it/s, Materializing param=model.language_model.layers.55.mlp.gate_proj.weight][A

Loading weights:  58%|█████▊    | 720/1247 [01:13<00:13, 38.20it/s, Materializing param=model.language_model.layers.55.mlp.up_proj.weight]  [A

Loading weights:  58%|█████▊    | 720/1247 [01:13<00:13, 38.20it/s, Materializing param=model.language_model.layers.55.mlp.up_proj.weight][A

Loading weights:  58%|█████▊    | 721/1247 [01:13<00:13, 38.20it/s, Materializing param=model.language_model.layers.55.post_attention_layernorm.weight][A

Loading weights:  58%|█████▊    | 721/1247 [01:13<00:13, 38.20it/s, Materializing param=model.language_model.layers.55.post_attention_layernorm.weight][A

Loading weights:  58%|█████▊    | 722/1247 [01:13<00:13, 38.20it/s, Materializing param=model.language_model.layers.55.post_feedforward_layernorm.weight][A

Loading weights:  58%|█████▊    | 722/1247 [01:13<00:13, 38.20it/s, Materializing param=model.language_model.layers.55.post_feedforward_layernorm.weight][A

Loading weights:  58%|█████▊    | 723/1247 [01:13<00:13, 38.20it/s, Materializing param=model.language_model.layers.55.pre_feedforward_layernorm.weight] [A

Loading weights:  58%|█████▊    | 723/1247 [01:13<00:13, 38.20it/s, Materializing param=model.language_model.layers.55.pre_feedforward_layernorm.weight][A

Loading weights:  58%|█████▊    | 724/1247 [01:13<00:13, 38.20it/s, Materializing param=model.language_model.layers.55.self_attn.k_norm.weight]         [A

Loading weights:  58%|█████▊    | 724/1247 [01:13<00:13, 38.20it/s, Materializing param=model.language_model.layers.55.self_attn.k_norm.weight][A

Loading weights:  58%|█████▊    | 725/1247 [01:13<00:13, 38.20it/s, Materializing param=model.language_model.layers.55.self_attn.k_proj.weight][A

Loading weights:  58%|█████▊    | 725/1247 [01:13<00:13, 38.20it/s, Materializing param=model.language_model.layers.55.self_attn.k_proj.weight][A

Loading weights:  58%|█████▊    | 726/1247 [01:13<00:13, 38.20it/s, Materializing param=model.language_model.layers.55.self_attn.o_proj.weight][A

Loading weights:  58%|█████▊    | 726/1247 [01:13<00:13, 38.20it/s, Materializing param=model.language_model.layers.55.self_attn.o_proj.weight][A

Loading weights:  58%|█████▊    | 727/1247 [01:13<00:13, 38.20it/s, Materializing param=model.language_model.layers.55.self_attn.q_norm.weight][A

Loading weights:  58%|█████▊    | 727/1247 [01:13<00:13, 38.20it/s, Materializing param=model.language_model.layers.55.self_attn.q_norm.weight][A

Loading weights:  58%|█████▊    | 728/1247 [01:13<00:13, 38.20it/s, Materializing param=model.language_model.layers.55.self_attn.q_proj.weight][A

Loading weights:  58%|█████▊    | 728/1247 [01:13<00:13, 38.20it/s, Materializing param=model.language_model.layers.55.self_attn.q_proj.weight][A

Loading weights:  58%|█████▊    | 729/1247 [01:13<00:13, 38.20it/s, Materializing param=model.language_model.layers.55.self_attn.v_proj.weight][A

Loading weights:  58%|█████▊    | 729/1247 [01:13<00:13, 38.20it/s, Materializing param=model.language_model.layers.55.self_attn.v_proj.weight][A

Loading weights:  59%|█████▊    | 730/1247 [01:13<00:13, 38.20it/s, Materializing param=model.language_model.layers.56.input_layernorm.weight] [A

Loading weights:  59%|█████▊    | 730/1247 [01:13<00:13, 38.20it/s, Materializing param=model.language_model.layers.56.input_layernorm.weight][A

Loading weights:  59%|█████▊    | 731/1247 [01:13<00:13, 38.20it/s, Materializing param=model.language_model.layers.56.mlp.down_proj.weight]  [A

Loading weights:  59%|█████▊    | 731/1247 [01:13<00:13, 38.20it/s, Materializing param=model.language_model.layers.56.mlp.down_proj.weight][A

Loading weights:  59%|█████▊    | 732/1247 [01:13<00:13, 38.20it/s, Materializing param=model.language_model.layers.56.mlp.gate_proj.weight][A

Loading weights:  59%|█████▊    | 732/1247 [01:13<00:13, 38.20it/s, Materializing param=model.language_model.layers.56.mlp.gate_proj.weight][A

Loading weights:  59%|█████▉    | 733/1247 [01:13<00:13, 38.20it/s, Materializing param=model.language_model.layers.56.mlp.up_proj.weight]  [A

Loading weights:  59%|█████▉    | 733/1247 [01:13<00:13, 38.20it/s, Materializing param=model.language_model.layers.56.mlp.up_proj.weight][A

Loading weights:  59%|█████▉    | 734/1247 [01:13<00:13, 38.20it/s, Materializing param=model.language_model.layers.56.post_attention_layernorm.weight][A

Loading weights:  59%|█████▉    | 734/1247 [01:13<00:13, 38.20it/s, Materializing param=model.language_model.layers.56.post_attention_layernorm.weight][A

Loading weights:  59%|█████▉    | 735/1247 [01:13<00:13, 38.20it/s, Materializing param=model.language_model.layers.56.post_feedforward_layernorm.weight][A

Loading weights:  59%|█████▉    | 735/1247 [01:13<00:13, 38.20it/s, Materializing param=model.language_model.layers.56.post_feedforward_layernorm.weight][A

Loading weights:  59%|█████▉    | 736/1247 [01:13<00:13, 38.20it/s, Materializing param=model.language_model.layers.56.pre_feedforward_layernorm.weight] [A

Loading weights:  59%|█████▉    | 736/1247 [01:13<00:13, 38.20it/s, Materializing param=model.language_model.layers.56.pre_feedforward_layernorm.weight][A

Loading weights:  59%|█████▉    | 737/1247 [01:13<00:13, 38.20it/s, Materializing param=model.language_model.layers.56.self_attn.k_norm.weight]         [A

Loading weights:  59%|█████▉    | 737/1247 [01:13<00:13, 38.20it/s, Materializing param=model.language_model.layers.56.self_attn.k_norm.weight][A

Loading weights:  59%|█████▉    | 738/1247 [01:13<00:13, 38.20it/s, Materializing param=model.language_model.layers.56.self_attn.k_proj.weight][A

Loading weights:  59%|█████▉    | 738/1247 [01:13<00:13, 38.20it/s, Materializing param=model.language_model.layers.56.self_attn.k_proj.weight][A

Loading weights:  59%|█████▉    | 739/1247 [01:13<00:13, 38.20it/s, Materializing param=model.language_model.layers.56.self_attn.o_proj.weight][A

Loading weights:  59%|█████▉    | 739/1247 [01:13<00:13, 38.20it/s, Materializing param=model.language_model.layers.56.self_attn.o_proj.weight][A

Loading weights:  59%|█████▉    | 740/1247 [01:13<00:13, 38.20it/s, Materializing param=model.language_model.layers.56.self_attn.q_norm.weight][A

Loading weights:  59%|█████▉    | 740/1247 [01:13<00:13, 38.20it/s, Materializing param=model.language_model.layers.56.self_attn.q_norm.weight][A

Loading weights:  59%|█████▉    | 741/1247 [01:13<00:13, 38.20it/s, Materializing param=model.language_model.layers.56.self_attn.q_proj.weight][A

Loading weights:  59%|█████▉    | 741/1247 [01:13<00:13, 38.20it/s, Materializing param=model.language_model.layers.56.self_attn.q_proj.weight][A

Loading weights:  60%|█████▉    | 742/1247 [01:13<00:13, 38.20it/s, Materializing param=model.language_model.layers.56.self_attn.v_proj.weight][A

Loading weights:  60%|█████▉    | 742/1247 [01:13<00:13, 38.20it/s, Materializing param=model.language_model.layers.56.self_attn.v_proj.weight][A

Loading weights:  60%|█████▉    | 743/1247 [01:13<00:13, 38.20it/s, Materializing param=model.language_model.layers.57.input_layernorm.weight] [A

Loading weights:  60%|█████▉    | 743/1247 [01:13<00:13, 38.20it/s, Materializing param=model.language_model.layers.57.input_layernorm.weight][A

Loading weights:  60%|█████▉    | 744/1247 [01:13<00:13, 38.20it/s, Materializing param=model.language_model.layers.57.mlp.down_proj.weight]  [A

Loading weights:  60%|█████▉    | 744/1247 [01:13<00:13, 38.20it/s, Materializing param=model.language_model.layers.57.mlp.down_proj.weight][A

Loading weights:  60%|█████▉    | 745/1247 [01:13<00:13, 38.20it/s, Materializing param=model.language_model.layers.57.mlp.gate_proj.weight][A

Loading weights:  60%|█████▉    | 745/1247 [01:13<00:13, 38.20it/s, Materializing param=model.language_model.layers.57.mlp.gate_proj.weight][A

Loading weights:  60%|█████▉    | 746/1247 [01:13<00:13, 38.20it/s, Materializing param=model.language_model.layers.57.mlp.up_proj.weight]  [A

Loading weights:  60%|█████▉    | 746/1247 [01:13<00:13, 38.20it/s, Materializing param=model.language_model.layers.57.mlp.up_proj.weight][A

Loading weights:  60%|█████▉    | 747/1247 [01:13<00:13, 38.20it/s, Materializing param=model.language_model.layers.57.post_attention_layernorm.weight][A

Loading weights:  60%|█████▉    | 747/1247 [01:13<00:13, 38.20it/s, Materializing param=model.language_model.layers.57.post_attention_layernorm.weight][A

Loading weights:  60%|█████▉    | 748/1247 [01:13<00:13, 38.20it/s, Materializing param=model.language_model.layers.57.post_feedforward_layernorm.weight][A

Loading weights:  60%|█████▉    | 748/1247 [01:13<00:13, 38.20it/s, Materializing param=model.language_model.layers.57.post_feedforward_layernorm.weight][A

Loading weights:  60%|██████    | 749/1247 [01:13<00:13, 38.20it/s, Materializing param=model.language_model.layers.57.pre_feedforward_layernorm.weight] [A

Loading weights:  60%|██████    | 749/1247 [01:13<00:13, 38.20it/s, Materializing param=model.language_model.layers.57.pre_feedforward_layernorm.weight][A

Loading weights:  60%|██████    | 750/1247 [01:13<00:13, 38.20it/s, Materializing param=model.language_model.layers.57.self_attn.k_norm.weight]         [A

Loading weights:  60%|██████    | 750/1247 [01:13<00:13, 38.20it/s, Materializing param=model.language_model.layers.57.self_attn.k_norm.weight][A

Loading weights:  60%|██████    | 751/1247 [01:13<00:12, 38.20it/s, Materializing param=model.language_model.layers.57.self_attn.k_proj.weight][A

Loading weights:  60%|██████    | 751/1247 [01:13<00:12, 38.20it/s, Materializing param=model.language_model.layers.57.self_attn.k_proj.weight][A

Loading weights:  60%|██████    | 752/1247 [01:13<00:12, 38.20it/s, Materializing param=model.language_model.layers.57.self_attn.o_proj.weight][A

Loading weights:  60%|██████    | 752/1247 [01:13<00:12, 38.20it/s, Materializing param=model.language_model.layers.57.self_attn.o_proj.weight][A

Loading weights:  60%|██████    | 753/1247 [01:13<00:12, 38.20it/s, Materializing param=model.language_model.layers.57.self_attn.q_norm.weight][A

Loading weights:  60%|██████    | 753/1247 [01:13<00:12, 38.20it/s, Materializing param=model.language_model.layers.57.self_attn.q_norm.weight][A

Loading weights:  60%|██████    | 754/1247 [01:13<00:12, 38.20it/s, Materializing param=model.language_model.layers.57.self_attn.q_proj.weight][A

Loading weights:  60%|██████    | 754/1247 [01:13<00:12, 38.20it/s, Materializing param=model.language_model.layers.57.self_attn.q_proj.weight][A

Loading weights:  61%|██████    | 755/1247 [01:13<00:12, 38.20it/s, Materializing param=model.language_model.layers.57.self_attn.v_proj.weight][A

Loading weights:  61%|██████    | 755/1247 [01:13<00:12, 38.20it/s, Materializing param=model.language_model.layers.57.self_attn.v_proj.weight][A

Loading weights:  61%|██████    | 756/1247 [01:13<00:12, 38.20it/s, Materializing param=model.language_model.layers.58.input_layernorm.weight] [A

Loading weights:  61%|██████    | 756/1247 [01:13<00:12, 38.20it/s, Materializing param=model.language_model.layers.58.input_layernorm.weight][A

Loading weights:  61%|██████    | 757/1247 [01:13<00:12, 38.20it/s, Materializing param=model.language_model.layers.58.mlp.down_proj.weight]  [A

Loading weights:  61%|██████    | 757/1247 [01:13<00:12, 38.20it/s, Materializing param=model.language_model.layers.58.mlp.down_proj.weight][A

Loading weights:  61%|██████    | 758/1247 [01:13<00:12, 38.20it/s, Materializing param=model.language_model.layers.58.mlp.gate_proj.weight][A

Loading weights:  61%|██████    | 758/1247 [01:13<00:12, 38.20it/s, Materializing param=model.language_model.layers.58.mlp.gate_proj.weight][A

Loading weights:  61%|██████    | 759/1247 [01:13<00:12, 38.20it/s, Materializing param=model.language_model.layers.58.mlp.up_proj.weight]  [A

Loading weights:  61%|██████    | 759/1247 [01:13<00:12, 38.20it/s, Materializing param=model.language_model.layers.58.mlp.up_proj.weight][A

Loading weights:  61%|██████    | 760/1247 [01:13<00:12, 38.20it/s, Materializing param=model.language_model.layers.58.post_attention_layernorm.weight][A

Loading weights:  61%|██████    | 760/1247 [01:13<00:12, 38.20it/s, Materializing param=model.language_model.layers.58.post_attention_layernorm.weight][A

Loading weights:  61%|██████    | 761/1247 [01:13<00:12, 38.20it/s, Materializing param=model.language_model.layers.58.post_feedforward_layernorm.weight][A

Loading weights:  61%|██████    | 761/1247 [01:13<00:12, 38.20it/s, Materializing param=model.language_model.layers.58.post_feedforward_layernorm.weight][A

Loading weights:  61%|██████    | 762/1247 [01:13<00:12, 38.20it/s, Materializing param=model.language_model.layers.58.pre_feedforward_layernorm.weight] [A

Loading weights:  61%|██████    | 762/1247 [01:13<00:12, 38.20it/s, Materializing param=model.language_model.layers.58.pre_feedforward_layernorm.weight][A

Loading weights:  61%|██████    | 763/1247 [01:13<00:12, 38.20it/s, Materializing param=model.language_model.layers.58.self_attn.k_norm.weight]         [A

Loading weights:  61%|██████    | 763/1247 [01:13<00:12, 38.20it/s, Materializing param=model.language_model.layers.58.self_attn.k_norm.weight][A

Loading weights:  61%|██████▏   | 764/1247 [01:13<00:12, 38.20it/s, Materializing param=model.language_model.layers.58.self_attn.k_proj.weight][A

Loading weights:  61%|██████▏   | 764/1247 [01:13<00:12, 38.20it/s, Materializing param=model.language_model.layers.58.self_attn.k_proj.weight][A

Loading weights:  61%|██████▏   | 765/1247 [01:13<00:12, 38.20it/s, Materializing param=model.language_model.layers.58.self_attn.o_proj.weight][A

Loading weights:  61%|██████▏   | 765/1247 [01:13<00:12, 38.20it/s, Materializing param=model.language_model.layers.58.self_attn.o_proj.weight][A

Loading weights:  61%|██████▏   | 766/1247 [01:13<00:12, 38.20it/s, Materializing param=model.language_model.layers.58.self_attn.q_norm.weight][A

Loading weights:  61%|██████▏   | 766/1247 [01:13<00:12, 38.20it/s, Materializing param=model.language_model.layers.58.self_attn.q_norm.weight][A

Loading weights:  62%|██████▏   | 767/1247 [01:13<00:12, 38.20it/s, Materializing param=model.language_model.layers.58.self_attn.q_proj.weight][A

Loading weights:  62%|██████▏   | 767/1247 [01:13<00:12, 38.20it/s, Materializing param=model.language_model.layers.58.self_attn.q_proj.weight][A

Loading weights:  62%|██████▏   | 768/1247 [01:13<00:12, 38.20it/s, Materializing param=model.language_model.layers.58.self_attn.v_proj.weight][A

Loading weights:  62%|██████▏   | 768/1247 [01:13<00:12, 38.20it/s, Materializing param=model.language_model.layers.58.self_attn.v_proj.weight][A

Loading weights:  62%|██████▏   | 769/1247 [01:13<00:12, 38.20it/s, Materializing param=model.language_model.layers.59.input_layernorm.weight] [A

Loading weights:  62%|██████▏   | 769/1247 [01:13<00:12, 38.20it/s, Materializing param=model.language_model.layers.59.input_layernorm.weight][A

Loading weights:  62%|██████▏   | 770/1247 [01:13<00:12, 38.20it/s, Materializing param=model.language_model.layers.59.mlp.down_proj.weight]  [A

Loading weights:  62%|██████▏   | 770/1247 [01:13<00:12, 38.20it/s, Materializing param=model.language_model.layers.59.mlp.down_proj.weight][A

Loading weights:  62%|██████▏   | 771/1247 [01:13<00:07, 66.46it/s, Materializing param=model.language_model.layers.59.mlp.down_proj.weight][A

Loading weights:  62%|██████▏   | 771/1247 [01:13<00:07, 66.46it/s, Materializing param=model.language_model.layers.59.mlp.gate_proj.weight][A

Loading weights:  62%|██████▏   | 771/1247 [01:13<00:07, 66.46it/s, Materializing param=model.language_model.layers.59.mlp.gate_proj.weight][A

Loading weights:  62%|██████▏   | 772/1247 [01:13<00:07, 66.46it/s, Materializing param=model.language_model.layers.59.mlp.up_proj.weight]  [A

Loading weights:  62%|██████▏   | 772/1247 [01:13<00:07, 66.46it/s, Materializing param=model.language_model.layers.59.mlp.up_proj.weight][A

Loading weights:  62%|██████▏   | 773/1247 [01:13<00:07, 66.46it/s, Materializing param=model.language_model.layers.59.post_attention_layernorm.weight][A

Loading weights:  62%|██████▏   | 773/1247 [01:13<00:07, 66.46it/s, Materializing param=model.language_model.layers.59.post_attention_layernorm.weight][A

Loading weights:  62%|██████▏   | 774/1247 [01:13<00:07, 66.46it/s, Materializing param=model.language_model.layers.59.post_feedforward_layernorm.weight][A

Loading weights:  62%|██████▏   | 774/1247 [01:13<00:07, 66.46it/s, Materializing param=model.language_model.layers.59.post_feedforward_layernorm.weight][A

Loading weights:  62%|██████▏   | 775/1247 [01:13<00:07, 66.46it/s, Materializing param=model.language_model.layers.59.pre_feedforward_layernorm.weight] [A

Loading weights:  62%|██████▏   | 775/1247 [01:13<00:07, 66.46it/s, Materializing param=model.language_model.layers.59.pre_feedforward_layernorm.weight][A

Loading weights:  62%|██████▏   | 776/1247 [01:13<00:07, 66.46it/s, Materializing param=model.language_model.layers.59.self_attn.k_norm.weight]         [A

Loading weights:  62%|██████▏   | 776/1247 [01:13<00:07, 66.46it/s, Materializing param=model.language_model.layers.59.self_attn.k_norm.weight][A

Loading weights:  62%|██████▏   | 777/1247 [01:13<00:07, 66.46it/s, Materializing param=model.language_model.layers.59.self_attn.k_proj.weight][A

Loading weights:  62%|██████▏   | 777/1247 [01:13<00:07, 66.46it/s, Materializing param=model.language_model.layers.59.self_attn.k_proj.weight][A

Loading weights:  62%|██████▏   | 778/1247 [01:13<00:07, 66.46it/s, Materializing param=model.language_model.layers.59.self_attn.o_proj.weight][A

Loading weights:  62%|██████▏   | 778/1247 [01:13<00:07, 66.46it/s, Materializing param=model.language_model.layers.59.self_attn.o_proj.weight][A

Loading weights:  62%|██████▏   | 779/1247 [01:13<00:07, 66.46it/s, Materializing param=model.language_model.layers.59.self_attn.q_norm.weight][A

Loading weights:  62%|██████▏   | 779/1247 [01:13<00:07, 66.46it/s, Materializing param=model.language_model.layers.59.self_attn.q_norm.weight][A

Loading weights:  63%|██████▎   | 780/1247 [01:13<00:07, 66.46it/s, Materializing param=model.language_model.layers.59.self_attn.q_proj.weight][A

Loading weights:  63%|██████▎   | 780/1247 [01:13<00:07, 66.46it/s, Materializing param=model.language_model.layers.59.self_attn.q_proj.weight][A

Loading weights:  63%|██████▎   | 781/1247 [01:13<00:07, 66.46it/s, Materializing param=model.language_model.layers.59.self_attn.v_proj.weight][A

Loading weights:  63%|██████▎   | 781/1247 [01:13<00:07, 66.46it/s, Materializing param=model.language_model.layers.59.self_attn.v_proj.weight][A

Loading weights:  63%|██████▎   | 782/1247 [01:13<00:06, 66.46it/s, Materializing param=model.language_model.layers.60.input_layernorm.weight] [A

Loading weights:  63%|██████▎   | 782/1247 [01:13<00:06, 66.46it/s, Materializing param=model.language_model.layers.60.input_layernorm.weight][A

Loading weights:  63%|██████▎   | 783/1247 [01:13<00:06, 66.46it/s, Materializing param=model.language_model.layers.60.mlp.down_proj.weight]  [A

Loading weights:  63%|██████▎   | 783/1247 [01:13<00:06, 66.46it/s, Materializing param=model.language_model.layers.60.mlp.down_proj.weight][A

Loading weights:  63%|██████▎   | 784/1247 [01:13<00:06, 66.46it/s, Materializing param=model.language_model.layers.60.mlp.gate_proj.weight][A

Loading weights:  63%|██████▎   | 784/1247 [01:13<00:06, 66.46it/s, Materializing param=model.language_model.layers.60.mlp.gate_proj.weight][A

Loading weights:  63%|██████▎   | 785/1247 [01:13<00:06, 66.46it/s, Materializing param=model.language_model.layers.60.mlp.up_proj.weight]  [A

Loading weights:  63%|██████▎   | 785/1247 [01:13<00:06, 66.46it/s, Materializing param=model.language_model.layers.60.mlp.up_proj.weight][A

Loading weights:  63%|██████▎   | 786/1247 [01:13<00:06, 66.46it/s, Materializing param=model.language_model.layers.60.post_attention_layernorm.weight][A

Loading weights:  63%|██████▎   | 786/1247 [01:13<00:06, 66.46it/s, Materializing param=model.language_model.layers.60.post_attention_layernorm.weight][A

Loading weights:  63%|██████▎   | 787/1247 [01:13<00:06, 66.46it/s, Materializing param=model.language_model.layers.60.post_feedforward_layernorm.weight][A

Loading weights:  63%|██████▎   | 787/1247 [01:13<00:06, 66.46it/s, Materializing param=model.language_model.layers.60.post_feedforward_layernorm.weight][A

Loading weights:  63%|██████▎   | 788/1247 [01:13<00:06, 66.46it/s, Materializing param=model.language_model.layers.60.pre_feedforward_layernorm.weight] [A

Loading weights:  63%|██████▎   | 788/1247 [01:13<00:06, 66.46it/s, Materializing param=model.language_model.layers.60.pre_feedforward_layernorm.weight][A

Loading weights:  63%|██████▎   | 789/1247 [01:13<00:06, 66.46it/s, Materializing param=model.language_model.layers.60.self_attn.k_norm.weight]         [A

Loading weights:  63%|██████▎   | 789/1247 [01:13<00:06, 66.46it/s, Materializing param=model.language_model.layers.60.self_attn.k_norm.weight][A

Loading weights:  63%|██████▎   | 790/1247 [01:13<00:06, 66.46it/s, Materializing param=model.language_model.layers.60.self_attn.k_proj.weight][A

Loading weights:  63%|██████▎   | 790/1247 [01:13<00:06, 66.46it/s, Materializing param=model.language_model.layers.60.self_attn.k_proj.weight][A

Loading weights:  63%|██████▎   | 791/1247 [01:13<00:06, 66.46it/s, Materializing param=model.language_model.layers.60.self_attn.o_proj.weight][A

Loading weights:  63%|██████▎   | 791/1247 [01:13<00:06, 66.46it/s, Materializing param=model.language_model.layers.60.self_attn.o_proj.weight][A

Loading weights:  64%|██████▎   | 792/1247 [01:13<00:06, 66.46it/s, Materializing param=model.language_model.layers.60.self_attn.q_norm.weight][A

Loading weights:  64%|██████▎   | 792/1247 [01:13<00:06, 66.46it/s, Materializing param=model.language_model.layers.60.self_attn.q_norm.weight][A

Loading weights:  64%|██████▎   | 793/1247 [01:13<00:06, 66.46it/s, Materializing param=model.language_model.layers.60.self_attn.q_proj.weight][A

Loading weights:  64%|██████▎   | 793/1247 [01:13<00:06, 66.46it/s, Materializing param=model.language_model.layers.60.self_attn.q_proj.weight][A

Loading weights:  64%|██████▎   | 794/1247 [01:13<00:06, 66.46it/s, Materializing param=model.language_model.layers.60.self_attn.v_proj.weight][A

Loading weights:  64%|██████▎   | 794/1247 [01:13<00:06, 66.46it/s, Materializing param=model.language_model.layers.60.self_attn.v_proj.weight][A

Loading weights:  64%|██████▍   | 795/1247 [01:13<00:06, 66.46it/s, Materializing param=model.language_model.layers.61.input_layernorm.weight] [A

Loading weights:  64%|██████▍   | 795/1247 [01:13<00:06, 66.46it/s, Materializing param=model.language_model.layers.61.input_layernorm.weight][A

Loading weights:  64%|██████▍   | 796/1247 [01:13<00:06, 66.46it/s, Materializing param=model.language_model.layers.61.mlp.down_proj.weight]  [A

Loading weights:  64%|██████▍   | 796/1247 [01:13<00:06, 66.46it/s, Materializing param=model.language_model.layers.61.mlp.down_proj.weight][A

Loading weights:  64%|██████▍   | 797/1247 [01:13<00:06, 66.46it/s, Materializing param=model.language_model.layers.61.mlp.gate_proj.weight][A

Loading weights:  64%|██████▍   | 797/1247 [01:13<00:06, 66.46it/s, Materializing param=model.language_model.layers.61.mlp.gate_proj.weight][A

Loading weights:  64%|██████▍   | 798/1247 [01:13<00:06, 66.46it/s, Materializing param=model.language_model.layers.61.mlp.up_proj.weight]  [A

Loading weights:  64%|██████▍   | 798/1247 [01:13<00:06, 66.46it/s, Materializing param=model.language_model.layers.61.mlp.up_proj.weight][A

Loading weights:  64%|██████▍   | 799/1247 [01:13<00:06, 66.46it/s, Materializing param=model.language_model.layers.61.post_attention_layernorm.weight][A

Loading weights:  64%|██████▍   | 799/1247 [01:13<00:06, 66.46it/s, Materializing param=model.language_model.layers.61.post_attention_layernorm.weight][A

Loading weights:  64%|██████▍   | 800/1247 [01:13<00:06, 66.46it/s, Materializing param=model.language_model.layers.61.post_feedforward_layernorm.weight][A

Loading weights:  64%|██████▍   | 800/1247 [01:13<00:06, 66.46it/s, Materializing param=model.language_model.layers.61.post_feedforward_layernorm.weight][A

Loading weights:  64%|██████▍   | 801/1247 [01:13<00:06, 66.46it/s, Materializing param=model.language_model.layers.61.pre_feedforward_layernorm.weight] [A

Loading weights:  64%|██████▍   | 801/1247 [01:13<00:06, 66.46it/s, Materializing param=model.language_model.layers.61.pre_feedforward_layernorm.weight][A

Loading weights:  64%|██████▍   | 802/1247 [01:13<00:06, 66.46it/s, Materializing param=model.language_model.layers.61.self_attn.k_norm.weight]         [A

Loading weights:  64%|██████▍   | 802/1247 [01:13<00:06, 66.46it/s, Materializing param=model.language_model.layers.61.self_attn.k_norm.weight][A

Loading weights:  64%|██████▍   | 803/1247 [01:13<00:06, 66.46it/s, Materializing param=model.language_model.layers.61.self_attn.k_proj.weight][A

Loading weights:  64%|██████▍   | 803/1247 [01:13<00:06, 66.46it/s, Materializing param=model.language_model.layers.61.self_attn.k_proj.weight][A

Loading weights:  64%|██████▍   | 804/1247 [01:13<00:06, 66.46it/s, Materializing param=model.language_model.layers.61.self_attn.o_proj.weight][A

Loading weights:  64%|██████▍   | 804/1247 [01:13<00:06, 66.46it/s, Materializing param=model.language_model.layers.61.self_attn.o_proj.weight][A

Loading weights:  65%|██████▍   | 805/1247 [01:13<00:06, 66.46it/s, Materializing param=model.language_model.layers.61.self_attn.q_norm.weight][A

Loading weights:  65%|██████▍   | 805/1247 [01:13<00:06, 66.46it/s, Materializing param=model.language_model.layers.61.self_attn.q_norm.weight][A

Loading weights:  65%|██████▍   | 806/1247 [01:13<00:06, 66.46it/s, Materializing param=model.language_model.layers.61.self_attn.q_proj.weight][A

Loading weights:  65%|██████▍   | 806/1247 [01:13<00:06, 66.46it/s, Materializing param=model.language_model.layers.61.self_attn.q_proj.weight][A

Loading weights:  65%|██████▍   | 807/1247 [01:13<00:06, 66.46it/s, Materializing param=model.language_model.layers.61.self_attn.v_proj.weight][A

Loading weights:  65%|██████▍   | 807/1247 [01:13<00:06, 66.46it/s, Materializing param=model.language_model.layers.61.self_attn.v_proj.weight][A

Loading weights:  65%|██████▍   | 808/1247 [01:13<00:06, 66.46it/s, Materializing param=model.language_model.norm.weight]                      [A

Loading weights:  65%|██████▍   | 808/1247 [01:13<00:06, 66.46it/s, Materializing param=model.language_model.norm.weight][A

Loading weights:  65%|██████▍   | 809/1247 [01:13<00:06, 66.46it/s, Materializing param=model.multi_modal_projector.mm_input_projection_weight][A

Loading weights:  65%|██████▍   | 809/1247 [01:13<00:06, 66.46it/s, Materializing param=model.multi_modal_projector.mm_input_projection_weight][A

Loading weights:  65%|██████▍   | 810/1247 [01:13<00:06, 66.46it/s, Materializing param=model.multi_modal_projector.mm_soft_emb_norm.weight]   [A

Loading weights:  65%|██████▍   | 810/1247 [01:13<00:06, 66.46it/s, Materializing param=model.multi_modal_projector.mm_soft_emb_norm.weight][A

Loading weights:  65%|██████▌   | 811/1247 [01:13<00:06, 66.46it/s, Materializing param=model.vision_tower.vision_model.embeddings.patch_embedding.bias][A

Loading weights:  65%|██████▌   | 811/1247 [01:13<00:06, 66.46it/s, Materializing param=model.vision_tower.vision_model.embeddings.patch_embedding.bias][A

Loading weights:  65%|██████▌   | 812/1247 [01:13<00:06, 66.46it/s, Materializing param=model.vision_tower.vision_model.embeddings.patch_embedding.weight][A

Loading weights:  65%|██████▌   | 812/1247 [01:13<00:06, 66.46it/s, Materializing param=model.vision_tower.vision_model.embeddings.patch_embedding.weight][A

Loading weights:  65%|██████▌   | 813/1247 [01:13<00:06, 66.46it/s, Materializing param=model.vision_tower.vision_model.embeddings.position_embedding.weight][A

Loading weights:  65%|██████▌   | 813/1247 [01:13<00:06, 66.46it/s, Materializing param=model.vision_tower.vision_model.embeddings.position_embedding.weight][A

Loading weights:  65%|██████▌   | 814/1247 [01:13<00:06, 66.46it/s, Materializing param=model.vision_tower.vision_model.encoder.layers.0.layer_norm1.bias]   [A

Loading weights:  65%|██████▌   | 814/1247 [01:13<00:06, 66.46it/s, Materializing param=model.vision_tower.vision_model.encoder.layers.0.layer_norm1.bias][A

Loading weights:  65%|██████▌   | 815/1247 [01:13<00:06, 66.46it/s, Materializing param=model.vision_tower.vision_model.encoder.layers.0.layer_norm1.weight][A

Loading weights:  65%|██████▌   | 815/1247 [01:13<00:06, 66.46it/s, Materializing param=model.vision_tower.vision_model.encoder.layers.0.layer_norm1.weight][A

Loading weights:  65%|██████▌   | 816/1247 [01:13<00:06, 66.46it/s, Materializing param=model.vision_tower.vision_model.encoder.layers.0.layer_norm2.bias]  [A

Loading weights:  65%|██████▌   | 816/1247 [01:13<00:06, 66.46it/s, Materializing param=model.vision_tower.vision_model.encoder.layers.0.layer_norm2.bias][A

Loading weights:  66%|██████▌   | 817/1247 [01:13<00:06, 66.46it/s, Materializing param=model.vision_tower.vision_model.encoder.layers.0.layer_norm2.weight][A

Loading weights:  66%|██████▌   | 817/1247 [01:13<00:06, 66.46it/s, Materializing param=model.vision_tower.vision_model.encoder.layers.0.layer_norm2.weight][A

Loading weights:  66%|██████▌   | 818/1247 [01:13<00:06, 66.46it/s, Materializing param=model.vision_tower.vision_model.encoder.layers.0.mlp.fc1.bias]      [A

Loading weights:  66%|██████▌   | 818/1247 [01:13<00:06, 66.46it/s, Materializing param=model.vision_tower.vision_model.encoder.layers.0.mlp.fc1.bias][A

Loading weights:  66%|██████▌   | 819/1247 [01:13<00:06, 66.46it/s, Materializing param=model.vision_tower.vision_model.encoder.layers.0.mlp.fc1.weight][A

Loading weights:  66%|██████▌   | 819/1247 [01:13<00:06, 66.46it/s, Materializing param=model.vision_tower.vision_model.encoder.layers.0.mlp.fc1.weight][A

Loading weights:  66%|██████▌   | 820/1247 [01:13<00:06, 66.46it/s, Materializing param=model.vision_tower.vision_model.encoder.layers.0.mlp.fc2.bias]  [A

Loading weights:  66%|██████▌   | 820/1247 [01:13<00:06, 66.46it/s, Materializing param=model.vision_tower.vision_model.encoder.layers.0.mlp.fc2.bias][A

Loading weights:  66%|██████▌   | 821/1247 [01:13<00:06, 66.46it/s, Materializing param=model.vision_tower.vision_model.encoder.layers.0.mlp.fc2.weight][A

Loading weights:  66%|██████▌   | 821/1247 [01:13<00:06, 66.46it/s, Materializing param=model.vision_tower.vision_model.encoder.layers.0.mlp.fc2.weight][A

Loading weights:  66%|██████▌   | 822/1247 [01:13<00:06, 66.46it/s, Materializing param=model.vision_tower.vision_model.encoder.layers.0.self_attn.k_proj.bias][A

Loading weights:  66%|██████▌   | 822/1247 [01:13<00:06, 66.46it/s, Materializing param=model.vision_tower.vision_model.encoder.layers.0.self_attn.k_proj.bias][A

Loading weights:  66%|██████▌   | 823/1247 [01:13<00:06, 66.46it/s, Materializing param=model.vision_tower.vision_model.encoder.layers.0.self_attn.k_proj.weight][A

Loading weights:  66%|██████▌   | 823/1247 [01:13<00:06, 66.46it/s, Materializing param=model.vision_tower.vision_model.encoder.layers.0.self_attn.k_proj.weight][A

Loading weights:  66%|██████▌   | 824/1247 [01:13<00:06, 66.46it/s, Materializing param=model.vision_tower.vision_model.encoder.layers.0.self_attn.out_proj.bias][A

Loading weights:  66%|██████▌   | 824/1247 [01:13<00:06, 66.46it/s, Materializing param=model.vision_tower.vision_model.encoder.layers.0.self_attn.out_proj.bias][A

Loading weights:  66%|██████▌   | 825/1247 [01:13<00:06, 66.46it/s, Materializing param=model.vision_tower.vision_model.encoder.layers.0.self_attn.out_proj.weight][A

Loading weights:  66%|██████▌   | 825/1247 [01:13<00:06, 66.46it/s, Materializing param=model.vision_tower.vision_model.encoder.layers.0.self_attn.out_proj.weight][A

Loading weights:  66%|██████▌   | 826/1247 [01:13<00:06, 66.46it/s, Materializing param=model.vision_tower.vision_model.encoder.layers.0.self_attn.q_proj.bias]    [A

Loading weights:  66%|██████▌   | 826/1247 [01:13<00:06, 66.46it/s, Materializing param=model.vision_tower.vision_model.encoder.layers.0.self_attn.q_proj.bias][A

Loading weights:  66%|██████▋   | 827/1247 [01:13<00:06, 66.46it/s, Materializing param=model.vision_tower.vision_model.encoder.layers.0.self_attn.q_proj.weight][A

Loading weights:  66%|██████▋   | 827/1247 [01:13<00:06, 66.46it/s, Materializing param=model.vision_tower.vision_model.encoder.layers.0.self_attn.q_proj.weight][A

Loading weights:  66%|██████▋   | 828/1247 [01:13<00:06, 66.46it/s, Materializing param=model.vision_tower.vision_model.encoder.layers.0.self_attn.v_proj.bias]  [A

Loading weights:  66%|██████▋   | 828/1247 [01:13<00:06, 66.46it/s, Materializing param=model.vision_tower.vision_model.encoder.layers.0.self_attn.v_proj.bias][A

Loading weights:  66%|██████▋   | 829/1247 [01:13<00:06, 66.46it/s, Materializing param=model.vision_tower.vision_model.encoder.layers.0.self_attn.v_proj.weight][A

Loading weights:  66%|██████▋   | 829/1247 [01:13<00:06, 66.46it/s, Materializing param=model.vision_tower.vision_model.encoder.layers.0.self_attn.v_proj.weight][A

Loading weights:  67%|██████▋   | 830/1247 [01:13<00:06, 66.46it/s, Materializing param=model.vision_tower.vision_model.encoder.layers.1.layer_norm1.bias]       [A

Loading weights:  67%|██████▋   | 830/1247 [01:13<00:06, 66.46it/s, Materializing param=model.vision_tower.vision_model.encoder.layers.1.layer_norm1.bias][A

Loading weights:  67%|██████▋   | 831/1247 [01:13<00:06, 66.46it/s, Materializing param=model.vision_tower.vision_model.encoder.layers.1.layer_norm1.weight][A

Loading weights:  67%|██████▋   | 831/1247 [01:13<00:06, 66.46it/s, Materializing param=model.vision_tower.vision_model.encoder.layers.1.layer_norm1.weight][A

Loading weights:  67%|██████▋   | 832/1247 [01:13<00:06, 66.46it/s, Materializing param=model.vision_tower.vision_model.encoder.layers.1.layer_norm2.bias]  [A

Loading weights:  67%|██████▋   | 832/1247 [01:13<00:06, 66.46it/s, Materializing param=model.vision_tower.vision_model.encoder.layers.1.layer_norm2.bias][A

Loading weights:  67%|██████▋   | 833/1247 [01:13<00:06, 66.46it/s, Materializing param=model.vision_tower.vision_model.encoder.layers.1.layer_norm2.weight][A

Loading weights:  67%|██████▋   | 833/1247 [01:13<00:06, 66.46it/s, Materializing param=model.vision_tower.vision_model.encoder.layers.1.layer_norm2.weight][A

Loading weights:  67%|██████▋   | 834/1247 [01:13<00:06, 66.46it/s, Materializing param=model.vision_tower.vision_model.encoder.layers.1.mlp.fc1.bias]      [A

Loading weights:  67%|██████▋   | 834/1247 [01:13<00:06, 66.46it/s, Materializing param=model.vision_tower.vision_model.encoder.layers.1.mlp.fc1.bias][A

Loading weights:  67%|██████▋   | 835/1247 [01:13<00:06, 66.46it/s, Materializing param=model.vision_tower.vision_model.encoder.layers.1.mlp.fc1.weight][A

Loading weights:  67%|██████▋   | 835/1247 [01:13<00:06, 66.46it/s, Materializing param=model.vision_tower.vision_model.encoder.layers.1.mlp.fc1.weight][A

Loading weights:  67%|██████▋   | 836/1247 [01:13<00:06, 66.46it/s, Materializing param=model.vision_tower.vision_model.encoder.layers.1.mlp.fc2.bias]  [A

Loading weights:  67%|██████▋   | 836/1247 [01:13<00:06, 66.46it/s, Materializing param=model.vision_tower.vision_model.encoder.layers.1.mlp.fc2.bias][A

Loading weights:  67%|██████▋   | 837/1247 [01:13<00:06, 66.46it/s, Materializing param=model.vision_tower.vision_model.encoder.layers.1.mlp.fc2.weight][A

Loading weights:  67%|██████▋   | 837/1247 [01:13<00:06, 66.46it/s, Materializing param=model.vision_tower.vision_model.encoder.layers.1.mlp.fc2.weight][A

Loading weights:  67%|██████▋   | 838/1247 [01:13<00:06, 66.46it/s, Materializing param=model.vision_tower.vision_model.encoder.layers.1.self_attn.k_proj.bias][A

Loading weights:  67%|██████▋   | 838/1247 [01:13<00:06, 66.46it/s, Materializing param=model.vision_tower.vision_model.encoder.layers.1.self_attn.k_proj.bias][A

Loading weights:  67%|██████▋   | 839/1247 [01:13<00:06, 66.46it/s, Materializing param=model.vision_tower.vision_model.encoder.layers.1.self_attn.k_proj.weight][A

Loading weights:  67%|██████▋   | 839/1247 [01:13<00:06, 66.46it/s, Materializing param=model.vision_tower.vision_model.encoder.layers.1.self_attn.k_proj.weight][A

Loading weights:  67%|██████▋   | 840/1247 [01:13<00:06, 66.46it/s, Materializing param=model.vision_tower.vision_model.encoder.layers.1.self_attn.out_proj.bias][A

Loading weights:  67%|██████▋   | 840/1247 [01:13<00:06, 66.46it/s, Materializing param=model.vision_tower.vision_model.encoder.layers.1.self_attn.out_proj.bias][A

Loading weights:  67%|██████▋   | 841/1247 [01:13<00:06, 66.46it/s, Materializing param=model.vision_tower.vision_model.encoder.layers.1.self_attn.out_proj.weight][A

Loading weights:  67%|██████▋   | 841/1247 [01:13<00:06, 66.46it/s, Materializing param=model.vision_tower.vision_model.encoder.layers.1.self_attn.out_proj.weight][A

Loading weights:  68%|██████▊   | 842/1247 [01:13<00:06, 66.46it/s, Materializing param=model.vision_tower.vision_model.encoder.layers.1.self_attn.q_proj.bias]    [A

Loading weights:  68%|██████▊   | 842/1247 [01:13<00:06, 66.46it/s, Materializing param=model.vision_tower.vision_model.encoder.layers.1.self_attn.q_proj.bias][A

Loading weights:  68%|██████▊   | 843/1247 [01:13<00:06, 66.46it/s, Materializing param=model.vision_tower.vision_model.encoder.layers.1.self_attn.q_proj.weight][A

Loading weights:  68%|██████▊   | 843/1247 [01:13<00:06, 66.46it/s, Materializing param=model.vision_tower.vision_model.encoder.layers.1.self_attn.q_proj.weight][A

Loading weights:  68%|██████▊   | 844/1247 [01:13<00:06, 66.46it/s, Materializing param=model.vision_tower.vision_model.encoder.layers.1.self_attn.v_proj.bias]  [A

Loading weights:  68%|██████▊   | 844/1247 [01:13<00:06, 66.46it/s, Materializing param=model.vision_tower.vision_model.encoder.layers.1.self_attn.v_proj.bias][A

Loading weights:  68%|██████▊   | 845/1247 [01:13<00:06, 66.46it/s, Materializing param=model.vision_tower.vision_model.encoder.layers.1.self_attn.v_proj.weight][A

Loading weights:  68%|██████▊   | 845/1247 [01:13<00:06, 66.46it/s, Materializing param=model.vision_tower.vision_model.encoder.layers.1.self_attn.v_proj.weight][A

Loading weights:  68%|██████▊   | 846/1247 [01:13<00:06, 66.46it/s, Materializing param=model.vision_tower.vision_model.encoder.layers.2.layer_norm1.bias]       [A

Loading weights:  68%|██████▊   | 846/1247 [01:13<00:06, 66.46it/s, Materializing param=model.vision_tower.vision_model.encoder.layers.2.layer_norm1.bias][A

Loading weights:  68%|██████▊   | 847/1247 [01:13<00:06, 66.46it/s, Materializing param=model.vision_tower.vision_model.encoder.layers.2.layer_norm1.weight][A

Loading weights:  68%|██████▊   | 847/1247 [01:13<00:06, 66.46it/s, Materializing param=model.vision_tower.vision_model.encoder.layers.2.layer_norm1.weight][A

Loading weights:  68%|██████▊   | 848/1247 [01:13<00:06, 66.46it/s, Materializing param=model.vision_tower.vision_model.encoder.layers.2.layer_norm2.bias]  [A

Loading weights:  68%|██████▊   | 848/1247 [01:13<00:06, 66.46it/s, Materializing param=model.vision_tower.vision_model.encoder.layers.2.layer_norm2.bias][A

Loading weights:  68%|██████▊   | 849/1247 [01:13<00:05, 66.46it/s, Materializing param=model.vision_tower.vision_model.encoder.layers.2.layer_norm2.weight][A

Loading weights:  68%|██████▊   | 849/1247 [01:13<00:05, 66.46it/s, Materializing param=model.vision_tower.vision_model.encoder.layers.2.layer_norm2.weight][A

Loading weights:  68%|██████▊   | 850/1247 [01:13<00:05, 66.46it/s, Materializing param=model.vision_tower.vision_model.encoder.layers.2.mlp.fc1.bias]      [A

Loading weights:  68%|██████▊   | 850/1247 [01:13<00:05, 66.46it/s, Materializing param=model.vision_tower.vision_model.encoder.layers.2.mlp.fc1.bias][A

Loading weights:  68%|██████▊   | 851/1247 [01:13<00:05, 66.46it/s, Materializing param=model.vision_tower.vision_model.encoder.layers.2.mlp.fc1.weight][A

Loading weights:  68%|██████▊   | 851/1247 [01:13<00:05, 66.46it/s, Materializing param=model.vision_tower.vision_model.encoder.layers.2.mlp.fc1.weight][A

Loading weights:  68%|██████▊   | 852/1247 [01:13<00:05, 66.46it/s, Materializing param=model.vision_tower.vision_model.encoder.layers.2.mlp.fc2.bias]  [A

Loading weights:  68%|██████▊   | 852/1247 [01:13<00:05, 66.46it/s, Materializing param=model.vision_tower.vision_model.encoder.layers.2.mlp.fc2.bias][A

Loading weights:  68%|██████▊   | 853/1247 [01:13<00:05, 66.46it/s, Materializing param=model.vision_tower.vision_model.encoder.layers.2.mlp.fc2.weight][A

Loading weights:  68%|██████▊   | 853/1247 [01:13<00:05, 66.46it/s, Materializing param=model.vision_tower.vision_model.encoder.layers.2.mlp.fc2.weight][A

Loading weights:  68%|██████▊   | 854/1247 [01:13<00:05, 66.46it/s, Materializing param=model.vision_tower.vision_model.encoder.layers.2.self_attn.k_proj.bias][A

Loading weights:  68%|██████▊   | 854/1247 [01:13<00:05, 66.46it/s, Materializing param=model.vision_tower.vision_model.encoder.layers.2.self_attn.k_proj.bias][A

Loading weights:  69%|██████▊   | 855/1247 [01:13<00:05, 66.46it/s, Materializing param=model.vision_tower.vision_model.encoder.layers.2.self_attn.k_proj.weight][A

Loading weights:  69%|██████▊   | 855/1247 [01:13<00:05, 66.46it/s, Materializing param=model.vision_tower.vision_model.encoder.layers.2.self_attn.k_proj.weight][A

Loading weights:  69%|██████▊   | 856/1247 [01:13<00:05, 66.46it/s, Materializing param=model.vision_tower.vision_model.encoder.layers.2.self_attn.out_proj.bias][A

Loading weights:  69%|██████▊   | 856/1247 [01:13<00:05, 66.46it/s, Materializing param=model.vision_tower.vision_model.encoder.layers.2.self_attn.out_proj.bias][A

Loading weights:  69%|██████▊   | 857/1247 [01:13<00:05, 66.46it/s, Materializing param=model.vision_tower.vision_model.encoder.layers.2.self_attn.out_proj.weight][A

Loading weights:  69%|██████▊   | 857/1247 [01:13<00:05, 66.46it/s, Materializing param=model.vision_tower.vision_model.encoder.layers.2.self_attn.out_proj.weight][A

Loading weights:  69%|██████▉   | 858/1247 [01:13<00:05, 66.46it/s, Materializing param=model.vision_tower.vision_model.encoder.layers.2.self_attn.q_proj.bias]    [A

Loading weights:  69%|██████▉   | 858/1247 [01:13<00:05, 66.46it/s, Materializing param=model.vision_tower.vision_model.encoder.layers.2.self_attn.q_proj.bias][A

Loading weights:  69%|██████▉   | 859/1247 [01:13<00:05, 66.46it/s, Materializing param=model.vision_tower.vision_model.encoder.layers.2.self_attn.q_proj.weight][A

Loading weights:  69%|██████▉   | 859/1247 [01:13<00:05, 66.46it/s, Materializing param=model.vision_tower.vision_model.encoder.layers.2.self_attn.q_proj.weight][A

Loading weights:  69%|██████▉   | 860/1247 [01:13<00:05, 66.46it/s, Materializing param=model.vision_tower.vision_model.encoder.layers.2.self_attn.v_proj.bias]  [A

Loading weights:  69%|██████▉   | 860/1247 [01:13<00:05, 66.46it/s, Materializing param=model.vision_tower.vision_model.encoder.layers.2.self_attn.v_proj.bias][A

Loading weights:  69%|██████▉   | 861/1247 [01:13<00:05, 66.46it/s, Materializing param=model.vision_tower.vision_model.encoder.layers.2.self_attn.v_proj.weight][A

Loading weights:  69%|██████▉   | 861/1247 [01:13<00:05, 66.46it/s, Materializing param=model.vision_tower.vision_model.encoder.layers.2.self_attn.v_proj.weight][A

Loading weights:  69%|██████▉   | 862/1247 [01:13<00:05, 66.46it/s, Materializing param=model.vision_tower.vision_model.encoder.layers.3.layer_norm1.bias]       [A

Loading weights:  69%|██████▉   | 862/1247 [01:13<00:05, 66.46it/s, Materializing param=model.vision_tower.vision_model.encoder.layers.3.layer_norm1.bias][A

Loading weights:  69%|██████▉   | 863/1247 [01:13<00:05, 66.46it/s, Materializing param=model.vision_tower.vision_model.encoder.layers.3.layer_norm1.weight][A

Loading weights:  69%|██████▉   | 863/1247 [01:13<00:05, 66.46it/s, Materializing param=model.vision_tower.vision_model.encoder.layers.3.layer_norm1.weight][A

Loading weights:  69%|██████▉   | 864/1247 [01:13<00:05, 66.46it/s, Materializing param=model.vision_tower.vision_model.encoder.layers.3.layer_norm2.bias]  [A

Loading weights:  69%|██████▉   | 864/1247 [01:13<00:05, 66.46it/s, Materializing param=model.vision_tower.vision_model.encoder.layers.3.layer_norm2.bias][A

Loading weights:  69%|██████▉   | 865/1247 [01:13<00:05, 66.46it/s, Materializing param=model.vision_tower.vision_model.encoder.layers.3.layer_norm2.weight][A

Loading weights:  69%|██████▉   | 865/1247 [01:13<00:05, 66.46it/s, Materializing param=model.vision_tower.vision_model.encoder.layers.3.layer_norm2.weight][A

Loading weights:  69%|██████▉   | 866/1247 [01:13<00:05, 66.46it/s, Materializing param=model.vision_tower.vision_model.encoder.layers.3.mlp.fc1.bias]      [A

Loading weights:  69%|██████▉   | 866/1247 [01:13<00:05, 66.46it/s, Materializing param=model.vision_tower.vision_model.encoder.layers.3.mlp.fc1.bias][A

Loading weights:  70%|██████▉   | 867/1247 [01:13<00:05, 66.46it/s, Materializing param=model.vision_tower.vision_model.encoder.layers.3.mlp.fc1.weight][A

Loading weights:  70%|██████▉   | 867/1247 [01:13<00:05, 66.46it/s, Materializing param=model.vision_tower.vision_model.encoder.layers.3.mlp.fc1.weight][A

Loading weights:  70%|██████▉   | 868/1247 [01:13<00:05, 66.46it/s, Materializing param=model.vision_tower.vision_model.encoder.layers.3.mlp.fc2.bias]  [A

Loading weights:  70%|██████▉   | 868/1247 [01:13<00:05, 66.46it/s, Materializing param=model.vision_tower.vision_model.encoder.layers.3.mlp.fc2.bias][A

Loading weights:  70%|██████▉   | 869/1247 [01:13<00:05, 66.46it/s, Materializing param=model.vision_tower.vision_model.encoder.layers.3.mlp.fc2.weight][A

Loading weights:  70%|██████▉   | 869/1247 [01:13<00:05, 66.46it/s, Materializing param=model.vision_tower.vision_model.encoder.layers.3.mlp.fc2.weight][A

Loading weights:  70%|██████▉   | 870/1247 [01:13<00:05, 66.46it/s, Materializing param=model.vision_tower.vision_model.encoder.layers.3.self_attn.k_proj.bias][A

Loading weights:  70%|██████▉   | 870/1247 [01:13<00:05, 66.46it/s, Materializing param=model.vision_tower.vision_model.encoder.layers.3.self_attn.k_proj.bias][A

Loading weights:  70%|██████▉   | 871/1247 [01:13<00:05, 66.46it/s, Materializing param=model.vision_tower.vision_model.encoder.layers.3.self_attn.k_proj.weight][A

Loading weights:  70%|██████▉   | 871/1247 [01:13<00:05, 66.46it/s, Materializing param=model.vision_tower.vision_model.encoder.layers.3.self_attn.k_proj.weight][A

Loading weights:  70%|██████▉   | 872/1247 [01:13<00:05, 66.46it/s, Materializing param=model.vision_tower.vision_model.encoder.layers.3.self_attn.out_proj.bias][A

Loading weights:  70%|██████▉   | 872/1247 [01:13<00:05, 66.46it/s, Materializing param=model.vision_tower.vision_model.encoder.layers.3.self_attn.out_proj.bias][A

Loading weights:  70%|███████   | 873/1247 [01:13<00:05, 66.46it/s, Materializing param=model.vision_tower.vision_model.encoder.layers.3.self_attn.out_proj.weight][A

Loading weights:  70%|███████   | 873/1247 [01:13<00:05, 66.46it/s, Materializing param=model.vision_tower.vision_model.encoder.layers.3.self_attn.out_proj.weight][A

Loading weights:  70%|███████   | 874/1247 [01:13<00:05, 66.46it/s, Materializing param=model.vision_tower.vision_model.encoder.layers.3.self_attn.q_proj.bias]    [A

Loading weights:  70%|███████   | 874/1247 [01:13<00:05, 66.46it/s, Materializing param=model.vision_tower.vision_model.encoder.layers.3.self_attn.q_proj.bias][A

Loading weights:  70%|███████   | 875/1247 [01:13<00:05, 66.46it/s, Materializing param=model.vision_tower.vision_model.encoder.layers.3.self_attn.q_proj.weight][A

Loading weights:  70%|███████   | 875/1247 [01:13<00:05, 66.46it/s, Materializing param=model.vision_tower.vision_model.encoder.layers.3.self_attn.q_proj.weight][A

Loading weights:  70%|███████   | 876/1247 [01:13<00:05, 66.46it/s, Materializing param=model.vision_tower.vision_model.encoder.layers.3.self_attn.v_proj.bias]  [A

Loading weights:  70%|███████   | 876/1247 [01:13<00:05, 66.46it/s, Materializing param=model.vision_tower.vision_model.encoder.layers.3.self_attn.v_proj.bias][A

Loading weights:  70%|███████   | 877/1247 [01:13<00:05, 66.46it/s, Materializing param=model.vision_tower.vision_model.encoder.layers.3.self_attn.v_proj.weight][A

Loading weights:  70%|███████   | 877/1247 [01:13<00:05, 66.46it/s, Materializing param=model.vision_tower.vision_model.encoder.layers.3.self_attn.v_proj.weight][A

Loading weights:  70%|███████   | 878/1247 [01:13<00:05, 66.46it/s, Materializing param=model.vision_tower.vision_model.encoder.layers.4.layer_norm1.bias]       [A

Loading weights:  70%|███████   | 878/1247 [01:13<00:05, 66.46it/s, Materializing param=model.vision_tower.vision_model.encoder.layers.4.layer_norm1.bias][A

Loading weights:  70%|███████   | 879/1247 [01:13<00:05, 66.46it/s, Materializing param=model.vision_tower.vision_model.encoder.layers.4.layer_norm1.weight][A

Loading weights:  70%|███████   | 879/1247 [01:13<00:05, 66.46it/s, Materializing param=model.vision_tower.vision_model.encoder.layers.4.layer_norm1.weight][A

Loading weights:  71%|███████   | 880/1247 [01:13<00:05, 66.46it/s, Materializing param=model.vision_tower.vision_model.encoder.layers.4.layer_norm2.bias]  [A

Loading weights:  71%|███████   | 880/1247 [01:13<00:05, 66.46it/s, Materializing param=model.vision_tower.vision_model.encoder.layers.4.layer_norm2.bias][A

Loading weights:  71%|███████   | 881/1247 [01:13<00:05, 66.46it/s, Materializing param=model.vision_tower.vision_model.encoder.layers.4.layer_norm2.weight][A

Loading weights:  71%|███████   | 881/1247 [01:13<00:05, 66.46it/s, Materializing param=model.vision_tower.vision_model.encoder.layers.4.layer_norm2.weight][A

Loading weights:  71%|███████   | 882/1247 [01:13<00:05, 66.46it/s, Materializing param=model.vision_tower.vision_model.encoder.layers.4.mlp.fc1.bias]      [A

Loading weights:  71%|███████   | 882/1247 [01:13<00:05, 66.46it/s, Materializing param=model.vision_tower.vision_model.encoder.layers.4.mlp.fc1.bias][A

Loading weights:  71%|███████   | 883/1247 [01:13<00:05, 66.46it/s, Materializing param=model.vision_tower.vision_model.encoder.layers.4.mlp.fc1.weight][A

Loading weights:  71%|███████   | 883/1247 [01:13<00:05, 66.46it/s, Materializing param=model.vision_tower.vision_model.encoder.layers.4.mlp.fc1.weight][A

Loading weights:  71%|███████   | 884/1247 [01:13<00:05, 66.46it/s, Materializing param=model.vision_tower.vision_model.encoder.layers.4.mlp.fc2.bias]  [A

Loading weights:  71%|███████   | 884/1247 [01:13<00:05, 66.46it/s, Materializing param=model.vision_tower.vision_model.encoder.layers.4.mlp.fc2.bias][A

Loading weights:  71%|███████   | 885/1247 [01:13<00:05, 66.46it/s, Materializing param=model.vision_tower.vision_model.encoder.layers.4.mlp.fc2.weight][A

Loading weights:  71%|███████   | 885/1247 [01:13<00:05, 66.46it/s, Materializing param=model.vision_tower.vision_model.encoder.layers.4.mlp.fc2.weight][A

Loading weights:  71%|███████   | 886/1247 [01:13<00:05, 66.46it/s, Materializing param=model.vision_tower.vision_model.encoder.layers.4.self_attn.k_proj.bias][A

Loading weights:  71%|███████   | 886/1247 [01:13<00:05, 66.46it/s, Materializing param=model.vision_tower.vision_model.encoder.layers.4.self_attn.k_proj.bias][A

Loading weights:  71%|███████   | 887/1247 [01:13<00:05, 66.46it/s, Materializing param=model.vision_tower.vision_model.encoder.layers.4.self_attn.k_proj.weight][A

Loading weights:  71%|███████   | 887/1247 [01:13<00:05, 66.46it/s, Materializing param=model.vision_tower.vision_model.encoder.layers.4.self_attn.k_proj.weight][A

Loading weights:  71%|███████   | 888/1247 [01:13<00:05, 66.46it/s, Materializing param=model.vision_tower.vision_model.encoder.layers.4.self_attn.out_proj.bias][A

Loading weights:  71%|███████   | 888/1247 [01:13<00:05, 66.46it/s, Materializing param=model.vision_tower.vision_model.encoder.layers.4.self_attn.out_proj.bias][A

Loading weights:  71%|███████▏  | 889/1247 [01:13<00:05, 66.46it/s, Materializing param=model.vision_tower.vision_model.encoder.layers.4.self_attn.out_proj.weight][A

Loading weights:  71%|███████▏  | 889/1247 [01:13<00:05, 66.46it/s, Materializing param=model.vision_tower.vision_model.encoder.layers.4.self_attn.out_proj.weight][A

Loading weights:  71%|███████▏  | 890/1247 [01:13<00:05, 66.46it/s, Materializing param=model.vision_tower.vision_model.encoder.layers.4.self_attn.q_proj.bias]    [A

Loading weights:  71%|███████▏  | 890/1247 [01:13<00:05, 66.46it/s, Materializing param=model.vision_tower.vision_model.encoder.layers.4.self_attn.q_proj.bias][A

Loading weights:  71%|███████▏  | 891/1247 [01:13<00:05, 66.46it/s, Materializing param=model.vision_tower.vision_model.encoder.layers.4.self_attn.q_proj.weight][A

Loading weights:  71%|███████▏  | 891/1247 [01:13<00:05, 66.46it/s, Materializing param=model.vision_tower.vision_model.encoder.layers.4.self_attn.q_proj.weight][A

Loading weights:  72%|███████▏  | 892/1247 [01:13<00:05, 66.46it/s, Materializing param=model.vision_tower.vision_model.encoder.layers.4.self_attn.v_proj.bias]  [A

Loading weights:  72%|███████▏  | 892/1247 [01:13<00:05, 66.46it/s, Materializing param=model.vision_tower.vision_model.encoder.layers.4.self_attn.v_proj.bias][A

Loading weights:  72%|███████▏  | 893/1247 [01:13<00:05, 66.46it/s, Materializing param=model.vision_tower.vision_model.encoder.layers.4.self_attn.v_proj.weight][A

Loading weights:  72%|███████▏  | 893/1247 [01:13<00:05, 66.46it/s, Materializing param=model.vision_tower.vision_model.encoder.layers.4.self_attn.v_proj.weight][A

Loading weights:  72%|███████▏  | 894/1247 [01:13<00:05, 66.46it/s, Materializing param=model.vision_tower.vision_model.encoder.layers.5.layer_norm1.bias]       [A

Loading weights:  72%|███████▏  | 894/1247 [01:13<00:05, 66.46it/s, Materializing param=model.vision_tower.vision_model.encoder.layers.5.layer_norm1.bias][A

Loading weights:  72%|███████▏  | 895/1247 [01:13<00:05, 66.46it/s, Materializing param=model.vision_tower.vision_model.encoder.layers.5.layer_norm1.weight][A

Loading weights:  72%|███████▏  | 895/1247 [01:13<00:05, 66.46it/s, Materializing param=model.vision_tower.vision_model.encoder.layers.5.layer_norm1.weight][A

Loading weights:  72%|███████▏  | 896/1247 [01:13<00:05, 66.46it/s, Materializing param=model.vision_tower.vision_model.encoder.layers.5.layer_norm2.bias]  [A

Loading weights:  72%|███████▏  | 896/1247 [01:13<00:05, 66.46it/s, Materializing param=model.vision_tower.vision_model.encoder.layers.5.layer_norm2.bias][A

Loading weights:  72%|███████▏  | 897/1247 [01:13<00:05, 66.46it/s, Materializing param=model.vision_tower.vision_model.encoder.layers.5.layer_norm2.weight][A

Loading weights:  72%|███████▏  | 897/1247 [01:13<00:05, 66.46it/s, Materializing param=model.vision_tower.vision_model.encoder.layers.5.layer_norm2.weight][A

Loading weights:  72%|███████▏  | 898/1247 [01:13<00:05, 66.46it/s, Materializing param=model.vision_tower.vision_model.encoder.layers.5.mlp.fc1.bias]      [A

Loading weights:  72%|███████▏  | 898/1247 [01:13<00:05, 66.46it/s, Materializing param=model.vision_tower.vision_model.encoder.layers.5.mlp.fc1.bias][A

Loading weights:  72%|███████▏  | 899/1247 [01:13<00:05, 66.46it/s, Materializing param=model.vision_tower.vision_model.encoder.layers.5.mlp.fc1.weight][A

Loading weights:  72%|███████▏  | 899/1247 [01:13<00:05, 66.46it/s, Materializing param=model.vision_tower.vision_model.encoder.layers.5.mlp.fc1.weight][A

Loading weights:  72%|███████▏  | 900/1247 [01:13<00:05, 66.46it/s, Materializing param=model.vision_tower.vision_model.encoder.layers.5.mlp.fc2.bias]  [A

Loading weights:  72%|███████▏  | 900/1247 [01:13<00:05, 66.46it/s, Materializing param=model.vision_tower.vision_model.encoder.layers.5.mlp.fc2.bias][A

Loading weights:  72%|███████▏  | 901/1247 [01:13<00:05, 66.46it/s, Materializing param=model.vision_tower.vision_model.encoder.layers.5.mlp.fc2.weight][A

Loading weights:  72%|███████▏  | 901/1247 [01:13<00:05, 66.46it/s, Materializing param=model.vision_tower.vision_model.encoder.layers.5.mlp.fc2.weight][A

Loading weights:  72%|███████▏  | 902/1247 [01:13<00:05, 66.46it/s, Materializing param=model.vision_tower.vision_model.encoder.layers.5.self_attn.k_proj.bias][A

Loading weights:  72%|███████▏  | 902/1247 [01:13<00:05, 66.46it/s, Materializing param=model.vision_tower.vision_model.encoder.layers.5.self_attn.k_proj.bias][A

Loading weights:  72%|███████▏  | 903/1247 [01:13<00:05, 66.46it/s, Materializing param=model.vision_tower.vision_model.encoder.layers.5.self_attn.k_proj.weight][A

Loading weights:  72%|███████▏  | 903/1247 [01:13<00:05, 66.46it/s, Materializing param=model.vision_tower.vision_model.encoder.layers.5.self_attn.k_proj.weight][A

Loading weights:  72%|███████▏  | 904/1247 [01:13<00:05, 66.46it/s, Materializing param=model.vision_tower.vision_model.encoder.layers.5.self_attn.out_proj.bias][A

Loading weights:  72%|███████▏  | 904/1247 [01:13<00:05, 66.46it/s, Materializing param=model.vision_tower.vision_model.encoder.layers.5.self_attn.out_proj.bias][A

Loading weights:  73%|███████▎  | 905/1247 [01:13<00:05, 66.46it/s, Materializing param=model.vision_tower.vision_model.encoder.layers.5.self_attn.out_proj.weight][A

Loading weights:  73%|███████▎  | 905/1247 [01:13<00:05, 66.46it/s, Materializing param=model.vision_tower.vision_model.encoder.layers.5.self_attn.out_proj.weight][A

Loading weights:  73%|███████▎  | 906/1247 [01:13<00:05, 66.46it/s, Materializing param=model.vision_tower.vision_model.encoder.layers.5.self_attn.q_proj.bias]    [A

Loading weights:  73%|███████▎  | 906/1247 [01:13<00:05, 66.46it/s, Materializing param=model.vision_tower.vision_model.encoder.layers.5.self_attn.q_proj.bias][A

Loading weights:  73%|███████▎  | 907/1247 [01:13<00:05, 66.46it/s, Materializing param=model.vision_tower.vision_model.encoder.layers.5.self_attn.q_proj.weight][A

Loading weights:  73%|███████▎  | 907/1247 [01:13<00:05, 66.46it/s, Materializing param=model.vision_tower.vision_model.encoder.layers.5.self_attn.q_proj.weight][A

Loading weights:  73%|███████▎  | 908/1247 [01:13<00:05, 66.46it/s, Materializing param=model.vision_tower.vision_model.encoder.layers.5.self_attn.v_proj.bias]  [A

Loading weights:  73%|███████▎  | 908/1247 [01:13<00:05, 66.46it/s, Materializing param=model.vision_tower.vision_model.encoder.layers.5.self_attn.v_proj.bias][A

Loading weights:  73%|███████▎  | 909/1247 [01:13<00:05, 66.46it/s, Materializing param=model.vision_tower.vision_model.encoder.layers.5.self_attn.v_proj.weight][A

Loading weights:  73%|███████▎  | 909/1247 [01:13<00:05, 66.46it/s, Materializing param=model.vision_tower.vision_model.encoder.layers.5.self_attn.v_proj.weight][A

Loading weights:  73%|███████▎  | 910/1247 [01:13<00:05, 66.46it/s, Materializing param=model.vision_tower.vision_model.encoder.layers.6.layer_norm1.bias]       [A

Loading weights:  73%|███████▎  | 910/1247 [01:13<00:05, 66.46it/s, Materializing param=model.vision_tower.vision_model.encoder.layers.6.layer_norm1.bias][A

Loading weights:  73%|███████▎  | 911/1247 [01:13<00:05, 66.46it/s, Materializing param=model.vision_tower.vision_model.encoder.layers.6.layer_norm1.weight][A

Loading weights:  73%|███████▎  | 911/1247 [01:13<00:05, 66.46it/s, Materializing param=model.vision_tower.vision_model.encoder.layers.6.layer_norm1.weight][A

Loading weights:  73%|███████▎  | 912/1247 [01:13<00:05, 66.46it/s, Materializing param=model.vision_tower.vision_model.encoder.layers.6.layer_norm2.bias]  [A

Loading weights:  73%|███████▎  | 912/1247 [01:13<00:05, 66.46it/s, Materializing param=model.vision_tower.vision_model.encoder.layers.6.layer_norm2.bias][A

Loading weights:  73%|███████▎  | 913/1247 [01:13<00:05, 66.46it/s, Materializing param=model.vision_tower.vision_model.encoder.layers.6.layer_norm2.weight][A

Loading weights:  73%|███████▎  | 913/1247 [01:13<00:05, 66.46it/s, Materializing param=model.vision_tower.vision_model.encoder.layers.6.layer_norm2.weight][A

Loading weights:  73%|███████▎  | 914/1247 [01:13<00:05, 66.46it/s, Materializing param=model.vision_tower.vision_model.encoder.layers.6.mlp.fc1.bias]      [A

Loading weights:  73%|███████▎  | 914/1247 [01:13<00:05, 66.46it/s, Materializing param=model.vision_tower.vision_model.encoder.layers.6.mlp.fc1.bias][A

Loading weights:  73%|███████▎  | 915/1247 [01:13<00:04, 66.46it/s, Materializing param=model.vision_tower.vision_model.encoder.layers.6.mlp.fc1.weight][A

Loading weights:  73%|███████▎  | 915/1247 [01:13<00:04, 66.46it/s, Materializing param=model.vision_tower.vision_model.encoder.layers.6.mlp.fc1.weight][A

Loading weights:  73%|███████▎  | 916/1247 [01:13<00:04, 66.46it/s, Materializing param=model.vision_tower.vision_model.encoder.layers.6.mlp.fc2.bias]  [A

Loading weights:  73%|███████▎  | 916/1247 [01:13<00:04, 66.46it/s, Materializing param=model.vision_tower.vision_model.encoder.layers.6.mlp.fc2.bias][A

Loading weights:  74%|███████▎  | 917/1247 [01:13<00:04, 66.46it/s, Materializing param=model.vision_tower.vision_model.encoder.layers.6.mlp.fc2.weight][A

Loading weights:  74%|███████▎  | 917/1247 [01:13<00:04, 66.46it/s, Materializing param=model.vision_tower.vision_model.encoder.layers.6.mlp.fc2.weight][A

Loading weights:  74%|███████▎  | 918/1247 [01:13<00:04, 66.46it/s, Materializing param=model.vision_tower.vision_model.encoder.layers.6.self_attn.k_proj.bias][A

Loading weights:  74%|███████▎  | 918/1247 [01:13<00:04, 66.46it/s, Materializing param=model.vision_tower.vision_model.encoder.layers.6.self_attn.k_proj.bias][A

Loading weights:  74%|███████▎  | 919/1247 [01:13<00:04, 66.46it/s, Materializing param=model.vision_tower.vision_model.encoder.layers.6.self_attn.k_proj.weight][A

Loading weights:  74%|███████▎  | 919/1247 [01:13<00:04, 66.46it/s, Materializing param=model.vision_tower.vision_model.encoder.layers.6.self_attn.k_proj.weight][A

Loading weights:  74%|███████▍  | 920/1247 [01:13<00:04, 66.46it/s, Materializing param=model.vision_tower.vision_model.encoder.layers.6.self_attn.out_proj.bias][A

Loading weights:  74%|███████▍  | 920/1247 [01:13<00:04, 66.46it/s, Materializing param=model.vision_tower.vision_model.encoder.layers.6.self_attn.out_proj.bias][A

Loading weights:  74%|███████▍  | 921/1247 [01:13<00:04, 66.46it/s, Materializing param=model.vision_tower.vision_model.encoder.layers.6.self_attn.out_proj.weight][A

Loading weights:  74%|███████▍  | 921/1247 [01:13<00:04, 66.46it/s, Materializing param=model.vision_tower.vision_model.encoder.layers.6.self_attn.out_proj.weight][A

Loading weights:  74%|███████▍  | 922/1247 [01:13<00:04, 66.46it/s, Materializing param=model.vision_tower.vision_model.encoder.layers.6.self_attn.q_proj.bias]    [A

Loading weights:  74%|███████▍  | 922/1247 [01:13<00:04, 66.46it/s, Materializing param=model.vision_tower.vision_model.encoder.layers.6.self_attn.q_proj.bias][A

Loading weights:  74%|███████▍  | 923/1247 [01:13<00:04, 66.46it/s, Materializing param=model.vision_tower.vision_model.encoder.layers.6.self_attn.q_proj.weight][A

Loading weights:  74%|███████▍  | 923/1247 [01:13<00:04, 66.46it/s, Materializing param=model.vision_tower.vision_model.encoder.layers.6.self_attn.q_proj.weight][A

Loading weights:  74%|███████▍  | 924/1247 [01:13<00:04, 66.46it/s, Materializing param=model.vision_tower.vision_model.encoder.layers.6.self_attn.v_proj.bias]  [A

Loading weights:  74%|███████▍  | 924/1247 [01:13<00:04, 66.46it/s, Materializing param=model.vision_tower.vision_model.encoder.layers.6.self_attn.v_proj.bias][A

Loading weights:  74%|███████▍  | 925/1247 [01:13<00:04, 66.46it/s, Materializing param=model.vision_tower.vision_model.encoder.layers.6.self_attn.v_proj.weight][A

Loading weights:  74%|███████▍  | 925/1247 [01:13<00:04, 66.46it/s, Materializing param=model.vision_tower.vision_model.encoder.layers.6.self_attn.v_proj.weight][A

Loading weights:  74%|███████▍  | 926/1247 [01:13<00:04, 66.46it/s, Materializing param=model.vision_tower.vision_model.encoder.layers.7.layer_norm1.bias]       [A

Loading weights:  74%|███████▍  | 926/1247 [01:13<00:04, 66.46it/s, Materializing param=model.vision_tower.vision_model.encoder.layers.7.layer_norm1.bias][A

Loading weights:  74%|███████▍  | 927/1247 [01:13<00:04, 66.46it/s, Materializing param=model.vision_tower.vision_model.encoder.layers.7.layer_norm1.weight][A

Loading weights:  74%|███████▍  | 927/1247 [01:13<00:04, 66.46it/s, Materializing param=model.vision_tower.vision_model.encoder.layers.7.layer_norm1.weight][A

Loading weights:  74%|███████▍  | 928/1247 [01:13<00:04, 66.46it/s, Materializing param=model.vision_tower.vision_model.encoder.layers.7.layer_norm2.bias]  [A

Loading weights:  74%|███████▍  | 928/1247 [01:13<00:04, 66.46it/s, Materializing param=model.vision_tower.vision_model.encoder.layers.7.layer_norm2.bias][A

Loading weights:  74%|███████▍  | 929/1247 [01:13<00:04, 66.46it/s, Materializing param=model.vision_tower.vision_model.encoder.layers.7.layer_norm2.weight][A

Loading weights:  74%|███████▍  | 929/1247 [01:13<00:04, 66.46it/s, Materializing param=model.vision_tower.vision_model.encoder.layers.7.layer_norm2.weight][A

Loading weights:  75%|███████▍  | 930/1247 [01:13<00:04, 66.46it/s, Materializing param=model.vision_tower.vision_model.encoder.layers.7.mlp.fc1.bias]      [A

Loading weights:  75%|███████▍  | 930/1247 [01:13<00:04, 66.46it/s, Materializing param=model.vision_tower.vision_model.encoder.layers.7.mlp.fc1.bias][A

Loading weights:  75%|███████▍  | 931/1247 [01:13<00:04, 66.46it/s, Materializing param=model.vision_tower.vision_model.encoder.layers.7.mlp.fc1.weight][A

Loading weights:  75%|███████▍  | 931/1247 [01:13<00:04, 66.46it/s, Materializing param=model.vision_tower.vision_model.encoder.layers.7.mlp.fc1.weight][A

Loading weights:  75%|███████▍  | 932/1247 [01:13<00:04, 66.46it/s, Materializing param=model.vision_tower.vision_model.encoder.layers.7.mlp.fc2.bias]  [A

Loading weights:  75%|███████▍  | 932/1247 [01:13<00:04, 66.46it/s, Materializing param=model.vision_tower.vision_model.encoder.layers.7.mlp.fc2.bias][A

Loading weights:  75%|███████▍  | 933/1247 [01:13<00:04, 66.46it/s, Materializing param=model.vision_tower.vision_model.encoder.layers.7.mlp.fc2.weight][A

Loading weights:  75%|███████▍  | 933/1247 [01:13<00:04, 66.46it/s, Materializing param=model.vision_tower.vision_model.encoder.layers.7.mlp.fc2.weight][A

Loading weights:  75%|███████▍  | 934/1247 [01:13<00:04, 66.46it/s, Materializing param=model.vision_tower.vision_model.encoder.layers.7.self_attn.k_proj.bias][A

Loading weights:  75%|███████▍  | 934/1247 [01:13<00:04, 66.46it/s, Materializing param=model.vision_tower.vision_model.encoder.layers.7.self_attn.k_proj.bias][A

Loading weights:  75%|███████▍  | 935/1247 [01:13<00:04, 66.46it/s, Materializing param=model.vision_tower.vision_model.encoder.layers.7.self_attn.k_proj.weight][A

Loading weights:  75%|███████▍  | 935/1247 [01:13<00:04, 66.46it/s, Materializing param=model.vision_tower.vision_model.encoder.layers.7.self_attn.k_proj.weight][A

Loading weights:  75%|███████▌  | 936/1247 [01:13<00:04, 66.46it/s, Materializing param=model.vision_tower.vision_model.encoder.layers.7.self_attn.out_proj.bias][A

Loading weights:  75%|███████▌  | 936/1247 [01:13<00:04, 66.46it/s, Materializing param=model.vision_tower.vision_model.encoder.layers.7.self_attn.out_proj.bias][A

Loading weights:  75%|███████▌  | 937/1247 [01:13<00:04, 66.46it/s, Materializing param=model.vision_tower.vision_model.encoder.layers.7.self_attn.out_proj.weight][A

Loading weights:  75%|███████▌  | 937/1247 [01:13<00:04, 66.46it/s, Materializing param=model.vision_tower.vision_model.encoder.layers.7.self_attn.out_proj.weight][A

Loading weights:  75%|███████▌  | 938/1247 [01:13<00:04, 66.46it/s, Materializing param=model.vision_tower.vision_model.encoder.layers.7.self_attn.q_proj.bias]    [A

Loading weights:  75%|███████▌  | 938/1247 [01:13<00:04, 66.46it/s, Materializing param=model.vision_tower.vision_model.encoder.layers.7.self_attn.q_proj.bias][A

Loading weights:  75%|███████▌  | 939/1247 [01:13<00:04, 66.46it/s, Materializing param=model.vision_tower.vision_model.encoder.layers.7.self_attn.q_proj.weight][A

Loading weights:  75%|███████▌  | 939/1247 [01:13<00:04, 66.46it/s, Materializing param=model.vision_tower.vision_model.encoder.layers.7.self_attn.q_proj.weight][A

Loading weights:  75%|███████▌  | 940/1247 [01:13<00:04, 66.46it/s, Materializing param=model.vision_tower.vision_model.encoder.layers.7.self_attn.v_proj.bias]  [A

Loading weights:  75%|███████▌  | 940/1247 [01:13<00:04, 66.46it/s, Materializing param=model.vision_tower.vision_model.encoder.layers.7.self_attn.v_proj.bias][A

Loading weights:  75%|███████▌  | 941/1247 [01:13<00:02, 131.00it/s, Materializing param=model.vision_tower.vision_model.encoder.layers.7.self_attn.v_proj.bias][A

Loading weights:  75%|███████▌  | 941/1247 [01:13<00:02, 131.00it/s, Materializing param=model.vision_tower.vision_model.encoder.layers.7.self_attn.v_proj.weight][A

Loading weights:  75%|███████▌  | 941/1247 [01:13<00:02, 131.00it/s, Materializing param=model.vision_tower.vision_model.encoder.layers.7.self_attn.v_proj.weight][A

Loading weights:  76%|███████▌  | 942/1247 [01:13<00:02, 131.00it/s, Materializing param=model.vision_tower.vision_model.encoder.layers.8.layer_norm1.bias]       [A

Loading weights:  76%|███████▌  | 942/1247 [01:13<00:02, 131.00it/s, Materializing param=model.vision_tower.vision_model.encoder.layers.8.layer_norm1.bias][A

Loading weights:  76%|███████▌  | 943/1247 [01:13<00:02, 131.00it/s, Materializing param=model.vision_tower.vision_model.encoder.layers.8.layer_norm1.weight][A

Loading weights:  76%|███████▌  | 943/1247 [01:13<00:02, 131.00it/s, Materializing param=model.vision_tower.vision_model.encoder.layers.8.layer_norm1.weight][A

Loading weights:  76%|███████▌  | 944/1247 [01:13<00:02, 131.00it/s, Materializing param=model.vision_tower.vision_model.encoder.layers.8.layer_norm2.bias]  [A

Loading weights:  76%|███████▌  | 944/1247 [01:13<00:02, 131.00it/s, Materializing param=model.vision_tower.vision_model.encoder.layers.8.layer_norm2.bias][A

Loading weights:  76%|███████▌  | 945/1247 [01:13<00:02, 131.00it/s, Materializing param=model.vision_tower.vision_model.encoder.layers.8.layer_norm2.weight][A

Loading weights:  76%|███████▌  | 945/1247 [01:13<00:02, 131.00it/s, Materializing param=model.vision_tower.vision_model.encoder.layers.8.layer_norm2.weight][A

Loading weights:  76%|███████▌  | 946/1247 [01:13<00:02, 131.00it/s, Materializing param=model.vision_tower.vision_model.encoder.layers.8.mlp.fc1.bias]      [A

Loading weights:  76%|███████▌  | 946/1247 [01:13<00:02, 131.00it/s, Materializing param=model.vision_tower.vision_model.encoder.layers.8.mlp.fc1.bias][A

Loading weights:  76%|███████▌  | 947/1247 [01:13<00:02, 131.00it/s, Materializing param=model.vision_tower.vision_model.encoder.layers.8.mlp.fc1.weight][A

Loading weights:  76%|███████▌  | 947/1247 [01:13<00:02, 131.00it/s, Materializing param=model.vision_tower.vision_model.encoder.layers.8.mlp.fc1.weight][A

Loading weights:  76%|███████▌  | 948/1247 [01:13<00:02, 131.00it/s, Materializing param=model.vision_tower.vision_model.encoder.layers.8.mlp.fc2.bias]  [A

Loading weights:  76%|███████▌  | 948/1247 [01:13<00:02, 131.00it/s, Materializing param=model.vision_tower.vision_model.encoder.layers.8.mlp.fc2.bias][A

Loading weights:  76%|███████▌  | 949/1247 [01:13<00:02, 131.00it/s, Materializing param=model.vision_tower.vision_model.encoder.layers.8.mlp.fc2.weight][A

Loading weights:  76%|███████▌  | 949/1247 [01:13<00:02, 131.00it/s, Materializing param=model.vision_tower.vision_model.encoder.layers.8.mlp.fc2.weight][A

Loading weights:  76%|███████▌  | 950/1247 [01:13<00:02, 131.00it/s, Materializing param=model.vision_tower.vision_model.encoder.layers.8.self_attn.k_proj.bias][A

Loading weights:  76%|███████▌  | 950/1247 [01:13<00:02, 131.00it/s, Materializing param=model.vision_tower.vision_model.encoder.layers.8.self_attn.k_proj.bias][A

Loading weights:  76%|███████▋  | 951/1247 [01:13<00:02, 131.00it/s, Materializing param=model.vision_tower.vision_model.encoder.layers.8.self_attn.k_proj.weight][A

Loading weights:  76%|███████▋  | 951/1247 [01:13<00:02, 131.00it/s, Materializing param=model.vision_tower.vision_model.encoder.layers.8.self_attn.k_proj.weight][A

Loading weights:  76%|███████▋  | 952/1247 [01:13<00:02, 131.00it/s, Materializing param=model.vision_tower.vision_model.encoder.layers.8.self_attn.out_proj.bias][A

Loading weights:  76%|███████▋  | 952/1247 [01:13<00:02, 131.00it/s, Materializing param=model.vision_tower.vision_model.encoder.layers.8.self_attn.out_proj.bias][A

Loading weights:  76%|███████▋  | 953/1247 [01:13<00:02, 131.00it/s, Materializing param=model.vision_tower.vision_model.encoder.layers.8.self_attn.out_proj.weight][A

Loading weights:  76%|███████▋  | 953/1247 [01:13<00:02, 131.00it/s, Materializing param=model.vision_tower.vision_model.encoder.layers.8.self_attn.out_proj.weight][A

Loading weights:  77%|███████▋  | 954/1247 [01:13<00:02, 131.00it/s, Materializing param=model.vision_tower.vision_model.encoder.layers.8.self_attn.q_proj.bias]    [A

Loading weights:  77%|███████▋  | 954/1247 [01:13<00:02, 131.00it/s, Materializing param=model.vision_tower.vision_model.encoder.layers.8.self_attn.q_proj.bias][A

Loading weights:  77%|███████▋  | 955/1247 [01:13<00:02, 131.00it/s, Materializing param=model.vision_tower.vision_model.encoder.layers.8.self_attn.q_proj.weight][A

Loading weights:  77%|███████▋  | 955/1247 [01:13<00:02, 131.00it/s, Materializing param=model.vision_tower.vision_model.encoder.layers.8.self_attn.q_proj.weight][A

Loading weights:  77%|███████▋  | 956/1247 [01:13<00:02, 131.00it/s, Materializing param=model.vision_tower.vision_model.encoder.layers.8.self_attn.v_proj.bias]  [A

Loading weights:  77%|███████▋  | 956/1247 [01:13<00:02, 131.00it/s, Materializing param=model.vision_tower.vision_model.encoder.layers.8.self_attn.v_proj.bias][A

Loading weights:  77%|███████▋  | 957/1247 [01:13<00:02, 131.00it/s, Materializing param=model.vision_tower.vision_model.encoder.layers.8.self_attn.v_proj.weight][A

Loading weights:  77%|███████▋  | 957/1247 [01:13<00:02, 131.00it/s, Materializing param=model.vision_tower.vision_model.encoder.layers.8.self_attn.v_proj.weight][A

Loading weights:  77%|███████▋  | 958/1247 [01:14<00:02, 131.00it/s, Materializing param=model.vision_tower.vision_model.encoder.layers.9.layer_norm1.bias]       [A

Loading weights:  77%|███████▋  | 958/1247 [01:14<00:02, 131.00it/s, Materializing param=model.vision_tower.vision_model.encoder.layers.9.layer_norm1.bias][A

Loading weights:  77%|███████▋  | 959/1247 [01:14<00:02, 131.00it/s, Materializing param=model.vision_tower.vision_model.encoder.layers.9.layer_norm1.weight][A

Loading weights:  77%|███████▋  | 959/1247 [01:14<00:02, 131.00it/s, Materializing param=model.vision_tower.vision_model.encoder.layers.9.layer_norm1.weight][A

Loading weights:  77%|███████▋  | 960/1247 [01:14<00:02, 131.00it/s, Materializing param=model.vision_tower.vision_model.encoder.layers.9.layer_norm2.bias]  [A

Loading weights:  77%|███████▋  | 960/1247 [01:14<00:02, 131.00it/s, Materializing param=model.vision_tower.vision_model.encoder.layers.9.layer_norm2.bias][A

Loading weights:  77%|███████▋  | 961/1247 [01:14<00:02, 131.00it/s, Materializing param=model.vision_tower.vision_model.encoder.layers.9.layer_norm2.weight][A

Loading weights:  77%|███████▋  | 961/1247 [01:14<00:02, 131.00it/s, Materializing param=model.vision_tower.vision_model.encoder.layers.9.layer_norm2.weight][A

Loading weights:  77%|███████▋  | 962/1247 [01:14<00:02, 131.00it/s, Materializing param=model.vision_tower.vision_model.encoder.layers.9.mlp.fc1.bias]      [A

Loading weights:  77%|███████▋  | 962/1247 [01:14<00:02, 131.00it/s, Materializing param=model.vision_tower.vision_model.encoder.layers.9.mlp.fc1.bias][A

Loading weights:  77%|███████▋  | 963/1247 [01:14<00:02, 131.00it/s, Materializing param=model.vision_tower.vision_model.encoder.layers.9.mlp.fc1.weight][A

Loading weights:  77%|███████▋  | 963/1247 [01:14<00:02, 131.00it/s, Materializing param=model.vision_tower.vision_model.encoder.layers.9.mlp.fc1.weight][A

Loading weights:  77%|███████▋  | 964/1247 [01:14<00:02, 131.00it/s, Materializing param=model.vision_tower.vision_model.encoder.layers.9.mlp.fc2.bias]  [A

Loading weights:  77%|███████▋  | 964/1247 [01:14<00:02, 131.00it/s, Materializing param=model.vision_tower.vision_model.encoder.layers.9.mlp.fc2.bias][A

Loading weights:  77%|███████▋  | 965/1247 [01:14<00:02, 131.00it/s, Materializing param=model.vision_tower.vision_model.encoder.layers.9.mlp.fc2.weight][A

Loading weights:  77%|███████▋  | 965/1247 [01:14<00:02, 131.00it/s, Materializing param=model.vision_tower.vision_model.encoder.layers.9.mlp.fc2.weight][A

Loading weights:  77%|███████▋  | 966/1247 [01:14<00:02, 131.00it/s, Materializing param=model.vision_tower.vision_model.encoder.layers.9.self_attn.k_proj.bias][A

Loading weights:  77%|███████▋  | 966/1247 [01:14<00:02, 131.00it/s, Materializing param=model.vision_tower.vision_model.encoder.layers.9.self_attn.k_proj.bias][A

Loading weights:  78%|███████▊  | 967/1247 [01:14<00:02, 131.00it/s, Materializing param=model.vision_tower.vision_model.encoder.layers.9.self_attn.k_proj.weight][A

Loading weights:  78%|███████▊  | 967/1247 [01:14<00:02, 131.00it/s, Materializing param=model.vision_tower.vision_model.encoder.layers.9.self_attn.k_proj.weight][A

Loading weights:  78%|███████▊  | 968/1247 [01:14<00:02, 131.00it/s, Materializing param=model.vision_tower.vision_model.encoder.layers.9.self_attn.out_proj.bias][A

Loading weights:  78%|███████▊  | 968/1247 [01:14<00:02, 131.00it/s, Materializing param=model.vision_tower.vision_model.encoder.layers.9.self_attn.out_proj.bias][A

Loading weights:  78%|███████▊  | 969/1247 [01:14<00:02, 131.00it/s, Materializing param=model.vision_tower.vision_model.encoder.layers.9.self_attn.out_proj.weight][A

Loading weights:  78%|███████▊  | 969/1247 [01:14<00:02, 131.00it/s, Materializing param=model.vision_tower.vision_model.encoder.layers.9.self_attn.out_proj.weight][A

Loading weights:  78%|███████▊  | 970/1247 [01:14<00:02, 131.00it/s, Materializing param=model.vision_tower.vision_model.encoder.layers.9.self_attn.q_proj.bias]    [A

Loading weights:  78%|███████▊  | 970/1247 [01:14<00:02, 131.00it/s, Materializing param=model.vision_tower.vision_model.encoder.layers.9.self_attn.q_proj.bias][A

Loading weights:  78%|███████▊  | 971/1247 [01:14<00:02, 131.00it/s, Materializing param=model.vision_tower.vision_model.encoder.layers.9.self_attn.q_proj.weight][A

Loading weights:  78%|███████▊  | 971/1247 [01:14<00:02, 131.00it/s, Materializing param=model.vision_tower.vision_model.encoder.layers.9.self_attn.q_proj.weight][A

Loading weights:  78%|███████▊  | 972/1247 [01:14<00:02, 131.00it/s, Materializing param=model.vision_tower.vision_model.encoder.layers.9.self_attn.v_proj.bias]  [A

Loading weights:  78%|███████▊  | 972/1247 [01:14<00:02, 131.00it/s, Materializing param=model.vision_tower.vision_model.encoder.layers.9.self_attn.v_proj.bias][A

Loading weights:  78%|███████▊  | 973/1247 [01:14<00:02, 131.00it/s, Materializing param=model.vision_tower.vision_model.encoder.layers.9.self_attn.v_proj.weight][A

Loading weights:  78%|███████▊  | 973/1247 [01:14<00:02, 131.00it/s, Materializing param=model.vision_tower.vision_model.encoder.layers.9.self_attn.v_proj.weight][A

Loading weights:  78%|███████▊  | 974/1247 [01:14<00:02, 131.00it/s, Materializing param=model.vision_tower.vision_model.encoder.layers.10.layer_norm1.bias]      [A

Loading weights:  78%|███████▊  | 974/1247 [01:14<00:02, 131.00it/s, Materializing param=model.vision_tower.vision_model.encoder.layers.10.layer_norm1.bias][A

Loading weights:  78%|███████▊  | 975/1247 [01:14<00:02, 131.00it/s, Materializing param=model.vision_tower.vision_model.encoder.layers.10.layer_norm1.weight][A

Loading weights:  78%|███████▊  | 975/1247 [01:14<00:02, 131.00it/s, Materializing param=model.vision_tower.vision_model.encoder.layers.10.layer_norm1.weight][A

Loading weights:  78%|███████▊  | 976/1247 [01:14<00:02, 131.00it/s, Materializing param=model.vision_tower.vision_model.encoder.layers.10.layer_norm2.bias]  [A

Loading weights:  78%|███████▊  | 976/1247 [01:14<00:02, 131.00it/s, Materializing param=model.vision_tower.vision_model.encoder.layers.10.layer_norm2.bias][A

Loading weights:  78%|███████▊  | 977/1247 [01:14<00:02, 131.00it/s, Materializing param=model.vision_tower.vision_model.encoder.layers.10.layer_norm2.weight][A

Loading weights:  78%|███████▊  | 977/1247 [01:14<00:02, 131.00it/s, Materializing param=model.vision_tower.vision_model.encoder.layers.10.layer_norm2.weight][A

Loading weights:  78%|███████▊  | 978/1247 [01:14<00:02, 131.00it/s, Materializing param=model.vision_tower.vision_model.encoder.layers.10.mlp.fc1.bias]      [A

Loading weights:  78%|███████▊  | 978/1247 [01:14<00:02, 131.00it/s, Materializing param=model.vision_tower.vision_model.encoder.layers.10.mlp.fc1.bias][A

Loading weights:  79%|███████▊  | 979/1247 [01:14<00:02, 131.00it/s, Materializing param=model.vision_tower.vision_model.encoder.layers.10.mlp.fc1.weight][A

Loading weights:  79%|███████▊  | 979/1247 [01:14<00:02, 131.00it/s, Materializing param=model.vision_tower.vision_model.encoder.layers.10.mlp.fc1.weight][A

Loading weights:  79%|███████▊  | 980/1247 [01:14<00:02, 131.00it/s, Materializing param=model.vision_tower.vision_model.encoder.layers.10.mlp.fc2.bias]  [A

Loading weights:  79%|███████▊  | 980/1247 [01:14<00:02, 131.00it/s, Materializing param=model.vision_tower.vision_model.encoder.layers.10.mlp.fc2.bias][A

Loading weights:  79%|███████▊  | 981/1247 [01:14<00:02, 131.00it/s, Materializing param=model.vision_tower.vision_model.encoder.layers.10.mlp.fc2.weight][A

Loading weights:  79%|███████▊  | 981/1247 [01:14<00:02, 131.00it/s, Materializing param=model.vision_tower.vision_model.encoder.layers.10.mlp.fc2.weight][A

Loading weights:  79%|███████▊  | 982/1247 [01:14<00:02, 131.00it/s, Materializing param=model.vision_tower.vision_model.encoder.layers.10.self_attn.k_proj.bias][A

Loading weights:  79%|███████▊  | 982/1247 [01:14<00:02, 131.00it/s, Materializing param=model.vision_tower.vision_model.encoder.layers.10.self_attn.k_proj.bias][A

Loading weights:  79%|███████▉  | 983/1247 [01:14<00:02, 131.00it/s, Materializing param=model.vision_tower.vision_model.encoder.layers.10.self_attn.k_proj.weight][A

Loading weights:  79%|███████▉  | 983/1247 [01:14<00:02, 131.00it/s, Materializing param=model.vision_tower.vision_model.encoder.layers.10.self_attn.k_proj.weight][A

Loading weights:  79%|███████▉  | 984/1247 [01:14<00:02, 131.00it/s, Materializing param=model.vision_tower.vision_model.encoder.layers.10.self_attn.out_proj.bias][A

Loading weights:  79%|███████▉  | 984/1247 [01:14<00:02, 131.00it/s, Materializing param=model.vision_tower.vision_model.encoder.layers.10.self_attn.out_proj.bias][A

Loading weights:  79%|███████▉  | 985/1247 [01:14<00:01, 131.00it/s, Materializing param=model.vision_tower.vision_model.encoder.layers.10.self_attn.out_proj.weight][A

Loading weights:  79%|███████▉  | 985/1247 [01:14<00:01, 131.00it/s, Materializing param=model.vision_tower.vision_model.encoder.layers.10.self_attn.out_proj.weight][A

Loading weights:  79%|███████▉  | 986/1247 [01:14<00:01, 131.00it/s, Materializing param=model.vision_tower.vision_model.encoder.layers.10.self_attn.q_proj.bias]    [A

Loading weights:  79%|███████▉  | 986/1247 [01:14<00:01, 131.00it/s, Materializing param=model.vision_tower.vision_model.encoder.layers.10.self_attn.q_proj.bias][A

Loading weights:  79%|███████▉  | 987/1247 [01:14<00:01, 131.00it/s, Materializing param=model.vision_tower.vision_model.encoder.layers.10.self_attn.q_proj.weight][A

Loading weights:  79%|███████▉  | 987/1247 [01:14<00:01, 131.00it/s, Materializing param=model.vision_tower.vision_model.encoder.layers.10.self_attn.q_proj.weight][A

Loading weights:  79%|███████▉  | 988/1247 [01:14<00:01, 131.00it/s, Materializing param=model.vision_tower.vision_model.encoder.layers.10.self_attn.v_proj.bias]  [A

Loading weights:  79%|███████▉  | 988/1247 [01:14<00:01, 131.00it/s, Materializing param=model.vision_tower.vision_model.encoder.layers.10.self_attn.v_proj.bias][A

Loading weights:  79%|███████▉  | 989/1247 [01:14<00:01, 131.00it/s, Materializing param=model.vision_tower.vision_model.encoder.layers.10.self_attn.v_proj.weight][A

Loading weights:  79%|███████▉  | 989/1247 [01:14<00:01, 131.00it/s, Materializing param=model.vision_tower.vision_model.encoder.layers.10.self_attn.v_proj.weight][A

Loading weights:  79%|███████▉  | 990/1247 [01:14<00:01, 131.00it/s, Materializing param=model.vision_tower.vision_model.encoder.layers.11.layer_norm1.bias]       [A

Loading weights:  79%|███████▉  | 990/1247 [01:14<00:01, 131.00it/s, Materializing param=model.vision_tower.vision_model.encoder.layers.11.layer_norm1.bias][A

Loading weights:  79%|███████▉  | 991/1247 [01:14<00:01, 131.00it/s, Materializing param=model.vision_tower.vision_model.encoder.layers.11.layer_norm1.weight][A

Loading weights:  79%|███████▉  | 991/1247 [01:14<00:01, 131.00it/s, Materializing param=model.vision_tower.vision_model.encoder.layers.11.layer_norm1.weight][A

Loading weights:  80%|███████▉  | 992/1247 [01:14<00:01, 131.00it/s, Materializing param=model.vision_tower.vision_model.encoder.layers.11.layer_norm2.bias]  [A

Loading weights:  80%|███████▉  | 992/1247 [01:14<00:01, 131.00it/s, Materializing param=model.vision_tower.vision_model.encoder.layers.11.layer_norm2.bias][A

Loading weights:  80%|███████▉  | 993/1247 [01:14<00:01, 131.00it/s, Materializing param=model.vision_tower.vision_model.encoder.layers.11.layer_norm2.weight][A

Loading weights:  80%|███████▉  | 993/1247 [01:14<00:01, 131.00it/s, Materializing param=model.vision_tower.vision_model.encoder.layers.11.layer_norm2.weight][A

Loading weights:  80%|███████▉  | 994/1247 [01:14<00:01, 131.00it/s, Materializing param=model.vision_tower.vision_model.encoder.layers.11.mlp.fc1.bias]      [A

Loading weights:  80%|███████▉  | 994/1247 [01:14<00:01, 131.00it/s, Materializing param=model.vision_tower.vision_model.encoder.layers.11.mlp.fc1.bias][A

Loading weights:  80%|███████▉  | 995/1247 [01:14<00:01, 131.00it/s, Materializing param=model.vision_tower.vision_model.encoder.layers.11.mlp.fc1.weight][A

Loading weights:  80%|███████▉  | 995/1247 [01:14<00:01, 131.00it/s, Materializing param=model.vision_tower.vision_model.encoder.layers.11.mlp.fc1.weight][A

Loading weights:  80%|███████▉  | 996/1247 [01:14<00:01, 131.00it/s, Materializing param=model.vision_tower.vision_model.encoder.layers.11.mlp.fc2.bias]  [A

Loading weights:  80%|███████▉  | 996/1247 [01:14<00:01, 131.00it/s, Materializing param=model.vision_tower.vision_model.encoder.layers.11.mlp.fc2.bias][A

Loading weights:  80%|███████▉  | 997/1247 [01:14<00:01, 131.00it/s, Materializing param=model.vision_tower.vision_model.encoder.layers.11.mlp.fc2.weight][A

Loading weights:  80%|███████▉  | 997/1247 [01:14<00:01, 131.00it/s, Materializing param=model.vision_tower.vision_model.encoder.layers.11.mlp.fc2.weight][A

Loading weights:  80%|████████  | 998/1247 [01:14<00:01, 131.00it/s, Materializing param=model.vision_tower.vision_model.encoder.layers.11.self_attn.k_proj.bias][A

Loading weights:  80%|████████  | 998/1247 [01:14<00:01, 131.00it/s, Materializing param=model.vision_tower.vision_model.encoder.layers.11.self_attn.k_proj.bias][A

Loading weights:  80%|████████  | 999/1247 [01:14<00:01, 131.00it/s, Materializing param=model.vision_tower.vision_model.encoder.layers.11.self_attn.k_proj.weight][A

Loading weights:  80%|████████  | 999/1247 [01:14<00:01, 131.00it/s, Materializing param=model.vision_tower.vision_model.encoder.layers.11.self_attn.k_proj.weight][A

Loading weights:  80%|████████  | 1000/1247 [01:14<00:01, 131.00it/s, Materializing param=model.vision_tower.vision_model.encoder.layers.11.self_attn.out_proj.bias][A

Loading weights:  80%|████████  | 1000/1247 [01:14<00:01, 131.00it/s, Materializing param=model.vision_tower.vision_model.encoder.layers.11.self_attn.out_proj.bias][A

Loading weights:  80%|████████  | 1001/1247 [01:14<00:01, 131.00it/s, Materializing param=model.vision_tower.vision_model.encoder.layers.11.self_attn.out_proj.weight][A

Loading weights:  80%|████████  | 1001/1247 [01:14<00:01, 131.00it/s, Materializing param=model.vision_tower.vision_model.encoder.layers.11.self_attn.out_proj.weight][A

Loading weights:  80%|████████  | 1002/1247 [01:14<00:01, 131.00it/s, Materializing param=model.vision_tower.vision_model.encoder.layers.11.self_attn.q_proj.bias]    [A

Loading weights:  80%|████████  | 1002/1247 [01:14<00:01, 131.00it/s, Materializing param=model.vision_tower.vision_model.encoder.layers.11.self_attn.q_proj.bias][A

Loading weights:  80%|████████  | 1003/1247 [01:14<00:01, 131.00it/s, Materializing param=model.vision_tower.vision_model.encoder.layers.11.self_attn.q_proj.weight][A

Loading weights:  80%|████████  | 1003/1247 [01:14<00:01, 131.00it/s, Materializing param=model.vision_tower.vision_model.encoder.layers.11.self_attn.q_proj.weight][A

Loading weights:  81%|████████  | 1004/1247 [01:14<00:01, 131.00it/s, Materializing param=model.vision_tower.vision_model.encoder.layers.11.self_attn.v_proj.bias]  [A

Loading weights:  81%|████████  | 1004/1247 [01:14<00:01, 131.00it/s, Materializing param=model.vision_tower.vision_model.encoder.layers.11.self_attn.v_proj.bias][A

Loading weights:  81%|████████  | 1005/1247 [01:14<00:01, 131.00it/s, Materializing param=model.vision_tower.vision_model.encoder.layers.11.self_attn.v_proj.weight][A

Loading weights:  81%|████████  | 1005/1247 [01:14<00:01, 131.00it/s, Materializing param=model.vision_tower.vision_model.encoder.layers.11.self_attn.v_proj.weight][A

Loading weights:  81%|████████  | 1006/1247 [01:14<00:01, 131.00it/s, Materializing param=model.vision_tower.vision_model.encoder.layers.12.layer_norm1.bias]       [A

Loading weights:  81%|████████  | 1006/1247 [01:14<00:01, 131.00it/s, Materializing param=model.vision_tower.vision_model.encoder.layers.12.layer_norm1.bias][A

Loading weights:  81%|████████  | 1007/1247 [01:14<00:01, 131.00it/s, Materializing param=model.vision_tower.vision_model.encoder.layers.12.layer_norm1.weight][A

Loading weights:  81%|████████  | 1007/1247 [01:14<00:01, 131.00it/s, Materializing param=model.vision_tower.vision_model.encoder.layers.12.layer_norm1.weight][A

Loading weights:  81%|████████  | 1008/1247 [01:14<00:01, 131.00it/s, Materializing param=model.vision_tower.vision_model.encoder.layers.12.layer_norm2.bias]  [A

Loading weights:  81%|████████  | 1008/1247 [01:14<00:01, 131.00it/s, Materializing param=model.vision_tower.vision_model.encoder.layers.12.layer_norm2.bias][A

Loading weights:  81%|████████  | 1009/1247 [01:14<00:01, 131.00it/s, Materializing param=model.vision_tower.vision_model.encoder.layers.12.layer_norm2.weight][A

Loading weights:  81%|████████  | 1009/1247 [01:14<00:01, 131.00it/s, Materializing param=model.vision_tower.vision_model.encoder.layers.12.layer_norm2.weight][A

Loading weights:  81%|████████  | 1010/1247 [01:14<00:01, 131.00it/s, Materializing param=model.vision_tower.vision_model.encoder.layers.12.mlp.fc1.bias]      [A

Loading weights:  81%|████████  | 1010/1247 [01:14<00:01, 131.00it/s, Materializing param=model.vision_tower.vision_model.encoder.layers.12.mlp.fc1.bias][A

Loading weights:  81%|████████  | 1011/1247 [01:14<00:01, 131.00it/s, Materializing param=model.vision_tower.vision_model.encoder.layers.12.mlp.fc1.weight][A

Loading weights:  81%|████████  | 1011/1247 [01:14<00:01, 131.00it/s, Materializing param=model.vision_tower.vision_model.encoder.layers.12.mlp.fc1.weight][A

Loading weights:  81%|████████  | 1012/1247 [01:14<00:01, 131.00it/s, Materializing param=model.vision_tower.vision_model.encoder.layers.12.mlp.fc2.bias]  [A

Loading weights:  81%|████████  | 1012/1247 [01:14<00:01, 131.00it/s, Materializing param=model.vision_tower.vision_model.encoder.layers.12.mlp.fc2.bias][A

Loading weights:  81%|████████  | 1013/1247 [01:14<00:01, 131.00it/s, Materializing param=model.vision_tower.vision_model.encoder.layers.12.mlp.fc2.weight][A

Loading weights:  81%|████████  | 1013/1247 [01:14<00:01, 131.00it/s, Materializing param=model.vision_tower.vision_model.encoder.layers.12.mlp.fc2.weight][A

Loading weights:  81%|████████▏ | 1014/1247 [01:14<00:01, 131.00it/s, Materializing param=model.vision_tower.vision_model.encoder.layers.12.self_attn.k_proj.bias][A

Loading weights:  81%|████████▏ | 1014/1247 [01:14<00:01, 131.00it/s, Materializing param=model.vision_tower.vision_model.encoder.layers.12.self_attn.k_proj.bias][A

Loading weights:  81%|████████▏ | 1015/1247 [01:14<00:01, 131.00it/s, Materializing param=model.vision_tower.vision_model.encoder.layers.12.self_attn.k_proj.weight][A

Loading weights:  81%|████████▏ | 1015/1247 [01:14<00:01, 131.00it/s, Materializing param=model.vision_tower.vision_model.encoder.layers.12.self_attn.k_proj.weight][A

Loading weights:  81%|████████▏ | 1016/1247 [01:14<00:01, 131.00it/s, Materializing param=model.vision_tower.vision_model.encoder.layers.12.self_attn.out_proj.bias][A

Loading weights:  81%|████████▏ | 1016/1247 [01:14<00:01, 131.00it/s, Materializing param=model.vision_tower.vision_model.encoder.layers.12.self_attn.out_proj.bias][A

Loading weights:  82%|████████▏ | 1017/1247 [01:14<00:01, 131.00it/s, Materializing param=model.vision_tower.vision_model.encoder.layers.12.self_attn.out_proj.weight][A

Loading weights:  82%|████████▏ | 1017/1247 [01:14<00:01, 131.00it/s, Materializing param=model.vision_tower.vision_model.encoder.layers.12.self_attn.out_proj.weight][A

Loading weights:  82%|████████▏ | 1018/1247 [01:14<00:01, 131.00it/s, Materializing param=model.vision_tower.vision_model.encoder.layers.12.self_attn.q_proj.bias]    [A

Loading weights:  82%|████████▏ | 1018/1247 [01:14<00:01, 131.00it/s, Materializing param=model.vision_tower.vision_model.encoder.layers.12.self_attn.q_proj.bias][A

Loading weights:  82%|████████▏ | 1019/1247 [01:14<00:01, 131.00it/s, Materializing param=model.vision_tower.vision_model.encoder.layers.12.self_attn.q_proj.weight][A

Loading weights:  82%|████████▏ | 1019/1247 [01:14<00:01, 131.00it/s, Materializing param=model.vision_tower.vision_model.encoder.layers.12.self_attn.q_proj.weight][A

Loading weights:  82%|████████▏ | 1020/1247 [01:14<00:01, 131.00it/s, Materializing param=model.vision_tower.vision_model.encoder.layers.12.self_attn.v_proj.bias]  [A

Loading weights:  82%|████████▏ | 1020/1247 [01:14<00:01, 131.00it/s, Materializing param=model.vision_tower.vision_model.encoder.layers.12.self_attn.v_proj.bias][A

Loading weights:  82%|████████▏ | 1021/1247 [01:14<00:01, 131.00it/s, Materializing param=model.vision_tower.vision_model.encoder.layers.12.self_attn.v_proj.weight][A

Loading weights:  82%|████████▏ | 1021/1247 [01:14<00:01, 131.00it/s, Materializing param=model.vision_tower.vision_model.encoder.layers.12.self_attn.v_proj.weight][A

Loading weights:  82%|████████▏ | 1022/1247 [01:14<00:01, 131.00it/s, Materializing param=model.vision_tower.vision_model.encoder.layers.13.layer_norm1.bias]       [A

Loading weights:  82%|████████▏ | 1022/1247 [01:14<00:01, 131.00it/s, Materializing param=model.vision_tower.vision_model.encoder.layers.13.layer_norm1.bias][A

Loading weights:  82%|████████▏ | 1023/1247 [01:14<00:01, 131.00it/s, Materializing param=model.vision_tower.vision_model.encoder.layers.13.layer_norm1.weight][A

Loading weights:  82%|████████▏ | 1023/1247 [01:14<00:01, 131.00it/s, Materializing param=model.vision_tower.vision_model.encoder.layers.13.layer_norm1.weight][A

Loading weights:  82%|████████▏ | 1024/1247 [01:14<00:01, 131.00it/s, Materializing param=model.vision_tower.vision_model.encoder.layers.13.layer_norm2.bias]  [A

Loading weights:  82%|████████▏ | 1024/1247 [01:14<00:01, 131.00it/s, Materializing param=model.vision_tower.vision_model.encoder.layers.13.layer_norm2.bias][A

Loading weights:  82%|████████▏ | 1025/1247 [01:14<00:01, 131.00it/s, Materializing param=model.vision_tower.vision_model.encoder.layers.13.layer_norm2.weight][A

Loading weights:  82%|████████▏ | 1025/1247 [01:14<00:01, 131.00it/s, Materializing param=model.vision_tower.vision_model.encoder.layers.13.layer_norm2.weight][A

Loading weights:  82%|████████▏ | 1026/1247 [01:14<00:01, 131.00it/s, Materializing param=model.vision_tower.vision_model.encoder.layers.13.mlp.fc1.bias]      [A

Loading weights:  82%|████████▏ | 1026/1247 [01:14<00:01, 131.00it/s, Materializing param=model.vision_tower.vision_model.encoder.layers.13.mlp.fc1.bias][A

Loading weights:  82%|████████▏ | 1027/1247 [01:14<00:01, 131.00it/s, Materializing param=model.vision_tower.vision_model.encoder.layers.13.mlp.fc1.weight][A

Loading weights:  82%|████████▏ | 1027/1247 [01:14<00:01, 131.00it/s, Materializing param=model.vision_tower.vision_model.encoder.layers.13.mlp.fc1.weight][A

Loading weights:  82%|████████▏ | 1028/1247 [01:14<00:01, 131.00it/s, Materializing param=model.vision_tower.vision_model.encoder.layers.13.mlp.fc2.bias]  [A

Loading weights:  82%|████████▏ | 1028/1247 [01:14<00:01, 131.00it/s, Materializing param=model.vision_tower.vision_model.encoder.layers.13.mlp.fc2.bias][A

Loading weights:  83%|████████▎ | 1029/1247 [01:14<00:01, 131.00it/s, Materializing param=model.vision_tower.vision_model.encoder.layers.13.mlp.fc2.weight][A

Loading weights:  83%|████████▎ | 1029/1247 [01:14<00:01, 131.00it/s, Materializing param=model.vision_tower.vision_model.encoder.layers.13.mlp.fc2.weight][A

Loading weights:  83%|████████▎ | 1030/1247 [01:14<00:01, 131.00it/s, Materializing param=model.vision_tower.vision_model.encoder.layers.13.self_attn.k_proj.bias][A

Loading weights:  83%|████████▎ | 1030/1247 [01:14<00:01, 131.00it/s, Materializing param=model.vision_tower.vision_model.encoder.layers.13.self_attn.k_proj.bias][A

Loading weights:  83%|████████▎ | 1031/1247 [01:14<00:01, 131.00it/s, Materializing param=model.vision_tower.vision_model.encoder.layers.13.self_attn.k_proj.weight][A

Loading weights:  83%|████████▎ | 1031/1247 [01:14<00:01, 131.00it/s, Materializing param=model.vision_tower.vision_model.encoder.layers.13.self_attn.k_proj.weight][A

Loading weights:  83%|████████▎ | 1032/1247 [01:14<00:01, 131.00it/s, Materializing param=model.vision_tower.vision_model.encoder.layers.13.self_attn.out_proj.bias][A

Loading weights:  83%|████████▎ | 1032/1247 [01:14<00:01, 131.00it/s, Materializing param=model.vision_tower.vision_model.encoder.layers.13.self_attn.out_proj.bias][A

Loading weights:  83%|████████▎ | 1033/1247 [01:14<00:01, 131.00it/s, Materializing param=model.vision_tower.vision_model.encoder.layers.13.self_attn.out_proj.weight][A

Loading weights:  83%|████████▎ | 1033/1247 [01:14<00:01, 131.00it/s, Materializing param=model.vision_tower.vision_model.encoder.layers.13.self_attn.out_proj.weight][A

Loading weights:  83%|████████▎ | 1034/1247 [01:14<00:01, 131.00it/s, Materializing param=model.vision_tower.vision_model.encoder.layers.13.self_attn.q_proj.bias]    [A

Loading weights:  83%|████████▎ | 1034/1247 [01:14<00:01, 131.00it/s, Materializing param=model.vision_tower.vision_model.encoder.layers.13.self_attn.q_proj.bias][A

Loading weights:  83%|████████▎ | 1035/1247 [01:14<00:01, 131.00it/s, Materializing param=model.vision_tower.vision_model.encoder.layers.13.self_attn.q_proj.weight][A

Loading weights:  83%|████████▎ | 1035/1247 [01:14<00:01, 131.00it/s, Materializing param=model.vision_tower.vision_model.encoder.layers.13.self_attn.q_proj.weight][A

Loading weights:  83%|████████▎ | 1036/1247 [01:14<00:01, 131.00it/s, Materializing param=model.vision_tower.vision_model.encoder.layers.13.self_attn.v_proj.bias]  [A

Loading weights:  83%|████████▎ | 1036/1247 [01:14<00:01, 131.00it/s, Materializing param=model.vision_tower.vision_model.encoder.layers.13.self_attn.v_proj.bias][A

Loading weights:  83%|████████▎ | 1037/1247 [01:14<00:01, 131.00it/s, Materializing param=model.vision_tower.vision_model.encoder.layers.13.self_attn.v_proj.weight][A

Loading weights:  83%|████████▎ | 1037/1247 [01:14<00:01, 131.00it/s, Materializing param=model.vision_tower.vision_model.encoder.layers.13.self_attn.v_proj.weight][A

Loading weights:  83%|████████▎ | 1038/1247 [01:14<00:01, 131.00it/s, Materializing param=model.vision_tower.vision_model.encoder.layers.14.layer_norm1.bias]       [A

Loading weights:  83%|████████▎ | 1038/1247 [01:14<00:01, 131.00it/s, Materializing param=model.vision_tower.vision_model.encoder.layers.14.layer_norm1.bias][A

Loading weights:  83%|████████▎ | 1039/1247 [01:14<00:01, 131.00it/s, Materializing param=model.vision_tower.vision_model.encoder.layers.14.layer_norm1.weight][A

Loading weights:  83%|████████▎ | 1039/1247 [01:14<00:01, 131.00it/s, Materializing param=model.vision_tower.vision_model.encoder.layers.14.layer_norm1.weight][A

Loading weights:  83%|████████▎ | 1040/1247 [01:14<00:01, 131.00it/s, Materializing param=model.vision_tower.vision_model.encoder.layers.14.layer_norm2.bias]  [A

Loading weights:  83%|████████▎ | 1040/1247 [01:14<00:01, 131.00it/s, Materializing param=model.vision_tower.vision_model.encoder.layers.14.layer_norm2.bias][A

Loading weights:  83%|████████▎ | 1041/1247 [01:14<00:01, 131.00it/s, Materializing param=model.vision_tower.vision_model.encoder.layers.14.layer_norm2.weight][A

Loading weights:  83%|████████▎ | 1041/1247 [01:14<00:01, 131.00it/s, Materializing param=model.vision_tower.vision_model.encoder.layers.14.layer_norm2.weight][A

Loading weights:  84%|████████▎ | 1042/1247 [01:14<00:01, 131.00it/s, Materializing param=model.vision_tower.vision_model.encoder.layers.14.mlp.fc1.bias]      [A

Loading weights:  84%|████████▎ | 1042/1247 [01:14<00:01, 131.00it/s, Materializing param=model.vision_tower.vision_model.encoder.layers.14.mlp.fc1.bias][A

Loading weights:  84%|████████▎ | 1043/1247 [01:14<00:01, 131.00it/s, Materializing param=model.vision_tower.vision_model.encoder.layers.14.mlp.fc1.weight][A

Loading weights:  84%|████████▎ | 1043/1247 [01:14<00:01, 131.00it/s, Materializing param=model.vision_tower.vision_model.encoder.layers.14.mlp.fc1.weight][A

Loading weights:  84%|████████▎ | 1044/1247 [01:14<00:01, 131.00it/s, Materializing param=model.vision_tower.vision_model.encoder.layers.14.mlp.fc2.bias]  [A

Loading weights:  84%|████████▎ | 1044/1247 [01:14<00:01, 131.00it/s, Materializing param=model.vision_tower.vision_model.encoder.layers.14.mlp.fc2.bias][A

Loading weights:  84%|████████▍ | 1045/1247 [01:14<00:01, 131.00it/s, Materializing param=model.vision_tower.vision_model.encoder.layers.14.mlp.fc2.weight][A

Loading weights:  84%|████████▍ | 1045/1247 [01:14<00:01, 131.00it/s, Materializing param=model.vision_tower.vision_model.encoder.layers.14.mlp.fc2.weight][A

Loading weights:  84%|████████▍ | 1046/1247 [01:14<00:01, 131.00it/s, Materializing param=model.vision_tower.vision_model.encoder.layers.14.self_attn.k_proj.bias][A

Loading weights:  84%|████████▍ | 1046/1247 [01:14<00:01, 131.00it/s, Materializing param=model.vision_tower.vision_model.encoder.layers.14.self_attn.k_proj.bias][A

Loading weights:  84%|████████▍ | 1047/1247 [01:14<00:01, 131.00it/s, Materializing param=model.vision_tower.vision_model.encoder.layers.14.self_attn.k_proj.weight][A

Loading weights:  84%|████████▍ | 1047/1247 [01:14<00:01, 131.00it/s, Materializing param=model.vision_tower.vision_model.encoder.layers.14.self_attn.k_proj.weight][A

Loading weights:  84%|████████▍ | 1048/1247 [01:14<00:01, 131.00it/s, Materializing param=model.vision_tower.vision_model.encoder.layers.14.self_attn.out_proj.bias][A

Loading weights:  84%|████████▍ | 1048/1247 [01:14<00:01, 131.00it/s, Materializing param=model.vision_tower.vision_model.encoder.layers.14.self_attn.out_proj.bias][A

Loading weights:  84%|████████▍ | 1049/1247 [01:14<00:01, 131.00it/s, Materializing param=model.vision_tower.vision_model.encoder.layers.14.self_attn.out_proj.weight][A

Loading weights:  84%|████████▍ | 1049/1247 [01:14<00:01, 131.00it/s, Materializing param=model.vision_tower.vision_model.encoder.layers.14.self_attn.out_proj.weight][A

Loading weights:  84%|████████▍ | 1050/1247 [01:14<00:01, 131.00it/s, Materializing param=model.vision_tower.vision_model.encoder.layers.14.self_attn.q_proj.bias]    [A

Loading weights:  84%|████████▍ | 1050/1247 [01:14<00:01, 131.00it/s, Materializing param=model.vision_tower.vision_model.encoder.layers.14.self_attn.q_proj.bias][A

Loading weights:  84%|████████▍ | 1051/1247 [01:14<00:01, 131.00it/s, Materializing param=model.vision_tower.vision_model.encoder.layers.14.self_attn.q_proj.weight][A

Loading weights:  84%|████████▍ | 1051/1247 [01:14<00:01, 131.00it/s, Materializing param=model.vision_tower.vision_model.encoder.layers.14.self_attn.q_proj.weight][A

Loading weights:  84%|████████▍ | 1052/1247 [01:14<00:01, 131.00it/s, Materializing param=model.vision_tower.vision_model.encoder.layers.14.self_attn.v_proj.bias]  [A

Loading weights:  84%|████████▍ | 1052/1247 [01:14<00:01, 131.00it/s, Materializing param=model.vision_tower.vision_model.encoder.layers.14.self_attn.v_proj.bias][A

Loading weights:  84%|████████▍ | 1053/1247 [01:14<00:01, 131.00it/s, Materializing param=model.vision_tower.vision_model.encoder.layers.14.self_attn.v_proj.weight][A

Loading weights:  84%|████████▍ | 1053/1247 [01:14<00:01, 131.00it/s, Materializing param=model.vision_tower.vision_model.encoder.layers.14.self_attn.v_proj.weight][A

Loading weights:  85%|████████▍ | 1054/1247 [01:14<00:01, 131.00it/s, Materializing param=model.vision_tower.vision_model.encoder.layers.15.layer_norm1.bias]       [A

Loading weights:  85%|████████▍ | 1054/1247 [01:14<00:01, 131.00it/s, Materializing param=model.vision_tower.vision_model.encoder.layers.15.layer_norm1.bias][A

Loading weights:  85%|████████▍ | 1055/1247 [01:14<00:01, 131.00it/s, Materializing param=model.vision_tower.vision_model.encoder.layers.15.layer_norm1.weight][A

Loading weights:  85%|████████▍ | 1055/1247 [01:14<00:01, 131.00it/s, Materializing param=model.vision_tower.vision_model.encoder.layers.15.layer_norm1.weight][A

Loading weights:  85%|████████▍ | 1056/1247 [01:14<00:01, 131.00it/s, Materializing param=model.vision_tower.vision_model.encoder.layers.15.layer_norm2.bias]  [A

Loading weights:  85%|████████▍ | 1056/1247 [01:14<00:01, 131.00it/s, Materializing param=model.vision_tower.vision_model.encoder.layers.15.layer_norm2.bias][A

Loading weights:  85%|████████▍ | 1057/1247 [01:14<00:01, 131.00it/s, Materializing param=model.vision_tower.vision_model.encoder.layers.15.layer_norm2.weight][A

Loading weights:  85%|████████▍ | 1057/1247 [01:14<00:01, 131.00it/s, Materializing param=model.vision_tower.vision_model.encoder.layers.15.layer_norm2.weight][A

Loading weights:  85%|████████▍ | 1058/1247 [01:14<00:01, 131.00it/s, Materializing param=model.vision_tower.vision_model.encoder.layers.15.mlp.fc1.bias]      [A

Loading weights:  85%|████████▍ | 1058/1247 [01:14<00:01, 131.00it/s, Materializing param=model.vision_tower.vision_model.encoder.layers.15.mlp.fc1.bias][A

Loading weights:  85%|████████▍ | 1059/1247 [01:14<00:01, 131.00it/s, Materializing param=model.vision_tower.vision_model.encoder.layers.15.mlp.fc1.weight][A

Loading weights:  85%|████████▍ | 1059/1247 [01:14<00:01, 131.00it/s, Materializing param=model.vision_tower.vision_model.encoder.layers.15.mlp.fc1.weight][A

Loading weights:  85%|████████▌ | 1060/1247 [01:14<00:01, 131.00it/s, Materializing param=model.vision_tower.vision_model.encoder.layers.15.mlp.fc2.bias]  [A

Loading weights:  85%|████████▌ | 1060/1247 [01:14<00:01, 131.00it/s, Materializing param=model.vision_tower.vision_model.encoder.layers.15.mlp.fc2.bias][A

Loading weights:  85%|████████▌ | 1061/1247 [01:14<00:01, 131.00it/s, Materializing param=model.vision_tower.vision_model.encoder.layers.15.mlp.fc2.weight][A

Loading weights:  85%|████████▌ | 1061/1247 [01:14<00:01, 131.00it/s, Materializing param=model.vision_tower.vision_model.encoder.layers.15.mlp.fc2.weight][A

Loading weights:  85%|████████▌ | 1062/1247 [01:14<00:01, 131.00it/s, Materializing param=model.vision_tower.vision_model.encoder.layers.15.self_attn.k_proj.bias][A

Loading weights:  85%|████████▌ | 1062/1247 [01:14<00:01, 131.00it/s, Materializing param=model.vision_tower.vision_model.encoder.layers.15.self_attn.k_proj.bias][A

Loading weights:  85%|████████▌ | 1063/1247 [01:14<00:01, 131.00it/s, Materializing param=model.vision_tower.vision_model.encoder.layers.15.self_attn.k_proj.weight][A

Loading weights:  85%|████████▌ | 1063/1247 [01:14<00:01, 131.00it/s, Materializing param=model.vision_tower.vision_model.encoder.layers.15.self_attn.k_proj.weight][A

Loading weights:  85%|████████▌ | 1064/1247 [01:14<00:01, 131.00it/s, Materializing param=model.vision_tower.vision_model.encoder.layers.15.self_attn.out_proj.bias][A

Loading weights:  85%|████████▌ | 1064/1247 [01:14<00:01, 131.00it/s, Materializing param=model.vision_tower.vision_model.encoder.layers.15.self_attn.out_proj.bias][A

Loading weights:  85%|████████▌ | 1065/1247 [01:14<00:01, 131.00it/s, Materializing param=model.vision_tower.vision_model.encoder.layers.15.self_attn.out_proj.weight][A

Loading weights:  85%|████████▌ | 1065/1247 [01:14<00:01, 131.00it/s, Materializing param=model.vision_tower.vision_model.encoder.layers.15.self_attn.out_proj.weight][A

Loading weights:  85%|████████▌ | 1066/1247 [01:14<00:01, 131.00it/s, Materializing param=model.vision_tower.vision_model.encoder.layers.15.self_attn.q_proj.bias]    [A

Loading weights:  85%|████████▌ | 1066/1247 [01:14<00:01, 131.00it/s, Materializing param=model.vision_tower.vision_model.encoder.layers.15.self_attn.q_proj.bias][A

Loading weights:  86%|████████▌ | 1067/1247 [01:14<00:01, 131.00it/s, Materializing param=model.vision_tower.vision_model.encoder.layers.15.self_attn.q_proj.weight][A

Loading weights:  86%|████████▌ | 1067/1247 [01:14<00:01, 131.00it/s, Materializing param=model.vision_tower.vision_model.encoder.layers.15.self_attn.q_proj.weight][A

Loading weights:  86%|████████▌ | 1068/1247 [01:14<00:01, 131.00it/s, Materializing param=model.vision_tower.vision_model.encoder.layers.15.self_attn.v_proj.bias]  [A

Loading weights:  86%|████████▌ | 1068/1247 [01:14<00:01, 131.00it/s, Materializing param=model.vision_tower.vision_model.encoder.layers.15.self_attn.v_proj.bias][A

Loading weights:  86%|████████▌ | 1069/1247 [01:14<00:01, 131.00it/s, Materializing param=model.vision_tower.vision_model.encoder.layers.15.self_attn.v_proj.weight][A

Loading weights:  86%|████████▌ | 1069/1247 [01:14<00:01, 131.00it/s, Materializing param=model.vision_tower.vision_model.encoder.layers.15.self_attn.v_proj.weight][A

Loading weights:  86%|████████▌ | 1070/1247 [01:14<00:01, 131.00it/s, Materializing param=model.vision_tower.vision_model.encoder.layers.16.layer_norm1.bias]       [A

Loading weights:  86%|████████▌ | 1070/1247 [01:14<00:01, 131.00it/s, Materializing param=model.vision_tower.vision_model.encoder.layers.16.layer_norm1.bias][A

Loading weights:  86%|████████▌ | 1071/1247 [01:14<00:01, 131.00it/s, Materializing param=model.vision_tower.vision_model.encoder.layers.16.layer_norm1.weight][A

Loading weights:  86%|████████▌ | 1071/1247 [01:14<00:01, 131.00it/s, Materializing param=model.vision_tower.vision_model.encoder.layers.16.layer_norm1.weight][A

Loading weights:  86%|████████▌ | 1072/1247 [01:14<00:01, 131.00it/s, Materializing param=model.vision_tower.vision_model.encoder.layers.16.layer_norm2.bias]  [A

Loading weights:  86%|████████▌ | 1072/1247 [01:14<00:01, 131.00it/s, Materializing param=model.vision_tower.vision_model.encoder.layers.16.layer_norm2.bias][A

Loading weights:  86%|████████▌ | 1073/1247 [01:14<00:01, 131.00it/s, Materializing param=model.vision_tower.vision_model.encoder.layers.16.layer_norm2.weight][A

Loading weights:  86%|████████▌ | 1073/1247 [01:14<00:01, 131.00it/s, Materializing param=model.vision_tower.vision_model.encoder.layers.16.layer_norm2.weight][A

Loading weights:  86%|████████▌ | 1074/1247 [01:14<00:01, 131.00it/s, Materializing param=model.vision_tower.vision_model.encoder.layers.16.mlp.fc1.bias]      [A

Loading weights:  86%|████████▌ | 1074/1247 [01:14<00:01, 131.00it/s, Materializing param=model.vision_tower.vision_model.encoder.layers.16.mlp.fc1.bias][A

Loading weights:  86%|████████▌ | 1075/1247 [01:14<00:01, 131.00it/s, Materializing param=model.vision_tower.vision_model.encoder.layers.16.mlp.fc1.weight][A

Loading weights:  86%|████████▌ | 1075/1247 [01:14<00:01, 131.00it/s, Materializing param=model.vision_tower.vision_model.encoder.layers.16.mlp.fc1.weight][A

Loading weights:  86%|████████▋ | 1076/1247 [01:14<00:01, 131.00it/s, Materializing param=model.vision_tower.vision_model.encoder.layers.16.mlp.fc2.bias]  [A

Loading weights:  86%|████████▋ | 1076/1247 [01:14<00:01, 131.00it/s, Materializing param=model.vision_tower.vision_model.encoder.layers.16.mlp.fc2.bias][A

Loading weights:  86%|████████▋ | 1077/1247 [01:14<00:01, 131.00it/s, Materializing param=model.vision_tower.vision_model.encoder.layers.16.mlp.fc2.weight][A

Loading weights:  86%|████████▋ | 1077/1247 [01:14<00:01, 131.00it/s, Materializing param=model.vision_tower.vision_model.encoder.layers.16.mlp.fc2.weight][A

Loading weights:  86%|████████▋ | 1078/1247 [01:14<00:01, 131.00it/s, Materializing param=model.vision_tower.vision_model.encoder.layers.16.self_attn.k_proj.bias][A

Loading weights:  86%|████████▋ | 1078/1247 [01:14<00:01, 131.00it/s, Materializing param=model.vision_tower.vision_model.encoder.layers.16.self_attn.k_proj.bias][A

Loading weights:  87%|████████▋ | 1079/1247 [01:14<00:01, 131.00it/s, Materializing param=model.vision_tower.vision_model.encoder.layers.16.self_attn.k_proj.weight][A

Loading weights:  87%|████████▋ | 1079/1247 [01:14<00:01, 131.00it/s, Materializing param=model.vision_tower.vision_model.encoder.layers.16.self_attn.k_proj.weight][A

Loading weights:  87%|████████▋ | 1080/1247 [01:14<00:01, 131.00it/s, Materializing param=model.vision_tower.vision_model.encoder.layers.16.self_attn.out_proj.bias][A

Loading weights:  87%|████████▋ | 1080/1247 [01:14<00:01, 131.00it/s, Materializing param=model.vision_tower.vision_model.encoder.layers.16.self_attn.out_proj.bias][A

Loading weights:  87%|████████▋ | 1081/1247 [01:14<00:01, 131.00it/s, Materializing param=model.vision_tower.vision_model.encoder.layers.16.self_attn.out_proj.weight][A

Loading weights:  87%|████████▋ | 1081/1247 [01:14<00:01, 131.00it/s, Materializing param=model.vision_tower.vision_model.encoder.layers.16.self_attn.out_proj.weight][A

Loading weights:  87%|████████▋ | 1082/1247 [01:14<00:01, 131.00it/s, Materializing param=model.vision_tower.vision_model.encoder.layers.16.self_attn.q_proj.bias]    [A

Loading weights:  87%|████████▋ | 1082/1247 [01:14<00:01, 131.00it/s, Materializing param=model.vision_tower.vision_model.encoder.layers.16.self_attn.q_proj.bias][A

Loading weights:  87%|████████▋ | 1083/1247 [01:14<00:01, 131.00it/s, Materializing param=model.vision_tower.vision_model.encoder.layers.16.self_attn.q_proj.weight][A

Loading weights:  87%|████████▋ | 1083/1247 [01:14<00:01, 131.00it/s, Materializing param=model.vision_tower.vision_model.encoder.layers.16.self_attn.q_proj.weight][A

Loading weights:  87%|████████▋ | 1084/1247 [01:14<00:01, 131.00it/s, Materializing param=model.vision_tower.vision_model.encoder.layers.16.self_attn.v_proj.bias]  [A

Loading weights:  87%|████████▋ | 1084/1247 [01:14<00:01, 131.00it/s, Materializing param=model.vision_tower.vision_model.encoder.layers.16.self_attn.v_proj.bias][A

Loading weights:  87%|████████▋ | 1085/1247 [01:14<00:01, 131.00it/s, Materializing param=model.vision_tower.vision_model.encoder.layers.16.self_attn.v_proj.weight][A

Loading weights:  87%|████████▋ | 1085/1247 [01:14<00:01, 131.00it/s, Materializing param=model.vision_tower.vision_model.encoder.layers.16.self_attn.v_proj.weight][A

Loading weights:  87%|████████▋ | 1086/1247 [01:14<00:01, 131.00it/s, Materializing param=model.vision_tower.vision_model.encoder.layers.17.layer_norm1.bias]       [A

Loading weights:  87%|████████▋ | 1086/1247 [01:14<00:01, 131.00it/s, Materializing param=model.vision_tower.vision_model.encoder.layers.17.layer_norm1.bias][A

Loading weights:  87%|████████▋ | 1087/1247 [01:14<00:01, 131.00it/s, Materializing param=model.vision_tower.vision_model.encoder.layers.17.layer_norm1.weight][A

Loading weights:  87%|████████▋ | 1087/1247 [01:14<00:01, 131.00it/s, Materializing param=model.vision_tower.vision_model.encoder.layers.17.layer_norm1.weight][A

Loading weights:  87%|████████▋ | 1088/1247 [01:14<00:01, 131.00it/s, Materializing param=model.vision_tower.vision_model.encoder.layers.17.layer_norm2.bias]  [A

Loading weights:  87%|████████▋ | 1088/1247 [01:14<00:01, 131.00it/s, Materializing param=model.vision_tower.vision_model.encoder.layers.17.layer_norm2.bias][A

Loading weights:  87%|████████▋ | 1089/1247 [01:14<00:01, 131.00it/s, Materializing param=model.vision_tower.vision_model.encoder.layers.17.layer_norm2.weight][A

Loading weights:  87%|████████▋ | 1089/1247 [01:14<00:01, 131.00it/s, Materializing param=model.vision_tower.vision_model.encoder.layers.17.layer_norm2.weight][A

Loading weights:  87%|████████▋ | 1090/1247 [01:14<00:01, 131.00it/s, Materializing param=model.vision_tower.vision_model.encoder.layers.17.mlp.fc1.bias]      [A

Loading weights:  87%|████████▋ | 1090/1247 [01:14<00:01, 131.00it/s, Materializing param=model.vision_tower.vision_model.encoder.layers.17.mlp.fc1.bias][A

Loading weights:  87%|████████▋ | 1091/1247 [01:14<00:01, 131.00it/s, Materializing param=model.vision_tower.vision_model.encoder.layers.17.mlp.fc1.weight][A

Loading weights:  87%|████████▋ | 1091/1247 [01:14<00:01, 131.00it/s, Materializing param=model.vision_tower.vision_model.encoder.layers.17.mlp.fc1.weight][A

Loading weights:  88%|████████▊ | 1092/1247 [01:14<00:01, 131.00it/s, Materializing param=model.vision_tower.vision_model.encoder.layers.17.mlp.fc2.bias]  [A

Loading weights:  88%|████████▊ | 1092/1247 [01:14<00:01, 131.00it/s, Materializing param=model.vision_tower.vision_model.encoder.layers.17.mlp.fc2.bias][A

Loading weights:  88%|████████▊ | 1093/1247 [01:14<00:01, 131.00it/s, Materializing param=model.vision_tower.vision_model.encoder.layers.17.mlp.fc2.weight][A

Loading weights:  88%|████████▊ | 1093/1247 [01:14<00:01, 131.00it/s, Materializing param=model.vision_tower.vision_model.encoder.layers.17.mlp.fc2.weight][A

Loading weights:  88%|████████▊ | 1094/1247 [01:14<00:01, 131.00it/s, Materializing param=model.vision_tower.vision_model.encoder.layers.17.self_attn.k_proj.bias][A

Loading weights:  88%|████████▊ | 1094/1247 [01:14<00:01, 131.00it/s, Materializing param=model.vision_tower.vision_model.encoder.layers.17.self_attn.k_proj.bias][A

Loading weights:  88%|████████▊ | 1095/1247 [01:14<00:01, 131.00it/s, Materializing param=model.vision_tower.vision_model.encoder.layers.17.self_attn.k_proj.weight][A

Loading weights:  88%|████████▊ | 1095/1247 [01:14<00:01, 131.00it/s, Materializing param=model.vision_tower.vision_model.encoder.layers.17.self_attn.k_proj.weight][A

Loading weights:  88%|████████▊ | 1096/1247 [01:14<00:01, 131.00it/s, Materializing param=model.vision_tower.vision_model.encoder.layers.17.self_attn.out_proj.bias][A

Loading weights:  88%|████████▊ | 1096/1247 [01:14<00:01, 131.00it/s, Materializing param=model.vision_tower.vision_model.encoder.layers.17.self_attn.out_proj.bias][A

Loading weights:  88%|████████▊ | 1097/1247 [01:14<00:01, 131.00it/s, Materializing param=model.vision_tower.vision_model.encoder.layers.17.self_attn.out_proj.weight][A

Loading weights:  88%|████████▊ | 1097/1247 [01:14<00:01, 131.00it/s, Materializing param=model.vision_tower.vision_model.encoder.layers.17.self_attn.out_proj.weight][A

Loading weights:  88%|████████▊ | 1098/1247 [01:14<00:01, 131.00it/s, Materializing param=model.vision_tower.vision_model.encoder.layers.17.self_attn.q_proj.bias]    [A

Loading weights:  88%|████████▊ | 1098/1247 [01:14<00:01, 131.00it/s, Materializing param=model.vision_tower.vision_model.encoder.layers.17.self_attn.q_proj.bias][A

Loading weights:  88%|████████▊ | 1099/1247 [01:14<00:01, 131.00it/s, Materializing param=model.vision_tower.vision_model.encoder.layers.17.self_attn.q_proj.weight][A

Loading weights:  88%|████████▊ | 1099/1247 [01:14<00:01, 131.00it/s, Materializing param=model.vision_tower.vision_model.encoder.layers.17.self_attn.q_proj.weight][A

Loading weights:  88%|████████▊ | 1100/1247 [01:14<00:01, 131.00it/s, Materializing param=model.vision_tower.vision_model.encoder.layers.17.self_attn.v_proj.bias]  [A

Loading weights:  88%|████████▊ | 1100/1247 [01:14<00:01, 131.00it/s, Materializing param=model.vision_tower.vision_model.encoder.layers.17.self_attn.v_proj.bias][A

Loading weights:  88%|████████▊ | 1101/1247 [01:14<00:01, 131.00it/s, Materializing param=model.vision_tower.vision_model.encoder.layers.17.self_attn.v_proj.weight][A

Loading weights:  88%|████████▊ | 1101/1247 [01:14<00:01, 131.00it/s, Materializing param=model.vision_tower.vision_model.encoder.layers.17.self_attn.v_proj.weight][A

Loading weights:  88%|████████▊ | 1102/1247 [01:14<00:01, 131.00it/s, Materializing param=model.vision_tower.vision_model.encoder.layers.18.layer_norm1.bias]       [A

Loading weights:  88%|████████▊ | 1102/1247 [01:14<00:01, 131.00it/s, Materializing param=model.vision_tower.vision_model.encoder.layers.18.layer_norm1.bias][A

Loading weights:  88%|████████▊ | 1103/1247 [01:14<00:01, 131.00it/s, Materializing param=model.vision_tower.vision_model.encoder.layers.18.layer_norm1.weight][A

Loading weights:  88%|████████▊ | 1103/1247 [01:14<00:01, 131.00it/s, Materializing param=model.vision_tower.vision_model.encoder.layers.18.layer_norm1.weight][A

Loading weights:  89%|████████▊ | 1104/1247 [01:14<00:01, 131.00it/s, Materializing param=model.vision_tower.vision_model.encoder.layers.18.layer_norm2.bias]  [A

Loading weights:  89%|████████▊ | 1104/1247 [01:14<00:01, 131.00it/s, Materializing param=model.vision_tower.vision_model.encoder.layers.18.layer_norm2.bias][A

Loading weights:  89%|████████▊ | 1105/1247 [01:14<00:01, 131.00it/s, Materializing param=model.vision_tower.vision_model.encoder.layers.18.layer_norm2.weight][A

Loading weights:  89%|████████▊ | 1105/1247 [01:14<00:01, 131.00it/s, Materializing param=model.vision_tower.vision_model.encoder.layers.18.layer_norm2.weight][A

Loading weights:  89%|████████▊ | 1106/1247 [01:14<00:01, 131.00it/s, Materializing param=model.vision_tower.vision_model.encoder.layers.18.mlp.fc1.bias]      [A

Loading weights:  89%|████████▊ | 1106/1247 [01:14<00:01, 131.00it/s, Materializing param=model.vision_tower.vision_model.encoder.layers.18.mlp.fc1.bias][A

Loading weights:  89%|████████▉ | 1107/1247 [01:14<00:01, 131.00it/s, Materializing param=model.vision_tower.vision_model.encoder.layers.18.mlp.fc1.weight][A

Loading weights:  89%|████████▉ | 1107/1247 [01:14<00:01, 131.00it/s, Materializing param=model.vision_tower.vision_model.encoder.layers.18.mlp.fc1.weight][A

Loading weights:  89%|████████▉ | 1108/1247 [01:14<00:01, 131.00it/s, Materializing param=model.vision_tower.vision_model.encoder.layers.18.mlp.fc2.bias]  [A

Loading weights:  89%|████████▉ | 1108/1247 [01:14<00:01, 131.00it/s, Materializing param=model.vision_tower.vision_model.encoder.layers.18.mlp.fc2.bias][A

Loading weights:  89%|████████▉ | 1109/1247 [01:14<00:01, 131.00it/s, Materializing param=model.vision_tower.vision_model.encoder.layers.18.mlp.fc2.weight][A

Loading weights:  89%|████████▉ | 1109/1247 [01:14<00:01, 131.00it/s, Materializing param=model.vision_tower.vision_model.encoder.layers.18.mlp.fc2.weight][A

Loading weights:  89%|████████▉ | 1110/1247 [01:14<00:01, 131.00it/s, Materializing param=model.vision_tower.vision_model.encoder.layers.18.self_attn.k_proj.bias][A

Loading weights:  89%|████████▉ | 1110/1247 [01:14<00:01, 131.00it/s, Materializing param=model.vision_tower.vision_model.encoder.layers.18.self_attn.k_proj.bias][A

Loading weights:  89%|████████▉ | 1111/1247 [01:14<00:01, 131.00it/s, Materializing param=model.vision_tower.vision_model.encoder.layers.18.self_attn.k_proj.weight][A

Loading weights:  89%|████████▉ | 1111/1247 [01:14<00:01, 131.00it/s, Materializing param=model.vision_tower.vision_model.encoder.layers.18.self_attn.k_proj.weight][A

Loading weights:  89%|████████▉ | 1112/1247 [01:14<00:01, 131.00it/s, Materializing param=model.vision_tower.vision_model.encoder.layers.18.self_attn.out_proj.bias][A

Loading weights:  89%|████████▉ | 1112/1247 [01:14<00:01, 131.00it/s, Materializing param=model.vision_tower.vision_model.encoder.layers.18.self_attn.out_proj.bias][A

Loading weights:  89%|████████▉ | 1113/1247 [01:14<00:01, 131.00it/s, Materializing param=model.vision_tower.vision_model.encoder.layers.18.self_attn.out_proj.weight][A

Loading weights:  89%|████████▉ | 1113/1247 [01:14<00:01, 131.00it/s, Materializing param=model.vision_tower.vision_model.encoder.layers.18.self_attn.out_proj.weight][A

Loading weights:  89%|████████▉ | 1114/1247 [01:14<00:01, 131.00it/s, Materializing param=model.vision_tower.vision_model.encoder.layers.18.self_attn.q_proj.bias]    [A

Loading weights:  89%|████████▉ | 1114/1247 [01:14<00:01, 131.00it/s, Materializing param=model.vision_tower.vision_model.encoder.layers.18.self_attn.q_proj.bias][A

Loading weights:  89%|████████▉ | 1115/1247 [01:14<00:01, 131.00it/s, Materializing param=model.vision_tower.vision_model.encoder.layers.18.self_attn.q_proj.weight][A

Loading weights:  89%|████████▉ | 1115/1247 [01:14<00:01, 131.00it/s, Materializing param=model.vision_tower.vision_model.encoder.layers.18.self_attn.q_proj.weight][A

Loading weights:  89%|████████▉ | 1116/1247 [01:14<00:00, 131.00it/s, Materializing param=model.vision_tower.vision_model.encoder.layers.18.self_attn.v_proj.bias]  [A

Loading weights:  89%|████████▉ | 1116/1247 [01:14<00:00, 131.00it/s, Materializing param=model.vision_tower.vision_model.encoder.layers.18.self_attn.v_proj.bias][A

Loading weights:  90%|████████▉ | 1117/1247 [01:14<00:00, 131.00it/s, Materializing param=model.vision_tower.vision_model.encoder.layers.18.self_attn.v_proj.weight][A

Loading weights:  90%|████████▉ | 1117/1247 [01:14<00:00, 131.00it/s, Materializing param=model.vision_tower.vision_model.encoder.layers.18.self_attn.v_proj.weight][A

Loading weights:  90%|████████▉ | 1118/1247 [01:14<00:00, 131.00it/s, Materializing param=model.vision_tower.vision_model.encoder.layers.19.layer_norm1.bias]       [A

Loading weights:  90%|████████▉ | 1118/1247 [01:14<00:00, 131.00it/s, Materializing param=model.vision_tower.vision_model.encoder.layers.19.layer_norm1.bias][A

Loading weights:  90%|████████▉ | 1119/1247 [01:14<00:00, 131.00it/s, Materializing param=model.vision_tower.vision_model.encoder.layers.19.layer_norm1.weight][A

Loading weights:  90%|████████▉ | 1119/1247 [01:14<00:00, 131.00it/s, Materializing param=model.vision_tower.vision_model.encoder.layers.19.layer_norm1.weight][A

Loading weights:  90%|████████▉ | 1120/1247 [01:14<00:00, 131.00it/s, Materializing param=model.vision_tower.vision_model.encoder.layers.19.layer_norm2.bias]  [A

Loading weights:  90%|████████▉ | 1120/1247 [01:14<00:00, 131.00it/s, Materializing param=model.vision_tower.vision_model.encoder.layers.19.layer_norm2.bias][A

Loading weights:  90%|████████▉ | 1121/1247 [01:14<00:00, 131.00it/s, Materializing param=model.vision_tower.vision_model.encoder.layers.19.layer_norm2.weight][A

Loading weights:  90%|████████▉ | 1121/1247 [01:14<00:00, 131.00it/s, Materializing param=model.vision_tower.vision_model.encoder.layers.19.layer_norm2.weight][A

Loading weights:  90%|████████▉ | 1122/1247 [01:14<00:00, 131.00it/s, Materializing param=model.vision_tower.vision_model.encoder.layers.19.mlp.fc1.bias]      [A

Loading weights:  90%|████████▉ | 1122/1247 [01:14<00:00, 131.00it/s, Materializing param=model.vision_tower.vision_model.encoder.layers.19.mlp.fc1.bias][A

Loading weights:  90%|█████████ | 1123/1247 [01:14<00:00, 131.00it/s, Materializing param=model.vision_tower.vision_model.encoder.layers.19.mlp.fc1.weight][A

Loading weights:  90%|█████████ | 1123/1247 [01:14<00:00, 131.00it/s, Materializing param=model.vision_tower.vision_model.encoder.layers.19.mlp.fc1.weight][A

Loading weights:  90%|█████████ | 1124/1247 [01:14<00:00, 131.00it/s, Materializing param=model.vision_tower.vision_model.encoder.layers.19.mlp.fc2.bias]  [A

Loading weights:  90%|█████████ | 1124/1247 [01:14<00:00, 131.00it/s, Materializing param=model.vision_tower.vision_model.encoder.layers.19.mlp.fc2.bias][A

Loading weights:  90%|█████████ | 1125/1247 [01:14<00:00, 131.00it/s, Materializing param=model.vision_tower.vision_model.encoder.layers.19.mlp.fc2.weight][A

Loading weights:  90%|█████████ | 1125/1247 [01:14<00:00, 131.00it/s, Materializing param=model.vision_tower.vision_model.encoder.layers.19.mlp.fc2.weight][A

Loading weights:  90%|█████████ | 1126/1247 [01:14<00:00, 131.00it/s, Materializing param=model.vision_tower.vision_model.encoder.layers.19.self_attn.k_proj.bias][A

Loading weights:  90%|█████████ | 1126/1247 [01:14<00:00, 131.00it/s, Materializing param=model.vision_tower.vision_model.encoder.layers.19.self_attn.k_proj.bias][A

Loading weights:  90%|█████████ | 1127/1247 [01:14<00:00, 131.00it/s, Materializing param=model.vision_tower.vision_model.encoder.layers.19.self_attn.k_proj.weight][A

Loading weights:  90%|█████████ | 1127/1247 [01:14<00:00, 131.00it/s, Materializing param=model.vision_tower.vision_model.encoder.layers.19.self_attn.k_proj.weight][A

Loading weights:  90%|█████████ | 1128/1247 [01:14<00:00, 131.00it/s, Materializing param=model.vision_tower.vision_model.encoder.layers.19.self_attn.out_proj.bias][A

Loading weights:  90%|█████████ | 1128/1247 [01:14<00:00, 131.00it/s, Materializing param=model.vision_tower.vision_model.encoder.layers.19.self_attn.out_proj.bias][A

Loading weights:  91%|█████████ | 1129/1247 [01:14<00:00, 131.00it/s, Materializing param=model.vision_tower.vision_model.encoder.layers.19.self_attn.out_proj.weight][A

Loading weights:  91%|█████████ | 1129/1247 [01:14<00:00, 131.00it/s, Materializing param=model.vision_tower.vision_model.encoder.layers.19.self_attn.out_proj.weight][A

Loading weights:  91%|█████████ | 1130/1247 [01:14<00:00, 131.00it/s, Materializing param=model.vision_tower.vision_model.encoder.layers.19.self_attn.q_proj.bias]    [A

Loading weights:  91%|█████████ | 1130/1247 [01:14<00:00, 131.00it/s, Materializing param=model.vision_tower.vision_model.encoder.layers.19.self_attn.q_proj.bias][A

Loading weights:  91%|█████████ | 1131/1247 [01:14<00:00, 131.00it/s, Materializing param=model.vision_tower.vision_model.encoder.layers.19.self_attn.q_proj.weight][A

Loading weights:  91%|█████████ | 1131/1247 [01:14<00:00, 131.00it/s, Materializing param=model.vision_tower.vision_model.encoder.layers.19.self_attn.q_proj.weight][A

Loading weights:  91%|█████████ | 1132/1247 [01:14<00:00, 131.00it/s, Materializing param=model.vision_tower.vision_model.encoder.layers.19.self_attn.v_proj.bias]  [A

Loading weights:  91%|█████████ | 1132/1247 [01:14<00:00, 131.00it/s, Materializing param=model.vision_tower.vision_model.encoder.layers.19.self_attn.v_proj.bias][A

Loading weights:  91%|█████████ | 1133/1247 [01:14<00:00, 131.00it/s, Materializing param=model.vision_tower.vision_model.encoder.layers.19.self_attn.v_proj.weight][A

Loading weights:  91%|█████████ | 1133/1247 [01:14<00:00, 131.00it/s, Materializing param=model.vision_tower.vision_model.encoder.layers.19.self_attn.v_proj.weight][A

Loading weights:  91%|█████████ | 1134/1247 [01:14<00:00, 131.00it/s, Materializing param=model.vision_tower.vision_model.encoder.layers.20.layer_norm1.bias]       [A

Loading weights:  91%|█████████ | 1134/1247 [01:14<00:00, 131.00it/s, Materializing param=model.vision_tower.vision_model.encoder.layers.20.layer_norm1.bias][A

Loading weights:  91%|█████████ | 1135/1247 [01:14<00:00, 131.00it/s, Materializing param=model.vision_tower.vision_model.encoder.layers.20.layer_norm1.weight][A

Loading weights:  91%|█████████ | 1135/1247 [01:14<00:00, 131.00it/s, Materializing param=model.vision_tower.vision_model.encoder.layers.20.layer_norm1.weight][A

Loading weights:  91%|█████████ | 1136/1247 [01:14<00:00, 131.00it/s, Materializing param=model.vision_tower.vision_model.encoder.layers.20.layer_norm2.bias]  [A

Loading weights:  91%|█████████ | 1136/1247 [01:14<00:00, 131.00it/s, Materializing param=model.vision_tower.vision_model.encoder.layers.20.layer_norm2.bias][A

Loading weights:  91%|█████████ | 1137/1247 [01:14<00:00, 131.00it/s, Materializing param=model.vision_tower.vision_model.encoder.layers.20.layer_norm2.weight][A

Loading weights:  91%|█████████ | 1137/1247 [01:14<00:00, 131.00it/s, Materializing param=model.vision_tower.vision_model.encoder.layers.20.layer_norm2.weight][A

Loading weights:  91%|█████████▏| 1138/1247 [01:14<00:00, 131.00it/s, Materializing param=model.vision_tower.vision_model.encoder.layers.20.mlp.fc1.bias]      [A

Loading weights:  91%|█████████▏| 1138/1247 [01:14<00:00, 131.00it/s, Materializing param=model.vision_tower.vision_model.encoder.layers.20.mlp.fc1.bias][A

Loading weights:  91%|█████████▏| 1139/1247 [01:14<00:00, 131.00it/s, Materializing param=model.vision_tower.vision_model.encoder.layers.20.mlp.fc1.weight][A

Loading weights:  91%|█████████▏| 1139/1247 [01:14<00:00, 131.00it/s, Materializing param=model.vision_tower.vision_model.encoder.layers.20.mlp.fc1.weight][A

Loading weights:  91%|█████████▏| 1140/1247 [01:14<00:00, 230.28it/s, Materializing param=model.vision_tower.vision_model.encoder.layers.20.mlp.fc1.weight][A

Loading weights:  91%|█████████▏| 1140/1247 [01:14<00:00, 230.28it/s, Materializing param=model.vision_tower.vision_model.encoder.layers.20.mlp.fc2.bias]  [A

Loading weights:  91%|█████████▏| 1140/1247 [01:14<00:00, 230.28it/s, Materializing param=model.vision_tower.vision_model.encoder.layers.20.mlp.fc2.bias][A

Loading weights:  91%|█████████▏| 1141/1247 [01:14<00:00, 230.28it/s, Materializing param=model.vision_tower.vision_model.encoder.layers.20.mlp.fc2.weight][A

Loading weights:  91%|█████████▏| 1141/1247 [01:14<00:00, 230.28it/s, Materializing param=model.vision_tower.vision_model.encoder.layers.20.mlp.fc2.weight][A

Loading weights:  92%|█████████▏| 1142/1247 [01:14<00:00, 230.28it/s, Materializing param=model.vision_tower.vision_model.encoder.layers.20.self_attn.k_proj.bias][A

Loading weights:  92%|█████████▏| 1142/1247 [01:14<00:00, 230.28it/s, Materializing param=model.vision_tower.vision_model.encoder.layers.20.self_attn.k_proj.bias][A

Loading weights:  92%|█████████▏| 1143/1247 [01:14<00:00, 230.28it/s, Materializing param=model.vision_tower.vision_model.encoder.layers.20.self_attn.k_proj.weight][A

Loading weights:  92%|█████████▏| 1143/1247 [01:14<00:00, 230.28it/s, Materializing param=model.vision_tower.vision_model.encoder.layers.20.self_attn.k_proj.weight][A

Loading weights:  92%|█████████▏| 1144/1247 [01:14<00:00, 230.28it/s, Materializing param=model.vision_tower.vision_model.encoder.layers.20.self_attn.out_proj.bias][A

Loading weights:  92%|█████████▏| 1144/1247 [01:14<00:00, 230.28it/s, Materializing param=model.vision_tower.vision_model.encoder.layers.20.self_attn.out_proj.bias][A

Loading weights:  92%|█████████▏| 1145/1247 [01:14<00:00, 230.28it/s, Materializing param=model.vision_tower.vision_model.encoder.layers.20.self_attn.out_proj.weight][A

Loading weights:  92%|█████████▏| 1145/1247 [01:14<00:00, 230.28it/s, Materializing param=model.vision_tower.vision_model.encoder.layers.20.self_attn.out_proj.weight][A

Loading weights:  92%|█████████▏| 1146/1247 [01:14<00:00, 230.28it/s, Materializing param=model.vision_tower.vision_model.encoder.layers.20.self_attn.q_proj.bias]    [A

Loading weights:  92%|█████████▏| 1146/1247 [01:14<00:00, 230.28it/s, Materializing param=model.vision_tower.vision_model.encoder.layers.20.self_attn.q_proj.bias][A

Loading weights:  92%|█████████▏| 1147/1247 [01:14<00:00, 230.28it/s, Materializing param=model.vision_tower.vision_model.encoder.layers.20.self_attn.q_proj.weight][A

Loading weights:  92%|█████████▏| 1147/1247 [01:14<00:00, 230.28it/s, Materializing param=model.vision_tower.vision_model.encoder.layers.20.self_attn.q_proj.weight][A

Loading weights:  92%|█████████▏| 1148/1247 [01:14<00:00, 230.28it/s, Materializing param=model.vision_tower.vision_model.encoder.layers.20.self_attn.v_proj.bias]  [A

Loading weights:  92%|█████████▏| 1148/1247 [01:14<00:00, 230.28it/s, Materializing param=model.vision_tower.vision_model.encoder.layers.20.self_attn.v_proj.bias][A

Loading weights:  92%|█████████▏| 1149/1247 [01:14<00:00, 230.28it/s, Materializing param=model.vision_tower.vision_model.encoder.layers.20.self_attn.v_proj.weight][A

Loading weights:  92%|█████████▏| 1149/1247 [01:14<00:00, 230.28it/s, Materializing param=model.vision_tower.vision_model.encoder.layers.20.self_attn.v_proj.weight][A

Loading weights:  92%|█████████▏| 1150/1247 [01:14<00:00, 230.28it/s, Materializing param=model.vision_tower.vision_model.encoder.layers.21.layer_norm1.bias]       [A

Loading weights:  92%|█████████▏| 1150/1247 [01:14<00:00, 230.28it/s, Materializing param=model.vision_tower.vision_model.encoder.layers.21.layer_norm1.bias][A

Loading weights:  92%|█████████▏| 1151/1247 [01:14<00:00, 230.28it/s, Materializing param=model.vision_tower.vision_model.encoder.layers.21.layer_norm1.weight][A

Loading weights:  92%|█████████▏| 1151/1247 [01:14<00:00, 230.28it/s, Materializing param=model.vision_tower.vision_model.encoder.layers.21.layer_norm1.weight][A

Loading weights:  92%|█████████▏| 1152/1247 [01:14<00:00, 230.28it/s, Materializing param=model.vision_tower.vision_model.encoder.layers.21.layer_norm2.bias]  [A

Loading weights:  92%|█████████▏| 1152/1247 [01:14<00:00, 230.28it/s, Materializing param=model.vision_tower.vision_model.encoder.layers.21.layer_norm2.bias][A

Loading weights:  92%|█████████▏| 1153/1247 [01:14<00:00, 230.28it/s, Materializing param=model.vision_tower.vision_model.encoder.layers.21.layer_norm2.weight][A

Loading weights:  92%|█████████▏| 1153/1247 [01:14<00:00, 230.28it/s, Materializing param=model.vision_tower.vision_model.encoder.layers.21.layer_norm2.weight][A

Loading weights:  93%|█████████▎| 1154/1247 [01:14<00:00, 230.28it/s, Materializing param=model.vision_tower.vision_model.encoder.layers.21.mlp.fc1.bias]      [A

Loading weights:  93%|█████████▎| 1154/1247 [01:14<00:00, 230.28it/s, Materializing param=model.vision_tower.vision_model.encoder.layers.21.mlp.fc1.bias][A

Loading weights:  93%|█████████▎| 1155/1247 [01:14<00:00, 230.28it/s, Materializing param=model.vision_tower.vision_model.encoder.layers.21.mlp.fc1.weight][A

Loading weights:  93%|█████████▎| 1155/1247 [01:14<00:00, 230.28it/s, Materializing param=model.vision_tower.vision_model.encoder.layers.21.mlp.fc1.weight][A

Loading weights:  93%|█████████▎| 1156/1247 [01:14<00:00, 230.28it/s, Materializing param=model.vision_tower.vision_model.encoder.layers.21.mlp.fc2.bias]  [A

Loading weights:  93%|█████████▎| 1156/1247 [01:14<00:00, 230.28it/s, Materializing param=model.vision_tower.vision_model.encoder.layers.21.mlp.fc2.bias][A

Loading weights:  93%|█████████▎| 1157/1247 [01:14<00:00, 230.28it/s, Materializing param=model.vision_tower.vision_model.encoder.layers.21.mlp.fc2.weight][A

Loading weights:  93%|█████████▎| 1157/1247 [01:14<00:00, 230.28it/s, Materializing param=model.vision_tower.vision_model.encoder.layers.21.mlp.fc2.weight][A

Loading weights:  93%|█████████▎| 1158/1247 [01:14<00:00, 230.28it/s, Materializing param=model.vision_tower.vision_model.encoder.layers.21.self_attn.k_proj.bias][A

Loading weights:  93%|█████████▎| 1158/1247 [01:14<00:00, 230.28it/s, Materializing param=model.vision_tower.vision_model.encoder.layers.21.self_attn.k_proj.bias][A

Loading weights:  93%|█████████▎| 1159/1247 [01:14<00:00, 230.28it/s, Materializing param=model.vision_tower.vision_model.encoder.layers.21.self_attn.k_proj.weight][A

Loading weights:  93%|█████████▎| 1159/1247 [01:14<00:00, 230.28it/s, Materializing param=model.vision_tower.vision_model.encoder.layers.21.self_attn.k_proj.weight][A

Loading weights:  93%|█████████▎| 1160/1247 [01:14<00:00, 230.28it/s, Materializing param=model.vision_tower.vision_model.encoder.layers.21.self_attn.out_proj.bias][A

Loading weights:  93%|█████████▎| 1160/1247 [01:14<00:00, 230.28it/s, Materializing param=model.vision_tower.vision_model.encoder.layers.21.self_attn.out_proj.bias][A

Loading weights:  93%|█████████▎| 1161/1247 [01:14<00:00, 230.28it/s, Materializing param=model.vision_tower.vision_model.encoder.layers.21.self_attn.out_proj.weight][A

Loading weights:  93%|█████████▎| 1161/1247 [01:14<00:00, 230.28it/s, Materializing param=model.vision_tower.vision_model.encoder.layers.21.self_attn.out_proj.weight][A

Loading weights:  93%|█████████▎| 1162/1247 [01:14<00:00, 230.28it/s, Materializing param=model.vision_tower.vision_model.encoder.layers.21.self_attn.q_proj.bias]    [A

Loading weights:  93%|█████████▎| 1162/1247 [01:14<00:00, 230.28it/s, Materializing param=model.vision_tower.vision_model.encoder.layers.21.self_attn.q_proj.bias][A

Loading weights:  93%|█████████▎| 1163/1247 [01:14<00:00, 230.28it/s, Materializing param=model.vision_tower.vision_model.encoder.layers.21.self_attn.q_proj.weight][A

Loading weights:  93%|█████████▎| 1163/1247 [01:14<00:00, 230.28it/s, Materializing param=model.vision_tower.vision_model.encoder.layers.21.self_attn.q_proj.weight][A

Loading weights:  93%|█████████▎| 1164/1247 [01:14<00:00, 230.28it/s, Materializing param=model.vision_tower.vision_model.encoder.layers.21.self_attn.v_proj.bias]  [A

Loading weights:  93%|█████████▎| 1164/1247 [01:14<00:00, 230.28it/s, Materializing param=model.vision_tower.vision_model.encoder.layers.21.self_attn.v_proj.bias][A

Loading weights:  93%|█████████▎| 1165/1247 [01:14<00:00, 230.28it/s, Materializing param=model.vision_tower.vision_model.encoder.layers.21.self_attn.v_proj.weight][A

Loading weights:  93%|█████████▎| 1165/1247 [01:14<00:00, 230.28it/s, Materializing param=model.vision_tower.vision_model.encoder.layers.21.self_attn.v_proj.weight][A

Loading weights:  94%|█████████▎| 1166/1247 [01:14<00:00, 230.28it/s, Materializing param=model.vision_tower.vision_model.encoder.layers.22.layer_norm1.bias]       [A

Loading weights:  94%|█████████▎| 1166/1247 [01:14<00:00, 230.28it/s, Materializing param=model.vision_tower.vision_model.encoder.layers.22.layer_norm1.bias][A

Loading weights:  94%|█████████▎| 1167/1247 [01:14<00:00, 230.28it/s, Materializing param=model.vision_tower.vision_model.encoder.layers.22.layer_norm1.weight][A

Loading weights:  94%|█████████▎| 1167/1247 [01:14<00:00, 230.28it/s, Materializing param=model.vision_tower.vision_model.encoder.layers.22.layer_norm1.weight][A

Loading weights:  94%|█████████▎| 1168/1247 [01:14<00:00, 230.28it/s, Materializing param=model.vision_tower.vision_model.encoder.layers.22.layer_norm2.bias]  [A

Loading weights:  94%|█████████▎| 1168/1247 [01:14<00:00, 230.28it/s, Materializing param=model.vision_tower.vision_model.encoder.layers.22.layer_norm2.bias][A

Loading weights:  94%|█████████▎| 1169/1247 [01:14<00:00, 230.28it/s, Materializing param=model.vision_tower.vision_model.encoder.layers.22.layer_norm2.weight][A

Loading weights:  94%|█████████▎| 1169/1247 [01:14<00:00, 230.28it/s, Materializing param=model.vision_tower.vision_model.encoder.layers.22.layer_norm2.weight][A

Loading weights:  94%|█████████▍| 1170/1247 [01:14<00:00, 230.28it/s, Materializing param=model.vision_tower.vision_model.encoder.layers.22.mlp.fc1.bias]      [A

Loading weights:  94%|█████████▍| 1170/1247 [01:14<00:00, 230.28it/s, Materializing param=model.vision_tower.vision_model.encoder.layers.22.mlp.fc1.bias][A

Loading weights:  94%|█████████▍| 1171/1247 [01:14<00:00, 230.28it/s, Materializing param=model.vision_tower.vision_model.encoder.layers.22.mlp.fc1.weight][A

Loading weights:  94%|█████████▍| 1171/1247 [01:14<00:00, 230.28it/s, Materializing param=model.vision_tower.vision_model.encoder.layers.22.mlp.fc1.weight][A

Loading weights:  94%|█████████▍| 1172/1247 [01:14<00:00, 230.28it/s, Materializing param=model.vision_tower.vision_model.encoder.layers.22.mlp.fc2.bias]  [A

Loading weights:  94%|█████████▍| 1172/1247 [01:14<00:00, 230.28it/s, Materializing param=model.vision_tower.vision_model.encoder.layers.22.mlp.fc2.bias][A

Loading weights:  94%|█████████▍| 1173/1247 [01:14<00:00, 230.28it/s, Materializing param=model.vision_tower.vision_model.encoder.layers.22.mlp.fc2.weight][A

Loading weights:  94%|█████████▍| 1173/1247 [01:14<00:00, 230.28it/s, Materializing param=model.vision_tower.vision_model.encoder.layers.22.mlp.fc2.weight][A

Loading weights:  94%|█████████▍| 1174/1247 [01:14<00:00, 230.28it/s, Materializing param=model.vision_tower.vision_model.encoder.layers.22.self_attn.k_proj.bias][A

Loading weights:  94%|█████████▍| 1174/1247 [01:14<00:00, 230.28it/s, Materializing param=model.vision_tower.vision_model.encoder.layers.22.self_attn.k_proj.bias][A

Loading weights:  94%|█████████▍| 1175/1247 [01:14<00:00, 230.28it/s, Materializing param=model.vision_tower.vision_model.encoder.layers.22.self_attn.k_proj.weight][A

Loading weights:  94%|█████████▍| 1175/1247 [01:14<00:00, 230.28it/s, Materializing param=model.vision_tower.vision_model.encoder.layers.22.self_attn.k_proj.weight][A

Loading weights:  94%|█████████▍| 1176/1247 [01:14<00:00, 230.28it/s, Materializing param=model.vision_tower.vision_model.encoder.layers.22.self_attn.out_proj.bias][A

Loading weights:  94%|█████████▍| 1176/1247 [01:14<00:00, 230.28it/s, Materializing param=model.vision_tower.vision_model.encoder.layers.22.self_attn.out_proj.bias][A

Loading weights:  94%|█████████▍| 1177/1247 [01:14<00:00, 230.28it/s, Materializing param=model.vision_tower.vision_model.encoder.layers.22.self_attn.out_proj.weight][A

Loading weights:  94%|█████████▍| 1177/1247 [01:14<00:00, 230.28it/s, Materializing param=model.vision_tower.vision_model.encoder.layers.22.self_attn.out_proj.weight][A

Loading weights:  94%|█████████▍| 1178/1247 [01:14<00:00, 230.28it/s, Materializing param=model.vision_tower.vision_model.encoder.layers.22.self_attn.q_proj.bias]    [A

Loading weights:  94%|█████████▍| 1178/1247 [01:14<00:00, 230.28it/s, Materializing param=model.vision_tower.vision_model.encoder.layers.22.self_attn.q_proj.bias][A

Loading weights:  95%|█████████▍| 1179/1247 [01:14<00:00, 230.28it/s, Materializing param=model.vision_tower.vision_model.encoder.layers.22.self_attn.q_proj.weight][A

Loading weights:  95%|█████████▍| 1179/1247 [01:14<00:00, 230.28it/s, Materializing param=model.vision_tower.vision_model.encoder.layers.22.self_attn.q_proj.weight][A

Loading weights:  95%|█████████▍| 1180/1247 [01:14<00:00, 230.28it/s, Materializing param=model.vision_tower.vision_model.encoder.layers.22.self_attn.v_proj.bias]  [A

Loading weights:  95%|█████████▍| 1180/1247 [01:14<00:00, 230.28it/s, Materializing param=model.vision_tower.vision_model.encoder.layers.22.self_attn.v_proj.bias][A

Loading weights:  95%|█████████▍| 1181/1247 [01:14<00:00, 230.28it/s, Materializing param=model.vision_tower.vision_model.encoder.layers.22.self_attn.v_proj.weight][A

Loading weights:  95%|█████████▍| 1181/1247 [01:14<00:00, 230.28it/s, Materializing param=model.vision_tower.vision_model.encoder.layers.22.self_attn.v_proj.weight][A

Loading weights:  95%|█████████▍| 1182/1247 [01:14<00:00, 230.28it/s, Materializing param=model.vision_tower.vision_model.encoder.layers.23.layer_norm1.bias]       [A

Loading weights:  95%|█████████▍| 1182/1247 [01:14<00:00, 230.28it/s, Materializing param=model.vision_tower.vision_model.encoder.layers.23.layer_norm1.bias][A

Loading weights:  95%|█████████▍| 1183/1247 [01:14<00:00, 230.28it/s, Materializing param=model.vision_tower.vision_model.encoder.layers.23.layer_norm1.weight][A

Loading weights:  95%|█████████▍| 1183/1247 [01:14<00:00, 230.28it/s, Materializing param=model.vision_tower.vision_model.encoder.layers.23.layer_norm1.weight][A

Loading weights:  95%|█████████▍| 1184/1247 [01:14<00:00, 230.28it/s, Materializing param=model.vision_tower.vision_model.encoder.layers.23.layer_norm2.bias]  [A

Loading weights:  95%|█████████▍| 1184/1247 [01:14<00:00, 230.28it/s, Materializing param=model.vision_tower.vision_model.encoder.layers.23.layer_norm2.bias][A

Loading weights:  95%|█████████▌| 1185/1247 [01:14<00:00, 230.28it/s, Materializing param=model.vision_tower.vision_model.encoder.layers.23.layer_norm2.weight][A

Loading weights:  95%|█████████▌| 1185/1247 [01:14<00:00, 230.28it/s, Materializing param=model.vision_tower.vision_model.encoder.layers.23.layer_norm2.weight][A

Loading weights:  95%|█████████▌| 1186/1247 [01:14<00:00, 230.28it/s, Materializing param=model.vision_tower.vision_model.encoder.layers.23.mlp.fc1.bias]      [A

Loading weights:  95%|█████████▌| 1186/1247 [01:14<00:00, 230.28it/s, Materializing param=model.vision_tower.vision_model.encoder.layers.23.mlp.fc1.bias][A

Loading weights:  95%|█████████▌| 1187/1247 [01:14<00:00, 230.28it/s, Materializing param=model.vision_tower.vision_model.encoder.layers.23.mlp.fc1.weight][A

Loading weights:  95%|█████████▌| 1187/1247 [01:14<00:00, 230.28it/s, Materializing param=model.vision_tower.vision_model.encoder.layers.23.mlp.fc1.weight][A

Loading weights:  95%|█████████▌| 1188/1247 [01:14<00:00, 230.28it/s, Materializing param=model.vision_tower.vision_model.encoder.layers.23.mlp.fc2.bias]  [A

Loading weights:  95%|█████████▌| 1188/1247 [01:14<00:00, 230.28it/s, Materializing param=model.vision_tower.vision_model.encoder.layers.23.mlp.fc2.bias][A

Loading weights:  95%|█████████▌| 1189/1247 [01:14<00:00, 230.28it/s, Materializing param=model.vision_tower.vision_model.encoder.layers.23.mlp.fc2.weight][A

Loading weights:  95%|█████████▌| 1189/1247 [01:14<00:00, 230.28it/s, Materializing param=model.vision_tower.vision_model.encoder.layers.23.mlp.fc2.weight][A

Loading weights:  95%|█████████▌| 1190/1247 [01:14<00:00, 230.28it/s, Materializing param=model.vision_tower.vision_model.encoder.layers.23.self_attn.k_proj.bias][A

Loading weights:  95%|█████████▌| 1190/1247 [01:14<00:00, 230.28it/s, Materializing param=model.vision_tower.vision_model.encoder.layers.23.self_attn.k_proj.bias][A

Loading weights:  96%|█████████▌| 1191/1247 [01:14<00:00, 230.28it/s, Materializing param=model.vision_tower.vision_model.encoder.layers.23.self_attn.k_proj.weight][A

Loading weights:  96%|█████████▌| 1191/1247 [01:14<00:00, 230.28it/s, Materializing param=model.vision_tower.vision_model.encoder.layers.23.self_attn.k_proj.weight][A

Loading weights:  96%|█████████▌| 1192/1247 [01:14<00:00, 230.28it/s, Materializing param=model.vision_tower.vision_model.encoder.layers.23.self_attn.out_proj.bias][A

Loading weights:  96%|█████████▌| 1192/1247 [01:14<00:00, 230.28it/s, Materializing param=model.vision_tower.vision_model.encoder.layers.23.self_attn.out_proj.bias][A

Loading weights:  96%|█████████▌| 1193/1247 [01:14<00:00, 230.28it/s, Materializing param=model.vision_tower.vision_model.encoder.layers.23.self_attn.out_proj.weight][A

Loading weights:  96%|█████████▌| 1193/1247 [01:14<00:00, 230.28it/s, Materializing param=model.vision_tower.vision_model.encoder.layers.23.self_attn.out_proj.weight][A

Loading weights:  96%|█████████▌| 1194/1247 [01:14<00:00, 230.28it/s, Materializing param=model.vision_tower.vision_model.encoder.layers.23.self_attn.q_proj.bias]    [A

Loading weights:  96%|█████████▌| 1194/1247 [01:14<00:00, 230.28it/s, Materializing param=model.vision_tower.vision_model.encoder.layers.23.self_attn.q_proj.bias][A

Loading weights:  96%|█████████▌| 1195/1247 [01:14<00:00, 230.28it/s, Materializing param=model.vision_tower.vision_model.encoder.layers.23.self_attn.q_proj.weight][A

Loading weights:  96%|█████████▌| 1195/1247 [01:14<00:00, 230.28it/s, Materializing param=model.vision_tower.vision_model.encoder.layers.23.self_attn.q_proj.weight][A

Loading weights:  96%|█████████▌| 1196/1247 [01:14<00:00, 230.28it/s, Materializing param=model.vision_tower.vision_model.encoder.layers.23.self_attn.v_proj.bias]  [A

Loading weights:  96%|█████████▌| 1196/1247 [01:14<00:00, 230.28it/s, Materializing param=model.vision_tower.vision_model.encoder.layers.23.self_attn.v_proj.bias][A

Loading weights:  96%|█████████▌| 1197/1247 [01:14<00:00, 230.28it/s, Materializing param=model.vision_tower.vision_model.encoder.layers.23.self_attn.v_proj.weight][A

Loading weights:  96%|█████████▌| 1197/1247 [01:14<00:00, 230.28it/s, Materializing param=model.vision_tower.vision_model.encoder.layers.23.self_attn.v_proj.weight][A

Loading weights:  96%|█████████▌| 1198/1247 [01:14<00:00, 230.28it/s, Materializing param=model.vision_tower.vision_model.encoder.layers.24.layer_norm1.bias]       [A

Loading weights:  96%|█████████▌| 1198/1247 [01:14<00:00, 230.28it/s, Materializing param=model.vision_tower.vision_model.encoder.layers.24.layer_norm1.bias][A

Loading weights:  96%|█████████▌| 1199/1247 [01:14<00:00, 230.28it/s, Materializing param=model.vision_tower.vision_model.encoder.layers.24.layer_norm1.weight][A

Loading weights:  96%|█████████▌| 1199/1247 [01:14<00:00, 230.28it/s, Materializing param=model.vision_tower.vision_model.encoder.layers.24.layer_norm1.weight][A

Loading weights:  96%|█████████▌| 1200/1247 [01:14<00:00, 230.28it/s, Materializing param=model.vision_tower.vision_model.encoder.layers.24.layer_norm2.bias]  [A

Loading weights:  96%|█████████▌| 1200/1247 [01:14<00:00, 230.28it/s, Materializing param=model.vision_tower.vision_model.encoder.layers.24.layer_norm2.bias][A

Loading weights:  96%|█████████▋| 1201/1247 [01:14<00:00, 230.28it/s, Materializing param=model.vision_tower.vision_model.encoder.layers.24.layer_norm2.weight][A

Loading weights:  96%|█████████▋| 1201/1247 [01:14<00:00, 230.28it/s, Materializing param=model.vision_tower.vision_model.encoder.layers.24.layer_norm2.weight][A

Loading weights:  96%|█████████▋| 1202/1247 [01:14<00:00, 230.28it/s, Materializing param=model.vision_tower.vision_model.encoder.layers.24.mlp.fc1.bias]      [A

Loading weights:  96%|█████████▋| 1202/1247 [01:14<00:00, 230.28it/s, Materializing param=model.vision_tower.vision_model.encoder.layers.24.mlp.fc1.bias][A

Loading weights:  96%|█████████▋| 1203/1247 [01:14<00:00, 230.28it/s, Materializing param=model.vision_tower.vision_model.encoder.layers.24.mlp.fc1.weight][A

Loading weights:  96%|█████████▋| 1203/1247 [01:14<00:00, 230.28it/s, Materializing param=model.vision_tower.vision_model.encoder.layers.24.mlp.fc1.weight][A

Loading weights:  97%|█████████▋| 1204/1247 [01:14<00:00, 230.28it/s, Materializing param=model.vision_tower.vision_model.encoder.layers.24.mlp.fc2.bias]  [A

Loading weights:  97%|█████████▋| 1204/1247 [01:14<00:00, 230.28it/s, Materializing param=model.vision_tower.vision_model.encoder.layers.24.mlp.fc2.bias][A

Loading weights:  97%|█████████▋| 1205/1247 [01:14<00:00, 230.28it/s, Materializing param=model.vision_tower.vision_model.encoder.layers.24.mlp.fc2.weight][A

Loading weights:  97%|█████████▋| 1205/1247 [01:14<00:00, 230.28it/s, Materializing param=model.vision_tower.vision_model.encoder.layers.24.mlp.fc2.weight][A

Loading weights:  97%|█████████▋| 1206/1247 [01:14<00:00, 230.28it/s, Materializing param=model.vision_tower.vision_model.encoder.layers.24.self_attn.k_proj.bias][A

Loading weights:  97%|█████████▋| 1206/1247 [01:14<00:00, 230.28it/s, Materializing param=model.vision_tower.vision_model.encoder.layers.24.self_attn.k_proj.bias][A

Loading weights:  97%|█████████▋| 1207/1247 [01:14<00:00, 230.28it/s, Materializing param=model.vision_tower.vision_model.encoder.layers.24.self_attn.k_proj.weight][A

Loading weights:  97%|█████████▋| 1207/1247 [01:14<00:00, 230.28it/s, Materializing param=model.vision_tower.vision_model.encoder.layers.24.self_attn.k_proj.weight][A

Loading weights:  97%|█████████▋| 1208/1247 [01:14<00:00, 230.28it/s, Materializing param=model.vision_tower.vision_model.encoder.layers.24.self_attn.out_proj.bias][A

Loading weights:  97%|█████████▋| 1208/1247 [01:14<00:00, 230.28it/s, Materializing param=model.vision_tower.vision_model.encoder.layers.24.self_attn.out_proj.bias][A

Loading weights:  97%|█████████▋| 1209/1247 [01:14<00:00, 230.28it/s, Materializing param=model.vision_tower.vision_model.encoder.layers.24.self_attn.out_proj.weight][A

Loading weights:  97%|█████████▋| 1209/1247 [01:14<00:00, 230.28it/s, Materializing param=model.vision_tower.vision_model.encoder.layers.24.self_attn.out_proj.weight][A

Loading weights:  97%|█████████▋| 1210/1247 [01:14<00:00, 230.28it/s, Materializing param=model.vision_tower.vision_model.encoder.layers.24.self_attn.q_proj.bias]    [A

Loading weights:  97%|█████████▋| 1210/1247 [01:14<00:00, 230.28it/s, Materializing param=model.vision_tower.vision_model.encoder.layers.24.self_attn.q_proj.bias][A

Loading weights:  97%|█████████▋| 1211/1247 [01:14<00:00, 230.28it/s, Materializing param=model.vision_tower.vision_model.encoder.layers.24.self_attn.q_proj.weight][A

Loading weights:  97%|█████████▋| 1211/1247 [01:14<00:00, 230.28it/s, Materializing param=model.vision_tower.vision_model.encoder.layers.24.self_attn.q_proj.weight][A

Loading weights:  97%|█████████▋| 1212/1247 [01:14<00:00, 230.28it/s, Materializing param=model.vision_tower.vision_model.encoder.layers.24.self_attn.v_proj.bias]  [A

Loading weights:  97%|█████████▋| 1212/1247 [01:14<00:00, 230.28it/s, Materializing param=model.vision_tower.vision_model.encoder.layers.24.self_attn.v_proj.bias][A

Loading weights:  97%|█████████▋| 1213/1247 [01:14<00:00, 230.28it/s, Materializing param=model.vision_tower.vision_model.encoder.layers.24.self_attn.v_proj.weight][A

Loading weights:  97%|█████████▋| 1213/1247 [01:14<00:00, 230.28it/s, Materializing param=model.vision_tower.vision_model.encoder.layers.24.self_attn.v_proj.weight][A

Loading weights:  97%|█████████▋| 1214/1247 [01:14<00:00, 230.28it/s, Materializing param=model.vision_tower.vision_model.encoder.layers.25.layer_norm1.bias]       [A

Loading weights:  97%|█████████▋| 1214/1247 [01:14<00:00, 230.28it/s, Materializing param=model.vision_tower.vision_model.encoder.layers.25.layer_norm1.bias][A

Loading weights:  97%|█████████▋| 1215/1247 [01:14<00:00, 230.28it/s, Materializing param=model.vision_tower.vision_model.encoder.layers.25.layer_norm1.weight][A

Loading weights:  97%|█████████▋| 1215/1247 [01:14<00:00, 230.28it/s, Materializing param=model.vision_tower.vision_model.encoder.layers.25.layer_norm1.weight][A

Loading weights:  98%|█████████▊| 1216/1247 [01:14<00:00, 230.28it/s, Materializing param=model.vision_tower.vision_model.encoder.layers.25.layer_norm2.bias]  [A

Loading weights:  98%|█████████▊| 1216/1247 [01:14<00:00, 230.28it/s, Materializing param=model.vision_tower.vision_model.encoder.layers.25.layer_norm2.bias][A

Loading weights:  98%|█████████▊| 1217/1247 [01:14<00:00, 230.28it/s, Materializing param=model.vision_tower.vision_model.encoder.layers.25.layer_norm2.weight][A

Loading weights:  98%|█████████▊| 1217/1247 [01:14<00:00, 230.28it/s, Materializing param=model.vision_tower.vision_model.encoder.layers.25.layer_norm2.weight][A

Loading weights:  98%|█████████▊| 1218/1247 [01:14<00:00, 230.28it/s, Materializing param=model.vision_tower.vision_model.encoder.layers.25.mlp.fc1.bias]      [A

Loading weights:  98%|█████████▊| 1218/1247 [01:14<00:00, 230.28it/s, Materializing param=model.vision_tower.vision_model.encoder.layers.25.mlp.fc1.bias][A

Loading weights:  98%|█████████▊| 1219/1247 [01:14<00:00, 230.28it/s, Materializing param=model.vision_tower.vision_model.encoder.layers.25.mlp.fc1.weight][A

Loading weights:  98%|█████████▊| 1219/1247 [01:14<00:00, 230.28it/s, Materializing param=model.vision_tower.vision_model.encoder.layers.25.mlp.fc1.weight][A

Loading weights:  98%|█████████▊| 1220/1247 [01:14<00:00, 230.28it/s, Materializing param=model.vision_tower.vision_model.encoder.layers.25.mlp.fc2.bias]  [A

Loading weights:  98%|█████████▊| 1220/1247 [01:14<00:00, 230.28it/s, Materializing param=model.vision_tower.vision_model.encoder.layers.25.mlp.fc2.bias][A

Loading weights:  98%|█████████▊| 1221/1247 [01:14<00:00, 230.28it/s, Materializing param=model.vision_tower.vision_model.encoder.layers.25.mlp.fc2.weight][A

Loading weights:  98%|█████████▊| 1221/1247 [01:14<00:00, 230.28it/s, Materializing param=model.vision_tower.vision_model.encoder.layers.25.mlp.fc2.weight][A

Loading weights:  98%|█████████▊| 1222/1247 [01:14<00:00, 230.28it/s, Materializing param=model.vision_tower.vision_model.encoder.layers.25.self_attn.k_proj.bias][A

Loading weights:  98%|█████████▊| 1222/1247 [01:14<00:00, 230.28it/s, Materializing param=model.vision_tower.vision_model.encoder.layers.25.self_attn.k_proj.bias][A

Loading weights:  98%|█████████▊| 1223/1247 [01:14<00:00, 230.28it/s, Materializing param=model.vision_tower.vision_model.encoder.layers.25.self_attn.k_proj.weight][A

Loading weights:  98%|█████████▊| 1223/1247 [01:14<00:00, 230.28it/s, Materializing param=model.vision_tower.vision_model.encoder.layers.25.self_attn.k_proj.weight][A

Loading weights:  98%|█████████▊| 1224/1247 [01:14<00:00, 230.28it/s, Materializing param=model.vision_tower.vision_model.encoder.layers.25.self_attn.out_proj.bias][A

Loading weights:  98%|█████████▊| 1224/1247 [01:14<00:00, 230.28it/s, Materializing param=model.vision_tower.vision_model.encoder.layers.25.self_attn.out_proj.bias][A

Loading weights:  98%|█████████▊| 1225/1247 [01:14<00:00, 230.28it/s, Materializing param=model.vision_tower.vision_model.encoder.layers.25.self_attn.out_proj.weight][A

Loading weights:  98%|█████████▊| 1225/1247 [01:14<00:00, 230.28it/s, Materializing param=model.vision_tower.vision_model.encoder.layers.25.self_attn.out_proj.weight][A

Loading weights:  98%|█████████▊| 1226/1247 [01:14<00:00, 230.28it/s, Materializing param=model.vision_tower.vision_model.encoder.layers.25.self_attn.q_proj.bias]    [A

Loading weights:  98%|█████████▊| 1226/1247 [01:14<00:00, 230.28it/s, Materializing param=model.vision_tower.vision_model.encoder.layers.25.self_attn.q_proj.bias][A

Loading weights:  98%|█████████▊| 1227/1247 [01:14<00:00, 230.28it/s, Materializing param=model.vision_tower.vision_model.encoder.layers.25.self_attn.q_proj.weight][A

Loading weights:  98%|█████████▊| 1227/1247 [01:14<00:00, 230.28it/s, Materializing param=model.vision_tower.vision_model.encoder.layers.25.self_attn.q_proj.weight][A

Loading weights:  98%|█████████▊| 1228/1247 [01:14<00:00, 230.28it/s, Materializing param=model.vision_tower.vision_model.encoder.layers.25.self_attn.v_proj.bias]  [A

Loading weights:  98%|█████████▊| 1228/1247 [01:14<00:00, 230.28it/s, Materializing param=model.vision_tower.vision_model.encoder.layers.25.self_attn.v_proj.bias][A

Loading weights:  99%|█████████▊| 1229/1247 [01:14<00:00, 230.28it/s, Materializing param=model.vision_tower.vision_model.encoder.layers.25.self_attn.v_proj.weight][A

Loading weights:  99%|█████████▊| 1229/1247 [01:14<00:00, 230.28it/s, Materializing param=model.vision_tower.vision_model.encoder.layers.25.self_attn.v_proj.weight][A

Loading weights:  99%|█████████▊| 1230/1247 [01:14<00:00, 230.28it/s, Materializing param=model.vision_tower.vision_model.encoder.layers.26.layer_norm1.bias]       [A

Loading weights:  99%|█████████▊| 1230/1247 [01:14<00:00, 230.28it/s, Materializing param=model.vision_tower.vision_model.encoder.layers.26.layer_norm1.bias][A

Loading weights:  99%|█████████▊| 1231/1247 [01:14<00:00, 230.28it/s, Materializing param=model.vision_tower.vision_model.encoder.layers.26.layer_norm1.weight][A

Loading weights:  99%|█████████▊| 1231/1247 [01:14<00:00, 230.28it/s, Materializing param=model.vision_tower.vision_model.encoder.layers.26.layer_norm1.weight][A

Loading weights:  99%|█████████▉| 1232/1247 [01:14<00:00, 230.28it/s, Materializing param=model.vision_tower.vision_model.encoder.layers.26.layer_norm2.bias]  [A

Loading weights:  99%|█████████▉| 1232/1247 [01:14<00:00, 230.28it/s, Materializing param=model.vision_tower.vision_model.encoder.layers.26.layer_norm2.bias][A

Loading weights:  99%|█████████▉| 1233/1247 [01:14<00:00, 230.28it/s, Materializing param=model.vision_tower.vision_model.encoder.layers.26.layer_norm2.weight][A

Loading weights:  99%|█████████▉| 1233/1247 [01:14<00:00, 230.28it/s, Materializing param=model.vision_tower.vision_model.encoder.layers.26.layer_norm2.weight][A

Loading weights:  99%|█████████▉| 1234/1247 [01:14<00:00, 230.28it/s, Materializing param=model.vision_tower.vision_model.encoder.layers.26.mlp.fc1.bias]      [A

Loading weights:  99%|█████████▉| 1234/1247 [01:14<00:00, 230.28it/s, Materializing param=model.vision_tower.vision_model.encoder.layers.26.mlp.fc1.bias][A

Loading weights:  99%|█████████▉| 1235/1247 [01:14<00:00, 230.28it/s, Materializing param=model.vision_tower.vision_model.encoder.layers.26.mlp.fc1.weight][A

Loading weights:  99%|█████████▉| 1235/1247 [01:14<00:00, 230.28it/s, Materializing param=model.vision_tower.vision_model.encoder.layers.26.mlp.fc1.weight][A

Loading weights:  99%|█████████▉| 1236/1247 [01:14<00:00, 230.28it/s, Materializing param=model.vision_tower.vision_model.encoder.layers.26.mlp.fc2.bias]  [A

Loading weights:  99%|█████████▉| 1236/1247 [01:14<00:00, 230.28it/s, Materializing param=model.vision_tower.vision_model.encoder.layers.26.mlp.fc2.bias][A

Loading weights:  99%|█████████▉| 1237/1247 [01:14<00:00, 230.28it/s, Materializing param=model.vision_tower.vision_model.encoder.layers.26.mlp.fc2.weight][A

Loading weights:  99%|█████████▉| 1237/1247 [01:14<00:00, 230.28it/s, Materializing param=model.vision_tower.vision_model.encoder.layers.26.mlp.fc2.weight][A

Loading weights:  99%|█████████▉| 1238/1247 [01:14<00:00, 230.28it/s, Materializing param=model.vision_tower.vision_model.encoder.layers.26.self_attn.k_proj.bias][A

Loading weights:  99%|█████████▉| 1238/1247 [01:14<00:00, 230.28it/s, Materializing param=model.vision_tower.vision_model.encoder.layers.26.self_attn.k_proj.bias][A

Loading weights:  99%|█████████▉| 1239/1247 [01:14<00:00, 230.28it/s, Materializing param=model.vision_tower.vision_model.encoder.layers.26.self_attn.k_proj.weight][A

Loading weights:  99%|█████████▉| 1239/1247 [01:14<00:00, 230.28it/s, Materializing param=model.vision_tower.vision_model.encoder.layers.26.self_attn.k_proj.weight][A

Loading weights:  99%|█████████▉| 1240/1247 [01:14<00:00, 230.28it/s, Materializing param=model.vision_tower.vision_model.encoder.layers.26.self_attn.out_proj.bias][A

Loading weights:  99%|█████████▉| 1240/1247 [01:14<00:00, 230.28it/s, Materializing param=model.vision_tower.vision_model.encoder.layers.26.self_attn.out_proj.bias][A

Loading weights: 100%|█████████▉| 1241/1247 [01:14<00:00, 230.28it/s, Materializing param=model.vision_tower.vision_model.encoder.layers.26.self_attn.out_proj.weight][A

Loading weights: 100%|█████████▉| 1241/1247 [01:14<00:00, 230.28it/s, Materializing param=model.vision_tower.vision_model.encoder.layers.26.self_attn.out_proj.weight][A

Loading weights: 100%|█████████▉| 1242/1247 [01:14<00:00, 230.28it/s, Materializing param=model.vision_tower.vision_model.encoder.layers.26.self_attn.q_proj.bias]    [A

Loading weights: 100%|█████████▉| 1242/1247 [01:14<00:00, 230.28it/s, Materializing param=model.vision_tower.vision_model.encoder.layers.26.self_attn.q_proj.bias][A

Loading weights: 100%|█████████▉| 1243/1247 [01:14<00:00, 230.28it/s, Materializing param=model.vision_tower.vision_model.encoder.layers.26.self_attn.q_proj.weight][A

Loading weights: 100%|█████████▉| 1243/1247 [01:14<00:00, 230.28it/s, Materializing param=model.vision_tower.vision_model.encoder.layers.26.self_attn.q_proj.weight][A

Loading weights: 100%|█████████▉| 1244/1247 [01:14<00:00, 230.28it/s, Materializing param=model.vision_tower.vision_model.encoder.layers.26.self_attn.v_proj.bias]  [A

Loading weights: 100%|█████████▉| 1244/1247 [01:14<00:00, 230.28it/s, Materializing param=model.vision_tower.vision_model.encoder.layers.Processing:   7%|▋         | 141/1945 [54:58<8:31:47, 17.02s/it]Processing:   7%|▋         | 145/1945 [56:31<9:30:02, 19.00s/it]Processing:   8%|▊         | 150/1945 [56:31<6:02:03, 12.10s/it]Processing:   8%|▊         | 150/1945 [56:48<6:02:03, 12.10s/it]Processing:   8%|▊         | 153/1945 [58:07<8:21:55, 16.81s/it]Processing:   8%|▊         | 158/1945 [58:07<5:19:56, 10.74s/it]Processing:   8%|▊         | 158/1945 [58:18<5:19:56, 10.74s/it]Processing:   8%|▊         | 161/1945 [59:32<7:23:48, 14.93s/it]Processing:   8%|▊         | 165/1945 [1:01:17<9:07:02, 18.44s/it]Processing:   9%|▊         | 168/1945 [1:02:50<10:38:55, 21.57s/it]Processing:   9%|▉         | 173/1945 [1:02:51<6:39:51, 13.54s/it] Processing:   9%|▉         | 173/1945 [1:03:08<6:39:51, 13.54s/it]Processing:   9%|▉         | 176/1945 [1:04:16<8:25:54, 17.16s/it]Processing:   9%|▉         | 180/1945 [1:05:44<9:10:17, 18.71s/it]Processing:  10%|▉         | 185/1945 [1:05:44<5:51:10, 11.97s/it]Processing:  10%|▉         | 190/1945 [1:05:44<3:51:21,  7.91s/it]Processing:  10%|▉         | 190/1945 [1:05:58<3:51:21,  7.91s/it]Processing:  10%|▉         | 192/1945 [1:07:23<7:08:24, 14.66s/it]Processing:  10%|▉         | 193/1945 [1:08:54<10:58:08, 22.54s/it]Processing:  10%|█         | 198/1945 [1:08:54<6:16:42, 12.94s/it] Processing:  10%|█         | 198/1945 [1:09:08<6:16:42, 12.94s/it]Processing:  10%|█         | 203/1945 [1:10:17<6:55:34, 14.31s/it]Processing:  11%|█         | 208/1945 [1:11:45<7:29:15, 15.52s/it]Processing:  11%|█         | 210/1945 [1:13:28<10:21:17, 21.49s/it]Processing:  11%|█         | 212/1945 [1:15:01<12:40:08, 26.32s/it]Processing:  11%|█         | 216/1945 [1:15:01<8:09:23, 16.98s/it] Processing:  11%|█         | 216/1945 [1:15:18<8:09:23, 16.98s/it]Processing:  11%|█         | 217/1945 [1:16:34<12:16:18, 25.57s/it]Processing:  11%|█▏        | 222/1945 [1:16:34<6:47:19, 14.18s/it] Processing:  11%|█▏        | 222/1945 [1:16:48<6:47:19, 14.18s/it]Processing:  12%|█▏        | 225/1945 [1:18:05<8:54:16, 18.64s/it]Processing:  12%|█▏        | 230/1945 [1:18:05<5:21:33, 11.25s/it]Processing:  12%|█▏        | 235/1945 [1:18:06<3:24:50,  7.19s/it]Processing:  12%|█▏        | 235/1945 [1:18:18<3:24:50,  7.19s/it]Processing:  12%|█▏        | 237/1945 [1:19:57<7:20:14, 15.47s/it]Processing:  12%|█▏        | 238/1945 [1:21:53<12:34:24, 26.52s/it]Processing:  12%|█▏        | 240/1945 [1:23:32<15:05:48, 31.88s/it]Processing:  13%|█▎        | 245/1945 [1:23:32<8:08:56, 17.26s/it] Processing:  13%|█▎        | 250/1945 [1:23:32<4:54:41, 10.43s/it]Processing:  13%|█▎        | 255/1945 [1:23:32<3:07:53,  6.67s/it]Processing:  13%|█▎        | 255/1945 [1:23:48<3:07:53,  6.67s/it]Processing:  13%|█▎        | 257/1945 [1:24:52<5:48:47, 12.40s/it]Processing:  13%|█▎        | 260/1945 [1:26:19<7:53:49, 16.87s/it]Processing:  14%|█▎        | 265/1945 [1:26:19<4:48:31, 10.30s/it]Processing:  14%|█▍        | 270/1945 [1:26:20<3:04:59,  6.63s/it]Processing:  14%|█▍        | 270/1945 [1:26:30<3:04:59,  6.63s/it]Processing:  14%|█▍        | 272/1945 [1:28:00<6:31:42, 14.05s/it]Processing:  14%|█▍        | 274/1945 [1:29:26<9:07:37, 19.66s/it]Processing:  14%|█▍        | 279/1945 [1:31:30<10:03:59, 21.75s/it]Processing:  14%|█▍        | 281/1945 [1:33:13<12:41:40, 27.46s/it]Processing:  15%|█▍        | 283/1945 [1:34:48<14:37:08, 31.67s/it]Processing:  15%|█▍        | 288/1945 [1:34:48<8:16:24, 17.97s/it] Processing:  15%|█▍        | 288/1945 [1:34:58<8:16:24, 17.97s/it]Processing:  15%|█▍        | 289/1945 [1:36:27<12:22:21, 26.90s/it]Processing:  15%|█▍        | 290/1945 [1:37:46<15:38:37, 34.03s/it]Processing:  15%|█▌        | 292/1945 [1:39:12<16:45:31, 36.50s/it]Processing:  15%|█▌        | 297/1945 [1:39:12<8:21:56, 18.27s/it] Processing:  16%|█▌        | 302/1945 [1:39:12<4:52:15, 10.67s/it]Processing:  16%|█▌        | 302/1945 [1:39:28<4:52:15, 10.67s/it]Processing:  16%|█▌        | 307/1945 [1:40:45<6:10:58, 13.59s/it]Processing:  16%|█▌        | 308/1945 [1:41:52<8:31:45, 18.76s/it]Processing:  16%|█▌        | 312/1945 [1:43:22<9:06:22, 20.08s/it]Processing:  16%|█▌        | 316/1945 [1:43:22<6:01:52, 13.33s/it]Processing:  16%|█▌        | 316/1945 [1:43:38<6:01:52, 13.33s/it]Processing:  17%|█▋        | 321/1945 [1:44:58<7:00:13, 15.53s/it]Processing:  17%|█▋        | 325/1945 [1:46:29<7:58:34, 17.72s/it]Processing:  17%|█▋        | 330/1945 [1:46:29<5:10:49, 11.55s/it]Processing:  17%|█▋        | 330/1945 [1:46:40<5:10:49, 11.55s/it]Processing:  17%|█▋        | 332/1945 [1:47:55<7:30:32, 16.76s/it]Processing:  17%|█▋        | 337/1945 [1:47:55<4:42:02, 10.52s/it]Processing:  17%|█▋        | 337/1945 [1:48:08<4:42:02, 10.52s/it]Processing:  18%|█▊        | 341/1945 [1:49:51<7:08:39, 16.03s/it]Processing:  18%|█▊        | 346/1945 [1:49:51<4:38:54, 10.47s/it]Processing:  18%|█▊        | 346/1945 [1:50:08<4:38:54, 10.47s/it]Processing:  18%|█▊        | 349/1945 [1:51:10<6:14:03, 14.06s/it]Processing:  18%|█▊        | 353/1945 [1:52:37<7:16:46, 16.46s/it]Processing:  18%|█▊        | 354/1945 [1:53:56<9:58:35, 22.57s/it]Processing:  18%|█▊        | 359/1945 [1:55:43<9:43:51, 22.09s/it]Processing:  19%|█▊        | 361/1945 [1:57:19<11:53:11, 27.01s/it]Processing:  19%|█▉        | 365/1945 [1:57:19<7:40:56, 17.50s/it] Processing:  19%|█▉        | 369/1945 [1:57:19<5:06:01, 11.65s/it]Processing:  19%|█▉        | 369/1945 [1:57:30<5:06:01, 11.65s/it]Processing:  19%|█▉        | 371/1945 [1:58:45<7:43:40, 17.68s/it]Processing:  19%|█▉        | 375/1945 [1:58:45<4:58:19, 11.40s/it]Processing:  19%|█▉        | 375/1945 [1:58:59<4:58:19, 11.40s/it]Processing:  19%|█▉        | 377/1945 [2:00:20<8:08:39, 18.70s/it]Processing:  20%|█▉        | 380/1945 [2:01:41<9:13:57, 21.24s/it]Processing:  20%|█▉        | 382/1945 [2:02:54<10:42:36, 24.67s/it]Processing:  20%|█▉        | 383/1945 [2:04:25<14:40:17, 33.81s/it]Processing:  20%|█▉        | 387/1945 [2:05:48<12:06:58, 28.00s/it]Processing:  20%|█▉        | 388/1945 [2:07:40<17:01:58, 39.38s/it]Processing:  20%|██        | 392/1945 [2:07:40<9:34:00, 22.18s/it] Processing:  20%|██        | 396/1945 [2:07:40<5:52:40, 13.66s/it]Processing:  21%|██        | 401/1945 [2:07:40<3:28:41,  8.11s/it]Processing:  21%|██        | 401/1945 [2:07:59<3:28:41,  8.11s/it]Processing:  21%|██        | 403/1945 [2:09:00<6:03:50, 14.16s/it]Processing:  21%|██        | 408/1945 [2:09:00<3:36:53,  8.47s/it]Processing:  21%|██        | 408/1945 [2:09:19<3:36:53,  8.47s/it]Processing:  21%|██        | 410/1945 [2:10:25<6:18:29, 14.79s/it]Processing:  21%|██        | 412/1945 [2:12:01<9:17:17, 21.81s/it]Processing:  21%|██▏       | 416/1945 [2:12:01<5:47:08, 13.62s/it]Processing:  22%|██▏       | 420/1945 [2:12:01<3:45:29,  8.87s/it]Processing:  22%|██▏       | 424/1945 [2:12:01<2:30:14,  5.93s/it]Processing:  22%|██▏       | 429/1945 [2:12:02<1:34:08,  3.73s/it]Processing:  22%|██▏       | 429/1945 [2:12:19<1:34:08,  3.73s/it]Processing:  22%|██▏       | 432/1945 [2:13:46<4:43:37, 11.25s/it]Processing:  22%|██▏       | 436/1945 [2:13:46<3:13:47,  7.71s/it]Processing:  23%|██▎       | 441/1945 [2:13:46<2:03:43,  4.94s/it]Processing:  23%|██▎       | 441/1945 [2:13:59<2:03:43,  4.94s/it]Processing:  23%|██▎       | 442/1945 [2:15:25<5:44:32, 13.75s/it]Processing:  23%|██▎       | 446/1945 [2:16:51<6:50:29, 16.43s/it]Processing:  23%|██▎       | 450/1945 [2:16:51<4:33:40, 10.98s/it]Processing:  23%|██▎       | 450/1945 [2:17:09<4:33:40, 10.98s/it]Processing:  23%|██▎       | 455/1945 [2:18:08<5:12:20, 12.58s/it]Processing:  24%|██▎       | 460/1945 [2:18:08<3:23:26,  8.22s/it]Processing:  24%|██▎       | 460/1945 [2:18:19<3:23:26,  8.22s/it]Processing:  24%|██▎       | 461/1945 [2:19:24<5:54:23, 14.33s/it]Processing:  24%|██▍       | 463/1945 [2:20:55<8:32:53, 20.76s/it]Processing:  24%|██▍       | 468/1945 [2:20:55<4:55:21, 12.00s/it]Processing:  24%|██▍       | 473/1945 [2:20:55<3:03:45,  7.49s/it]Processing:  24%|██▍       | 473/1945 [2:21:09<3:03:45,  7.49s/it]Processing:  25%|██▍       | 477/1945 [2:22:41<5:22:02, 13.16s/it]Processing:  25%|██▍       | 482/1945 [2:22:41<3:28:59,  8.57s/it]Processing:  25%|██▍       | 482/1945 [2:22:59<3:28:59,  8.57s/it]Processing:  25%|██▍       | 484/1945 [2:23:59<5:32:26, 13.65s/it]Processing:  25%|██▌       | 489/1945 [2:23:59<3:28:00,  8.57s/it]Processing:  25%|██▌       | 489/1945 [2:24:10<3:28:00,  8.57s/it]Processing:  25%|██▌       | 493/1945 [2:25:43<5:32:25, 13.74s/it]Processing:  26%|██▌       | 497/1945 [2:27:44<7:31:04, 18.69s/it]Processing:  26%|██▌       | 501/1945 [2:27:44<5:15:21, 13.10s/it]Processing:  26%|██▌       | 506/1945 [2:27:44<3:24:58,  8.55s/it]Processing:  26%|██▌       | 506/1945 [2:27:59<3:24:58,  8.55s/it]Processing:  26%|██▋       | 511/1945 [2:29:30<5:04:28, 12.74s/it]Processing:  26%|██▋       | 515/1945 [2:30:59<6:06:25, 15.37s/it]Processing:  27%|██▋       | 519/1945 [2:32:30<6:54:20, 17.43s/it]Processing:  27%|██▋       | 524/1945 [2:32:30<4:34:43, 11.60s/it]Processing:  27%|██▋       | 529/1945 [2:32:30<3:05:18,  7.85s/it]Processing:  27%|██▋       | 529/1945 [2:32:49<3:05:18,  7.85s/it]Processing:  27%|██▋       | 530/1945 [2:33:55<5:39:42, 14.40s/it]Processing:  27%|██▋       | 532/1945 [2:35:10<7:24:25, 18.87s/it]Processing:  28%|██▊       | 535/1945 [2:36:55<9:14:21, 23.59s/it]Processing:  28%|██▊       | 539/1945 [2:36:55<5:54:21, 15.12s/it]Processing:  28%|██▊       | 539/1945 [2:37:09<5:54:21, 15.12s/it]Processing:  28%|██▊       | 543/1945 [2:38:55<7:51:38, 20.18s/it]Processing:  28%|██▊       | 547/1945 [2:40:26<8:09:25, 21.01s/it]Processing:  28%|██▊       | 549/1945 [2:42:25<10:59:22, 28.34s/it]Processing:  28%|██▊       | 552/1945 [2:43:57<11:11:38, 28.93s/it]Processing:  28%|██▊       | 554/1945 [2:45:26<12:30:03, 32.35s/it]Processing:  29%|██▊       | 558/1945 [2:45:26<7:43:13, 20.04s/it] Processing:  29%|██▊       | 558/1945 [2:45:39<7:43:13, 20.04s/it]Processing:  29%|██▊       | 559/1945 [2:46:57<10:57:47, 28.48s/it]Processing:  29%|██▉       | 561/1945 [2:48:30<12:44:47, 33.16s/it]Processing:  29%|██▉       | 563/1945 [2:49:30<12:23:46, 32.29s/it]Processing:  29%|██▉       | 565/1945 [2:50:58<13:36:22, 35.49s/it]Processing:  29%|██▉       | 569/1945 [2:50:58<7:35:17, 19.85s/it] Processing:  29%|██▉       | 569/1945 [2:51:09<7:35:17, 19.85s/it]Processing:  29%|██▉       | 573/1945 [2:52:40<8:24:28, 22.06s/it]Processing:  30%|██▉       | 577/1945 [2:52:41<5:24:16, 14.22s/it]Processing:  30%|██▉       | 581/1945 [2:52:41<3:34:35,  9.44s/it]Processing:  30%|██▉       | 581/1945 [2:52:59<3:34:35,  9.44s/it]Processing:  30%|██▉       | 583/1945 [2:54:10<6:09:08, 16.26s/it]Processing:  30%|███       | 585/1945 [2:56:05<9:31:10, 25.20s/it]Processing:  30%|███       | 589/1945 [2:56:05<5:51:49, 15.57s/it]Processing:  30%|███       | 593/1945 [2:56:05<3:47:00, 10.07s/it]Processing:  30%|███       | 593/1945 [2:56:19<3:47:00, 10.07s/it]Processing:  31%|███       | 596/1945 [2:57:34<5:46:46, 15.42s/it]Processing:  31%|███       | 599/1945 [2:57:34<4:08:42, 11.09s/it]Processing:  31%|███       | 599/1945 [2:57:49<4:08:42, 11.09s/it]Processing:  31%|███       | 603/1945 [2:59:07<5:43:58, 15.38s/it]Processing:  31%|███       | 607/1945 [2:59:07<3:48:59, 10.27s/it]Processing:  31%|███       | 607/1945 [2:59:19<3:48:59, 10.27s/it]Processing:  31%|███▏      | 611/1945 [3:00:45<5:29:02, 14.80s/it]Processing:  32%|███▏      | 613/1945 [3:00:45<4:27:19, 12.04s/it]Processing:  32%|███▏      | 613/1945 [3:00:59<4:27:19, 12.04s/it]Processing:  32%|███▏      | 615/1945 [3:02:08<6:45:36, 18.30s/it]Processing:  32%|███▏      | 616/1945 [3:03:33<9:58:17, 27.01s/it]Processing:  32%|███▏      | 620/1945 [3:03:33<5:41:28, 15.46s/it]Processing:  32%|███▏      | 620/1945 [3:03:49<5:41:28, 15.46s/it]Processing:  32%|███▏      | 622/1945 [3:05:21<8:58:24, 24.42s/it]Processing:  32%|███▏      | 625/1945 [3:07:04<10:11:39, 27.80s/it]Processing:  32%|███▏      | 627/1945 [3:08:17<10:55:12, 29.83s/it]Processing:  32%|███▏      | 630/1945 [3:09:52<11:09:08, 30.53s/it]Processing:  32%|███▏      | 632/1945 [3:11:25<12:33:52, 34.45s/it]Processing:  33%|███▎      | 636/1945 [3:11:25<7:22:15, 20.27s/it] Processing:  33%|███▎      | 636/1945 [3:11:39<7:22:15, 20.27s/it]Processing:  33%|███▎      | 639/1945 [3:12:54<8:22:06, 23.07s/it]Processing:  33%|███▎      | 640/1945 [3:14:30<11:45:06, 32.42s/it]Processing:  33%|███▎      | 644/1945 [3:14:30<6:47:15, 18.78s/it] Processing:  33%|███▎      | 648/1945 [3:14:30<4:13:44, 11.74s/it]Processing:  34%|███▎      | 652/1945 [3:14:31<2:44:50,  7.65s/it]Processing:  34%|███▎      | 652/1945 [3:14:49<2:44:50,  7.65s/it]Processing:  34%|███▎      | 656/1945 [3:16:16<4:58:09, 13.88s/it]Processing:  34%|███▍      | 660/1945 [3:17:36<5:38:47, 15.82s/it]Processing:  34%|███▍      | 664/1945 [3:17:36<3:51:27, 10.84s/it]Processing:  34%|███▍      | 664/1945 [3:17:49<3:51:27, 10.84s/it]Processing:  34%|███▍      | 665/1945 [3:19:19<7:09:47, 20.15s/it]Processing:  34%|███▍      | 668/1945 [3:19:19<4:59:18, 14.06s/it]Processing:  35%|███▍      | 672/1945 [3:19:19<3:09:29,  8.93s/it]Processing:  35%|███▍      | 672/1945 [3:19:30<3:09:29,  8.93s/it]Processing:  35%|███▍      | 673/1945 [3:20:40<6:06:33, 17.29s/it]Processing:  35%|███▍      | 674/1945 [3:21:58<9:09:19, 25.93s/it]Processing:  35%|███▍      | 678/1945 [3:21:58<5:02:55, 14.35s/it]Processing:  35%|███▍      | 678/1945 [3:22:09<5:02:55, 14.35s/it]Processing:  35%|███▍      | 680/1945 [3:23:24<7:28:01, 21.25s/it]Processing:  35%|███▌      | 682/1945 [3:24:59<9:48:28, 27.96s/it]Processing:  35%|███▌      | 683/1945 [3:26:59<14:48:48, 42.26s/it]Processing:  35%|███▌      | 687/1945 [3:26:59<7:49:57, 22.41s/it] Processing:  36%|███▌      | 692/1945 [3:26:59<4:14:45, 12.20s/it]Processing:  36%|███▌      | 696/1945 [3:26:59<2:47:05,  8.03s/it]Processing:  36%|███▌      | 696/1945 [3:27:10<2:47:05,  8.03s/it]Processing:  36%|███▌      | 699/1945 [3:28:33<4:56:48, 14.29s/it]Processing:  36%|███▌      | 703/1945 [3:28:34<3:15:54,  9.46s/it]Processing:  36%|███▌      | 703/1945 [3:28:49<3:15:54,  9.46s/it]Processing:  36%|███▌      | 704/1945 [3:30:29<7:11:26, 20.86s/it]Processing:  36%|███▋      | 708/1945 [3:30:29<4:26:17, 12.92s/it]Processing:  36%|███▋      | 708/1945 [3:30:40<4:26:17, 12.92s/it]Processing:  36%|███▋      | 709/1945 [3:32:24<8:39:19, 25.21s/it]Processing:  37%|███▋      | 711/1945 [3:33:47<10:03:54, 29.36s/it]Processing:  37%|███▋      | 712/1945 [3:35:02<12:27:20, 36.37s/it]Processing:  37%|███▋      | 716/1945 [3:35:02<6:36:22, 19.35s/it] Processing:  37%|███▋      | 716/1945 [3:35:19<6:36:22, 19.35s/it]Processing:  37%|███▋      | 717/1945 [3:36:33<10:04:36, 29.54s/it]Processing:  37%|███▋      | 720/1945 [3:36:33<6:13:59, 18.32s/it] Processing:  37%|███▋      | 724/1945 [3:36:33<3:36:22, 10.63s/it]Processing:  37%|███▋      | 724/1945 [3:36:49<3:36:22, 10.63s/it]Processing:  37%|███▋      | 728/1945 [3:38:09<5:17:53, 15.67s/it]Processing:  38%|███▊      | 731/1945 [3:39:35<6:31:15, 19.34s/it]Processing:  38%|███▊      | 735/1945 [3:39:35<4:12:25, 12.52s/it]Processing:  38%|███▊      | 739/1945 [3:39:35<2:47:23,  8.33s/it]Processing:  38%|███▊      | 739/1945 [3:39:49<2:47:23,  8.33s/it]Processing:  38%|███▊      | 741/1945 [3:41:18<5:34:42, 16.68s/it]Processing:  38%|███▊      | 745/1945 [3:41:18<3:35:06, 10.76s/it]Processing:  39%|███▊      | 749/1945 [3:41:18<2:22:19,  7.14s/it]Processing:  39%|███▊      | 749/1945 [3:41:29<2:22:19,  7.14s/it]Processing:  39%|███▊      | 750/1945 [3:42:48<5:18:44, 16.00s/it]Processing:  39%|███▉      | 754/1945 [3:44:15<6:02:25, 18.26s/it]Processing:  39%|███▉      | 758/1945 [3:44:16<3:54:12, 11.84s/it]Processing:  39%|███▉      | 758/1945 [3:44:29<3:54:12, 11.84s/it]Processing:  39%|███▉      | 761/1945 [3:45:52<5:43:39, 17.42s/it]Processing:  39%|███▉      | 766/1945 [3:45:52<3:27:19, 10.55s/it]Processing:  39%|███▉      | 766/1945 [3:46:09<3:27:19, 10.55s/it]Processing:  39%|███▉      | 768/1945 [3:48:00<6:40:16, 20.40s/it]Processing:  40%|███▉      | 772/1945 [3:48:01<4:21:38, 13.38s/it]Processing:  40%|███▉      | 772/1945 [3:48:19<4:21:38, 13.38s/it]Processing:  40%|███▉      | 775/1945 [3:49:39<6:02:52, 18.61s/it]Processing:  40%|████      | 778/1945 [3:51:24<7:31:17, 23.20s/it]Processing:  40%|████      | 782/1945 [3:52:44<7:08:13, 22.09s/it]Processing:  40%|████      | 785/1945 [3:54:29<8:13:45, 25.54s/it]Processing:  41%|████      | 789/1945 [3:54:29<5:24:52, 16.86s/it]Processing:  41%|████      | 789/1945 [3:54:40<5:24:52, 16.86s/it]Processing:  41%|████      | 791/1945 [3:55:57<7:06:08, 22.16s/it]Processing:  41%|████      | 794/1945 [3:57:31<7:57:16, 24.88s/it]Processing:  41%|████      | 798/1945 [3:57:31<5:04:36, 15.93s/it]Processing:  41%|████      | 802/1945 [3:57:31<3:20:38, 10.53s/it]Processing:  41%|████      | 802/1945 [3:57:49<3:20:38, 10.53s/it]Processing:  41%|████▏     | 806/1945 [3:58:56<4:26:38, 14.05s/it]Processing:  42%|████▏     | 810/1945 [3:58:56<3:01:19,  9.59s/it]Processing:  42%|████▏     | 815/1945 [3:58:56<1:55:17,  6.12s/it]Processing:  42%|████▏     | 815/1945 [3:59:09<1:55:17,  6.12s/it]Processing:  42%|████▏     | 817/1945 [4:00:27<4:02:08, 12.88s/it]Processing:  42%|████▏     | 821/1945 [4:00:28<2:42:06,  8.65s/it]Processing:  42%|████▏     | 821/1945 [4:00:39<2:42:06,  8.65s/it]Processing:  42%|████▏     | 822/1945 [4:01:51<5:09:44, 16.55s/it]Processing:  42%|████▏     | 826/1945 [4:01:51<3:13:00, 10.35s/it]Processing:  42%|████▏     | 826/1945 [4:02:09<3:13:00, 10.35s/it]Processing:  43%|████▎     | 830/1945 [4:03:40<5:00:44, 16.18s/it]Processing:  43%|████▎     | 831/1945 [4:05:09<7:31:19, 24.31s/it]Processing:  43%|████▎     | 833/1945 [4:07:01<9:50:33, 31.86s/it]Processing:  43%|████▎     | 837/1945 [4:07:01<5:48:58, 18.90s/it]Processing:  43%|████▎     | 837/1945 [4:07:19<5:48:58, 18.90s/it]Processing:  43%|████▎     | 842/1945 [4:08:33<5:44:35, 18.74s/it]Processing:  43%|████▎     | 845/1945 [4:10:15<6:56:51, 22.74s/it]Processing:  44%|████▎     | 849/1945 [4:11:42<6:50:03, 22.45s/it]Processing:  44%|████▍     | 853/1945 [4:11:42<4:36:18, 15.18s/it]Processing:  44%|████▍     | 858/1945 [4:11:43<2:54:23,  9.63s/it]Processing:  44%|████▍     | 858/1945 [4:11:59<2:54:23,  9.63s/it]Processing:  44%|████▍     | 861/1945 [4:13:23<4:36:15, 15.29s/it]Processing:  44%|████▍     | 865/1945 [4:13:23<3:09:16, 10.52s/it]Processing:  45%|████▍     | 869/1945 [4:13:23<2:10:28,  7.28s/it]Processing:  45%|████▍     | 873/1945 [4:13:23<1:30:19,  5.06s/it]Processing:  45%|████▌     | 877/1945 [4:13:23<1:02:44,  3.52s/it]Processing:  45%|████▌     | 881/1945 [4:13:23<43:42,  2.46s/it]  Processing:  46%|████▌     | 885/1945 [4:13:23<30:32,  1.73s/it]Processing:  46%|████▌     | 885/1945 [4:13:39<30:32,  1.73s/it]Processing:  46%|████▌     | 887/1945 [4:15:03<3:00:42, 10.25s/it]Processing:  46%|████▌     | 888/1945 [4:16:15<5:04:14, 17.27s/it]Processing:  46%|████▌     | 889/1945 [4:17:41<7:50:40, 26.74s/it]Processing:  46%|████▌     | 893/1945 [4:17:41<4:21:59, 14.94s/it]Processing:  46%|████▌     | 893/1945 [4:17:59<4:21:59, 14.94s/it]Processing:  46%|████▌     | 897/1945 [4:19:01<4:55:11, 16.90s/it]Processing:  46%|████▌     | 898/1945 [4:20:27<7:21:27, 25.30s/it]Processing:  46%|████▋     | 902/1945 [4:20:27<4:19:49, 14.95s/it]Processing:  46%|████▋     | 902/1945 [4:20:39<4:19:49, 14.95s/it]Processing:  46%|████▋     | 903/1945 [4:21:45<6:38:26, 22.94s/it]Processing:  46%|████▋     | 904/1945 [4:23:03<9:06:44, 31.51s/it]Processing:  47%|████▋     | 905/1945 [4:24:18<11:21:56, 39.34s/it]Processing:  47%|████▋     | 906/1945 [4:25:46<14:13:22, 49.28s/it]Processing:  47%|████▋     | 907/1945 [4:27:13<16:37:59, 57.69s/it]Processing:  47%|████▋     | 908/1945 [4:29:06<20:31:49, 71.27s/it]Processing:  47%|████▋     | 910/1945 [4:30:48<18:05:53, 62.95s/it]Processing:  47%|████▋     | 911/1945 [4:32:11<19:23:48, 67.53s/it]Processing:  47%|████▋     | 913/1945 [4:33:49<17:16:44, 60.28s/it]Processing:  47%|████▋     | 917/1945 [4:33:49<8:06:24, 28.39s/it] Processing:  47%|████▋     | 921/1945 [4:33:49<4:36:05, 16.18s/it]Processing:  47%|████▋     | 921/1945 [4:34:00<4:36:05, 16.18s/it]Processing:  48%|████▊     | 924/1945 [4:35:18<5:46:17, 20.35s/it]Processing:  48%|████▊     | 925/1945 [4:36:50<8:25:23, 29.73s/it]Processing:  48%|████▊     | 926/1945 [4:38:36<11:49:14, 41.76s/it]Processing:  48%|████▊     | 928/1945 [4:39:56<11:38:47, 41.23s/it]Processing:  48%|████▊     | 930/1945 [4:41:33<12:15:55, 43.50s/it]Processing:  48%|████▊     | 932/1945 [4:43:01<12:15:27, 43.56s/it]Processing:  48%|████▊     | 936/1945 [4:44:42<9:49:01, 35.03s/it] Processing:  48%|████▊     | 937/1945 [4:46:07<11:49:56, 42.26s/it]Processing:  48%|████▊     | 939/1945 [4:47:31<11:47:04, 42.17s/it]Processing:  48%|████▊     | 942/1945 [4:49:03<10:30:32, 37.72s/it]Processing:  49%|████▊     | 946/1945 [4:49:03<6:03:23, 21.82s/it] Processing:  49%|████▊     | 946/1945 [4:49:19<6:03:23, 21.82s/it]Processing:  49%|████▊     | 947/1945 [4:50:23<8:10:48, 29.51s/it]Processing:  49%|████▉     | 950/1945 [4:52:04<8:33:13, 30.95s/it]Processing:  49%|████▉     | 954/1945 [4:53:30<7:28:16, 27.14s/it]Processing:  49%|████▉     | 957/1945 [4:55:26<8:24:18, 30.63s/it]Processing:  49%|████▉     | 961/1945 [4:55:26<5:18:31, 19.42s/it]Processing:  49%|████▉     | 961/1945 [4:55:39<5:18:31, 19.42s/it]Processing:  50%|████▉     | 964/1945 [4:56:55<6:04:28, 22.29s/it]Processing:  50%|████▉     | 966/1945 [4:58:46<7:58:03, 29.30s/it]Processing:  50%|████▉     | 969/1945 [5:00:16<8:00:53, 29.56s/it]Processing:  50%|████▉     | 971/1945 [5:01:40<8:45:10, 32.35s/it]Processing:  50%|█████     | 974/1945 [5:03:03<8:19:09, 30.84s/it]Processing:  50%|█████     | 976/1945 [5:04:48<9:40:56, 35.97s/it]Processing:  50%|█████     | 980/1945 [5:06:31<8:32:44, 31.88s/it]Processing:  51%|█████     | 984/1945 [5:07:56<7:27:00, 27.91s/it]Processing:  51%|█████     | 986/1945 [5:09:07<7:52:39, 29.57s/it]Processing:  51%|█████     | 989/1945 [5:11:08<8:43:49, 32.88s/it]Processing:  51%|█████     | 993/1945 [5:11:08<5:28:57, 20.73s/it]Processing:  51%|█████▏    | 997/1945 [5:11:09<3:34:30, 13.58s/it]Processing:  51%|█████▏    | 997/1945 [5:11:19<3:34:30, 13.58s/it]Processing:  51%|█████▏    | 999/1945 [5:12:44<5:20:19, 20.32s/it]Processing:  52%|█████▏    | 1003/1945 [5:12:44<3:23:53, 12.99s/it]Processing:  52%|█████▏    | 1003/1945 [5:12:59<3:23:53, 12.99s/it]Processing:  52%|█████▏    | 1007/1945 [5:14:38<4:45:54, 18.29s/it]Processing:  52%|█████▏    | 1010/1945 [5:16:17<5:45:48, 22.19s/it]Processing:  52%|█████▏    | 1013/1945 [5:17:38<6:06:08, 23.57s/it]Processing:  52%|█████▏    | 1017/1945 [5:17:38<3:58:59, 15.45s/it]Processing:  52%|█████▏    | 1017/1945 [5:17:49<3:58:59, 15.45s/it]Processing:  52%|█████▏    | 1020/1945 [5:19:06<4:55:50, 19.19s/it]Processing:  53%|█████▎    | 1022/1945 [5:20:43<6:27:19, 25.18s/it]Processing:  53%|█████▎    | 1026/1945 [5:20:43<4:03:37, 15.91s/it]Processing:  53%|█████▎    | 1026/1945 [5:20:59<4:03:37, 15.91s/it]Processing:  53%|█████▎    | 1027/1945 [5:22:37<6:57:48, 27.31s/it]Processing:  53%|█████▎    | 1028/1945 [5:24:45<10:36:48, 41.67s/it]Processing:  53%|█████▎    | 1031/1945 [5:26:03<9:03:12, 35.66s/it] Processing:  53%|█████▎    | 1035/1945 [5:26:03<5:14:11, 20.72s/it]Processing:  53%|█████▎    | 1035/1945 [5:26:19<5:14:11, 20.72s/it]Processing:  53%|█████▎    | 1039/1945 [5:27:32<5:22:03, 21.33s/it]Processing:  54%|█████▎    | 1041/1945 [5:29:02<6:36:45, 26.33s/it]Processing:  54%|█████▎    | 1045/1945 [5:29:03<4:06:33, 16.44s/it]Processing:  54%|█████▎    | 1045/1945 [5:29:19<4:06:33, 16.44s/it]Processing:  54%|█████▍    | 1047/1945 [5:30:36<5:42:10, 22.86s/it]Processing:  54%|█████▍    | 1049/1945 [5:32:21<7:23:44, 29.72s/it]Processing:  54%|█████▍    | 1053/1945 [5:32:21<4:25:41, 17.87s/it]Processing:  54%|█████▍    | 1053/1945 [5:32:39<4:25:41, 17.87s/it]Processing:  54%|█████▍    | 1054/1945 [5:34:08<7:09:52, 28.95s/it]Processing:  54%|█████▍    | 1058/1945 [5:34:08<4:10:02, 16.91s/it]Processing:  55%|█████▍    | 1062/1945 [5:34:08<2:36:14, 10.62s/it]Processing:  55%|█████▍    | 1062/1945 [5:34:19<2:36:14, 10.62s/it]Processing:  55%|█████▍    | 1065/1945 [5:35:30<3:46:09, 15.42s/it]Processing:  55%|█████▍    | 1066/1945 [5:37:17<6:26:51, 26.41s/it]Processing:  55%|█████▍    | 1067/1945 [5:38:49<8:46:15, 35.96s/it]Processing:  55%|█████▍    | 1069/1945 [5:40:06<8:55:03, 36.65s/it]Processing:  55%|█████▌    | 1072/1945 [5:41:30<8:04:26, 33.29s/it]Processing:  55%|█████▌    | 1074/1945 [5:42:56<8:40:55, 35.88s/it]Processing:  55%|█████▌    | 1078/1945 [5:44:57<8:03:12, 33.44s/it]Processing:  56%|█████▌    | 1080/1945 [5:46:34<8:54:41, 37.09s/it]Processing:  56%|█████▌    | 1084/1945 [5:46:34<5:17:30, 22.13s/it]Processing:  56%|█████▌    | 1089/1945 [5:46:35<3:03:34, 12.87s/it]Processing:  56%|█████▌    | 1093/1945 [5:46:35<2:03:40,  8.71s/it]Processing:  56%|█████▌    | 1093/1945 [5:46:49<2:03:40,  8.71s/it]Processing:  56%|█████▌    | 1094/1945 [5:48:22<4:28:05, 18.90s/it]Processing:  56%|█████▋    | 1095/1945 [5:49:44<6:23:22, 27.06s/it]Processing:  56%|█████▋    | 1098/1945 [5:51:16<6:40:38, 28.38s/it]Processing:  57%|█████▋    | 1102/1945 [5:51:16<3:57:47, 16.92s/it]Processing:  57%|█████▋    | 1106/1945 [5:51:16<2:30:11, 10.74s/it]Processing:  57%|█████▋    | 1106/1945 [5:51:29<2:30:11, 10.74s/it]Processing:  57%|█████▋    | 1109/1945 [5:53:09<4:14:38, 18.28s/it]Processing:  57%|█████▋    | 1111/1945 [5:54:44<5:40:18, 24.48s/it]Processing:  57%|█████▋    | 1112/1945 [5:56:37<8:21:00, 36.09s/it]Processing:  57%|█████▋    | 1116/1945 [5:56:37<4:45:04, 20.63s/it]Processing:  58%|█████▊    | 1120/1945 [5:56:37<2:56:06, 12.81s/it]Processing:  58%|█████▊    | 1124/1945 [5:56:37<1:53:44,  8.31s/it]Processing:  58%|█████▊    | 1124/1945 [5:56:49<1:53:44,  8.31s/it]Processing:  58%|█████▊    | 1125/1945 [5:58:22<4:20:34, 19.07s/it]Processing:  58%|█████▊    | 1129/1945 [5:58:22<2:38:29, 11.65s/it]Processing:  58%|█████▊    | 1133/1945 [5:58:22<1:41:28,  7.50s/it]Processing:  58%|█████▊    | 1133/1945 [5:58:39<1:41:28,  7.50s/it]Processing:  58%|█████▊    | 1135/1945 [5:59:40<3:07:13, 13.87s/it]Processing:  59%|█████▊    | 1139/1945 [5:59:40<1:57:58,  8.78s/it]Processing:  59%|█████▉    | 1143/1945 [5:59:40<1:17:05,  5.77s/it]Processing:  59%|█████▉    | 1143/1945 [5:59:59<1:17:05,  5.77s/it]Processing:  59%|█████▉    | 1147/1945 [6:01:02<2:21:02, 10.61s/it]Processing:  59%|█████▉    | 1150/1945 [6:02:33<3:28:54, 15.77s/it]Processing:  59%|█████▉    | 1154/1945 [6:02:33<2:18:57, 10.54s/it]Processing:  60%|█████▉    | 1158/1945 [6:02:33<1:33:52,  7.16s/it]Processing:  60%|█████▉    | 1162/1945 [6:02:33<1:04:05,  4.91s/it]Processing:  60%|█████▉    | 1166/1945 [6:02:33<44:05,  3.40s/it]  Processing:  60%|██████    | 1170/1945 [6:02:34<30:30,  2.36s/it]Processing:  60%|██████    | 1174/1945 [6:02:34<21:11,  1.65s/it]Processing:  60%|██████    | 1174/1945 [6:02:49<21:11,  1.65s/it]Processing:  61%|██████    | 1178/1945 [6:03:52<1:30:44,  7.10s/it]Processing:  61%|██████    | 1182/1945 [6:03:52<1:03:04,  4.96s/it]Processing:  61%|██████    | 1186/1945 [6:03:52<43:56,  3.47s/it]  Processing:  61%|██████    | 1186/1945 [6:04:09<43:56,  3.47s/it]Processing:  61%|██████    | 1187/1945 [6:05:38<2:49:32, 13.42s/it]Processing:  61%|██████    | 1191/1945 [6:05:38<1:48:31,  8.64s/it]Processing:  61%|██████▏   | 1195/1945 [6:05:38<1:11:35,  5.73s/it]Processing:  61%|██████▏   | 1195/1945 [6:05:49<1:11:35,  5.73s/it]Processing:  62%|██████▏   | 1197/1945 [6:07:08<2:46:35, 13.36s/it]Processing:  62%|██████▏   | 1198/1945 [6:08:32<4:32:36, 21.90s/it]Processing:  62%|██████▏   | 1202/1945 [6:08:32<2:39:55, 12.91s/it]Processing:  62%|██████▏   | 1202/1945 [6:08:49<2:39:55, 12.91s/it]Processing:  62%|██████▏   | 1206/1945 [6:09:50<3:08:58, 15.34s/it]Processing:  62%|██████▏   | 1207/1945 [6:11:37<5:20:35, 26.06s/it]Processing:  62%|██████▏   | 1210/1945 [6:11:37<3:33:00, 17.39s/it]Processing:  62%|██████▏   | 1210/1945 [6:11:49<3:33:00, 17.39s/it]Processing:  62%|██████▏   | 1212/1945 [6:12:53<4:32:55, 22.34s/it]Processing:  62%|██████▏   | 1215/1945 [6:12:53<2:59:25, 14.75s/it]Processing:  62%|██████▏   | 1215/1945 [6:13:09<2:59:25, 14.75s/it]Processing:  63%|██████▎   | 1217/1945 [6:14:29<4:37:23, 22.86s/it]Processing:  63%|██████▎   | 1218/1945 [6:15:49<6:20:57, 31.44s/it]Processing:  63%|██████▎   | 1219/1945 [6:17:51<9:31:07, 47.20s/it]Processing:  63%|██████▎   | 1220/1945 [6:19:37<11:52:45, 58.99s/it]Processing:  63%|██████▎   | 1224/1945 [6:19:37<5:30:39, 27.52s/it] Processing:  63%|██████▎   | 1228/1945 [6:19:37<3:06:43, 15.63s/it]Processing:  63%|██████▎   | 1232/1945 [6:19:37<1:54:52,  9.67s/it]Processing:  63%|██████▎   | 1232/1945 [6:19:49<1:54:52,  9.67s/it]Processing:  63%|██████▎   | 1234/1945 [6:20:46<2:57:07, 14.95s/it]Processing:  64%|██████▎   | 1237/1945 [6:20:46<2:00:59, 10.25s/it]Processing:  64%|██████▎   | 1237/1945 [6:20:59<2:00:59, 10.25s/it]Processing:  64%|██████▎   | 1239/1945 [6:22:09<3:25:40, 17.48s/it]Processing:  64%|██████▍   | 1242/1945 [6:23:39<4:13:35, 21.64s/it]Processing:  64%|██████▍   | 1245/1945 [6:23:39<2:51:37, 14.71s/it]Processing:  64%|██████▍   | 1245/1945 [6:23:50<2:51:37, 14.71s/it]Processing:  64%|██████▍   | 1246/1945 [6:25:11<4:50:24, 24.93s/it]Processing:  64%|██████▍   | 1250/1945 [6:25:11<2:44:27, 14.20s/it]Processing:  64%|██████▍   | 1254/1945 [6:25:11<1:41:19,  8.80s/it]Processing:  64%|██████▍   | 1254/1945 [6:25:29<1:41:19,  8.80s/it]Processing:  65%|██████▍   | 1258/1945 [6:26:47<2:41:32, 14.11s/it]Processing:  65%|██████▍   | 1262/1945 [6:26:47<1:46:55,  9.39s/it]Processing:  65%|██████▍   | 1262/1945 [6:26:59<1:46:55,  9.39s/it]Processing:  65%|██████▍   | 1264/1945 [6:28:10<2:57:15, 15.62s/it]Processing:  65%|██████▌   | 1268/1945 [6:29:50<3:33:27, 18.92s/it]Processing:  65%|██████▌   | 1272/1945 [6:29:50<2:20:50, 12.56s/it]Processing:  65%|██████▌   | 1272/1945 [6:30:00<2:20:50, 12.56s/it]Processing:  65%|██████▌   | 1273/1945 [6:31:15<3:48:12, 20.38s/it]Processing:  66%|██████▌   | 1275/1945 [6:32:42<4:47:54, 25.78s/it]Processing:  66%|██████▌   | 1277/1945 [6:34:19<5:51:01, 31.53s/it]Processing:  66%|██████▌   | 1280/1945 [6:34:19<3:47:19, 20.51s/it]Processing:  66%|██████▌   | 1284/1945 [6:34:20<2:15:42, 12.32s/it]Processing:  66%|██████▌   | 1284/1945 [6:34:30<2:15:42, 12.32s/it]Processing:  66%|██████▌   | 1285/1945 [6:36:00<4:17:03, 23.37s/it]Processing:  66%|██████▋   | 1289/1945 [6:37:45<4:28:25, 24.55s/it]Processing:  66%|██████▋   | 1291/1945 [6:37:45<3:26:23, 18.94s/it]Processing:  67%|██████▋   | 1295/1945 [6:37:45<2:04:02, 11.45s/it]Processing:  67%|██████▋   | 1295/1945 [6:37:59<2:04:02, 11.45s/it]Processing:  67%|██████▋   | 1299/1945 [6:39:49<3:19:06, 18.49s/it]Processing:  67%|██████▋   | 1302/1945 [6:41:08<3:41:44, 20.69s/it]Processing:  67%|██████▋   | 1306/1945 [6:41:08<2:23:58, 13.52s/it]Processing:  67%|██████▋   | 1306/1945 [6:41:19<2:23:58, 13.52s/it]Processing:  67%|██████▋   | 1310/1945 [6:42:31<2:47:47, 15.85s/it]Processing:  68%|██████▊   | 1313/1945 [6:43:39<3:06:02, 17.66s/it]Processing:  68%|██████▊   | 1316/1945 [6:45:03<3:35:13, 20.53s/it]Processing:  68%|██████▊   | 1320/1945 [6:45:04<2:20:53, 13.53s/it]Processing:  68%|██████▊   | 1324/1945 [6:45:04<1:34:10,  9.10s/it]Processing:  68%|██████▊   | 1328/1945 [6:45:04<1:03:48,  6.21s/it]Processing:  68%|██████▊   | 1332/1945 [6:45:04<43:38,  4.27s/it]  Processing:  68%|██████▊   | 1332/1945 [6:45:19<43:38,  4.27s/it]Processing:  69%|██████▊   | 1335/1945 [6:46:29<1:44:46, 10.31s/it]Processing:  69%|██████▉   | 1339/1945 [6:46:29<1:10:29,  6.98s/it]Processing:  69%|██████▉   | 1343/1945 [6:46:29<47:58,  4.78s/it]  Processing:  69%|██████▉   | 1347/1945 [6:46:29<32:54,  3.30s/it]Processing:  69%|██████▉   | 1347/1945 [6:46:40<32:54,  3.30s/it]Processing:  69%|██████▉   | 1348/1945 [6:47:43<1:43:36, 10.41s/it]Processing:  69%|██████▉   | 1350/1945 [6:49:15<3:01:04, 18.26s/it]Processing:  70%|██████▉   | 1354/1945 [6:49:15<1:50:07, 11.18s/it]Processing:  70%|██████▉   | 1354/1945 [6:49:29<1:50:07, 11.18s/it]Processing:  70%|██████▉   | 1355/1945 [6:50:56<3:37:20, 22.10s/it]Processing:  70%|██████▉   | 1359/1945 [6:50:56<2:07:23, 13.04s/it]Processing:  70%|██████▉   | 1359/1945 [6:51:09<2:07:23, 13.04s/it]Processing:  70%|██████▉   | 1360/1945 [6:52:57<4:21:06, 26.78s/it]Processing:  70%|███████   | 1363/1945 [6:54:38<4:44:25, 29.32s/it]Processing:  70%|███████   | 1366/1945 [6:54:39<3:08:03, 19.49s/it]Processing:  70%|███████   | 1370/1945 [6:54:39<1:54:00, 11.90s/it]Processing:  70%|███████   | 1370/1945 [6:54:49<1:54:00, 11.90s/it]Processing:  71%|███████   | 1373/1945 [6:56:08<2:43:40, 17.17s/it]Processing:  71%|███████   | 1376/1945 [6:56:08<1:54:40, 12.09s/it]Processing:  71%|███████   | 1380/1945 [6:56:08<1:12:52,  7.74s/it]Processing:  71%|███████   | 1384/1945 [6:56:08<47:50,  5.12s/it]  Processing:  71%|███████▏  | 1388/1945 [6:56:08<32:02,  3.45s/it]Processing:  72%|███████▏  | 1392/1945 [6:56:09<21:46,  2.36s/it]Processing:  72%|███████▏  | 1396/1945 [6:56:09<14:56,  1.63s/it]Processing:  72%|███████▏  | 1396/1945 [6:56:19<14:56,  1.63s/it]Processing:  72%|███████▏  | 1397/1945 [6:57:41<1:38:05, 10.74s/it]Processing:  72%|███████▏  | 1399/1945 [6:59:07<2:42:54, 17.90s/it]Processing:  72%|███████▏  | 1402/1945 [6:59:07<1:49:44, 12.13s/it]Processing:  72%|███████▏  | 1402/1945 [6:59:19<1:49:44, 12.13s/it]Processing:  72%|███████▏  | 1404/1945 [7:00:24<2:46:01, 18.41s/it]Processing:  72%|███████▏  | 1405/1945 [7:01:41<4:00:45, 26.75s/it]Processing:  72%|███████▏  | 1409/1945 [7:01:41<2:11:13, 14.69s/it]Processing:  72%|███████▏  | 1409/1945 [7:01:59<2:11:13, 14.69s/it]Processing:  73%|███████▎  | 1412/1945 [7:03:04<2:48:27, 18.96s/it]Processing:  73%|███████▎  | 1413/1945 [7:05:01<4:44:22, 32.07s/it]Processing:  73%|███████▎  | 1416/1945 [7:05:01<2:59:33, 20.37s/it]Processing:  73%|███████▎  | 1420/1945 [7:05:01<1:45:11, 12.02s/it]Processing:  73%|███████▎  | 1420/1945 [7:05:19<1:45:11, 12.02s/it]Processing:  73%|███████▎  | 1422/1945 [7:06:30<2:49:10, 19.41s/it]Processing:  73%|███████▎  | 1425/1945 [7:07:48<3:06:50, 21.56s/it]Processing:  73%|███████▎  | 1429/1945 [7:07:48<1:54:21, 13.30s/it]Processing:  73%|███████▎  | 1429/1945 [7:07:59<1:54:21, 13.30s/it]Processing:  74%|███████▎  | 1433/1945 [7:09:25<2:26:13, 17.14s/it]Processing:  74%|███████▍  | 1437/1945 [7:11:00<2:44:00, 19.37s/it]Processing:  74%|███████▍  | 1440/1945 [7:11:00<1:59:59, 14.26s/it]Processing:  74%|███████▍  | 1440/1945 [7:11:19<1:59:59, 14.26s/it]Processing:  74%|███████▍  | 1442/1945 [7:12:12<2:36:24, 18.66s/it]Processing:  74%|███████▍  | 1444/1945 [7:14:17<3:57:32, 28.45s/it]Processing:  74%|███████▍  | 1448/1945 [7:14:18<2:23:56, 17.38s/it]Processing:  74%|███████▍  | 1448/1945 [7:14:29<2:23:56, 17.38s/it]Processing:  74%|███████▍  | 1449/1945 [7:15:37<3:26:50, 25.02s/it]Processing:  75%|███████▍  | 1450/1945 [7:17:12<4:51:50, 35.38s/it]Processing:  75%|███████▍  | 1453/1945 [7:17:12<2:57:21, 21.63s/it]Processing:  75%|███████▍  | 1453/1945 [7:17:29<2:57:21, 21.63s/it]Processing:  75%|███████▍  | 1455/1945 [7:18:48<3:54:59, 28.77s/it]Processing:  75%|███████▍  | 1457/1945 [7:20:06<4:17:08, 31.61s/it]Processing:  75%|███████▌  | 1461/1945 [7:20:07<2:22:06, 17.62s/it]Processing:  75%|███████▌  | 1461/1945 [7:20:19<2:22:06, 17.62s/it]Processing:  75%|███████▌  | 1462/1945 [7:21:45<3:50:47, 28.67s/it]Processing:  75%|███████▌  | 1466/1945 [7:21:45<2:08:36, 16.11s/it]Processing:  75%|███████▌  | 1466/1945 [7:21:59<2:08:36, 16.11s/it]Processing:  76%|███████▌  | 1469/1945 [7:23:17<2:44:48, 20.77s/it]Processing:  76%|███████▌  | 1470/1945 [7:24:50<3:59:45, 30.28s/it]Processing:  76%|███████▌  | 1474/1945 [7:24:50<2:15:33, 17.27s/it]Processing:  76%|███████▌  | 1478/1945 [7:24:50<1:23:20, 10.71s/it]Processing:  76%|███████▌  | 1478/1945 [7:25:09<1:23:20, 10.71s/it]Processing:  76%|███████▌  | 1479/1945 [7:26:57<3:10:58, 24.59s/it]Processing:  76%|███████▌  | 1482/1945 [7:28:23<3:20:41, 26.01s/it]Processing:  76%|███████▋  | 1484/1945 [7:29:41<3:43:51, 29.14s/it]Processing:  76%|███████▋  | 1487/1945 [7:31:07<3:41:36, 29.03s/it]Processing:  77%|███████▋  | 1490/1945 [7:32:42<3:46:10, 29.83s/it]Processing:  77%|███████▋  | 1492/1945 [7:33:58<3:59:58, 31.78s/it]Processing:  77%|███████▋  | 1495/1945 [7:35:26<3:52:25, 30.99s/it]Processing:  77%|███████▋  | 1497/1945 [7:37:21<4:39:44, 37.46s/it]Processing:  77%|███████▋  | 1499/1945 [7:38:41<4:43:21, 38.12s/it]Processing:  77%|███████▋  | 1502/1945 [7:38:41<3:01:16, 24.55s/it]Processing:  77%|███████▋  | 1506/1945 [7:38:42<1:47:09, 14.65s/it]Processing:  78%|███████▊  | 1510/1945 [7:38:42<1:07:22,  9.29s/it]Processing:  78%|███████▊  | 1510/1945 [7:38:59<1:07:22,  9.29s/it]Processing:  78%|███████▊  | 1512/1945 [7:40:23<2:09:01, 17.88s/it]Processing:  78%|███████▊  | 1514/1945 [7:41:32<2:35:44, 21.68s/it]Processing:  78%|███████▊  | 1518/1945 [7:41:32<1:33:26, 13.13s/it]Processing:  78%|███████▊  | 1518/1945 [7:41:49<1:33:26, 13.13s/it]Processing:  78%|███████▊  | 1520/1945 [7:42:59<2:20:07, 19.78s/it]Processing:  78%|███████▊  | 1524/1945 [7:44:19<2:19:21, 19.86s/it]Processing:  79%|███████▊  | 1528/1945 [7:44:19<1:29:02, 12.81s/it]Processing:  79%|███████▉  | 1532/1945 [7:44:19<58:32,  8.51s/it]  Processing:  79%|███████▉  | 1536/1945 [7:44:19<39:12,  5.75s/it]Processing:  79%|███████▉  | 1540/1945 [7:44:19<26:34,  3.94s/it]Processing:  79%|███████▉  | 1544/1945 [7:44:19<18:09,  2.72s/it]Processing:  79%|███████▉  | 1544/1945 [7:44:30<18:09,  2.72s/it]Processing:  80%|███████▉  | 1547/1945 [7:45:45<1:00:45,  9.16s/it]Processing:  80%|███████▉  | 1551/1945 [7:47:07<1:24:26, 12.86s/it]Processing:  80%|███████▉  | 1552/1945 [7:48:44<2:21:09, 21.55s/it]Processing:  80%|███████▉  | 1553/1945 [7:50:10<3:14:40, 29.80s/it]Processing:  80%|███████▉  | 1555/1945 [7:51:36<3:36:45, 33.35s/it]Processing:  80%|████████  | 1557/1945 [7:51:36<2:35:55, 24.11s/it]Processing:  80%|████████  | 1561/1945 [7:51:36<1:26:12, 13.47s/it]Processing:  80%|████████  | 1564/1945 [7:51:36<58:10,  9.16s/it]  Processing:  81%|████████  | 1567/1945 [7:51:36<39:38,  6.29s/it]Processing:  81%|████████  | 1570/1945 [7:51:37<27:13,  4.36s/it]Processing:  81%|████████  | 1570/1945 [7:51:49<27:13,  4.36s/it]Processing:  81%|████████  | 1571/1945 [7:53:14<1:41:46, 16.33s/it]Processing:  81%|████████  | 1573/1945 [7:54:59<2:41:31, 26.05s/it]Processing:  81%|████████  | 1575/1945 [7:56:27<3:11:32, 31.06s/it]Processing:  81%|████████  | 1578/1945 [7:58:01<3:10:13, 31.10s/it]Processing:  81%|████████  | 1580/1945 [7:58:01<2:19:41, 22.96s/it]Processing:  81%|████████  | 1580/1945 [7:58:19<2:19:41, 22.96s/it]Processing:  81%|████████▏ | 1581/1945 [7:59:42<3:33:52, 35.25s/it]Processing:  81%|████████▏ | 1584/1945 [7:59:42<2:06:41, 21.06s/it]Processing:  81%|████████▏ | 1584/1945 [7:59:59<2:06:41, 21.06s/it]Processing:  81%|████████▏ | 1585/1945 [8:01:23<3:23:20, 33.89s/it]Processing:  82%|████████▏ | 1588/1945 [8:01:23<1:59:24, 20.07s/it]Processing:  82%|████████▏ | 1588/1945 [8:01:39<1:59:24, 20.07s/it]Processing:  82%|████████▏ | 1590/1945 [8:02:36<2:26:17, 24.73s/it]Processing:  82%|████████▏ | 1592/1945 [8:02:36<1:43:59, 17.68s/it]Processing:  82%|████████▏ | 1595/1945 [8:02:36<1:04:03, 10.98s/it]Processing:  82%|████████▏ | 1598/1945 [8:02:36<41:16,  7.14s/it]  Processing:  82%|████████▏ | 1598/1945 [8:02:49<41:16,  7.14s/it]Processing:  82%|████████▏ | 1600/1945 [8:04:20<1:45:37, 18.37s/it]Processing:  82%|████████▏ | 1601/1945 [8:05:46<2:44:25, 28.68s/it]Processing:  82%|████████▏ | 1602/1945 [8:07:15<3:45:01, 39.36s/it]Processing:  82%|████████▏ | 1603/1945 [8:08:37<4:33:56, 48.06s/it]Processing:  83%|████████▎ | 1605/1945 [8:10:11<4:30:16, 47.70s/it]Processing:  83%|████████▎ | 1609/1945 [8:10:11<2:10:25, 23.29s/it]Processing:  83%|████████▎ | 1613/1945 [8:10:12<1:14:29, 13.46s/it]Processing:  83%|████████▎ | 1613/1945 [8:10:29<1:14:29, 13.46s/it]Processing:  83%|████████▎ | 1616/1945 [8:11:59<1:52:07, 20.45s/it]Processing:  83%|████████▎ | 1620/1945 [8:13:17<1:48:36, 20.05s/it]Processing:  83%|████████▎ | 1621/1945 [8:14:38<2:27:02, 27.23s/it]Processing:  83%|████████▎ | 1622/1945 [8:16:03<3:11:26, 35.56s/it]Processing:  84%|████████▎ | 1625/1945 [8:16:03<1:57:29, 22.03s/it]Processing:  84%|████████▎ | 1628/1945 [8:16:03<1:15:25, 14.28s/it]Processing:  84%|████████▎ | 1628/1945 [8:16:19<1:15:25, 14.28s/it]Processing:  84%|████████▍ | 1632/1945 [8:17:54<1:42:39, 19.68s/it]Processing:  84%|████████▍ | 1634/1945 [8:17:54<1:19:19, 15.30s/it]Processing:  84%|████████▍ | 1637/1945 [8:17:55<53:13, 10.37s/it]  Processing:  84%|████████▍ | 1637/1945 [8:18:09<53:13, 10.37s/it]Processing:  84%|████████▍ | 1639/1945 [8:19:25<1:34:29, 18.53s/it]Processing:  84%|████████▍ | 1642/1945 [8:19:25<1:02:15, 12.33s/it]Processing:  84%|████████▍ | 1642/1945 [8:19:39<1:02:15, 12.33s/it]Processing:  84%|████████▍ | 1643/1945 [8:20:47<1:50:49, 22.02s/it]Processing:  85%|████████▍ | 1646/1945 [8:20:48<1:09:05, 13.86s/it]Processing:  85%|████████▍ | 1649/1945 [8:20:48<44:46,  9.07s/it]  Processing:  85%|████████▍ | 1652/1945 [8:20:48<29:42,  6.08s/it]Processing:  85%|████████▌ | 1655/1945 [8:20:48<20:01,  4.14s/it]Processing:  85%|████████▌ | 1655/1945 [8:20:59<20:01,  4.14s/it]Processing:  85%|████████▌ | 1658/1945 [8:22:17<58:23, 12.21s/it]Processing:  85%|████████▌ | 1660/1945 [8:22:17<44:40,  9.41s/it]Processing:  85%|████████▌ | 1660/1945 [8:22:29<44:40,  9.41s/it]Processing:  85%|████████▌ | 1662/1945 [8:23:40<1:21:22, 17.25s/it]Processing:  86%|████████▌ | 1663/1945 [8:25:40<2:33:49, 32.73s/it]Processing:  86%|████████▌ | 1667/1945 [8:25:40<1:21:38, 17.62s/it]Processing:  86%|████████▌ | 1671/1945 [8:25:40<48:31, 10.62s/it]  Processing:  86%|████████▌ | 1675/1945 [8:25:40<30:32,  6.79s/it]Processing:  86%|████████▋ | 1679/1945 [8:25:40<19:52,  4.48s/it]Processing:  87%|████████▋ | 1683/1945 [8:25:40<13:12,  3.02s/it]Processing:  87%|████████▋ | 1683/1945 [8:25:59<13:12,  3.02s/it]Processing:  87%|████████▋ | 1687/1945 [8:27:00<36:03,  8.39s/it]Processing:  87%|████████▋ | 1688/1945 [8:28:39<1:15:46, 17.69s/it]Processing:  87%|████████▋ | 1690/1945 [8:30:13<1:43:13, 24.29s/it]Processing:  87%|████████▋ | 1691/1945 [8:31:32<2:15:01, 31.90s/it]Processing:  87%|████████▋ | 1694/1945 [8:31:32<1:23:40, 20.00s/it]Processing:  87%|████████▋ | 1698/1945 [8:31:32<48:09, 11.70s/it]  Processing:  87%|████████▋ | 1698/1945 [8:31:49<48:09, 11.70s/it]Processing:  88%|████████▊ | 1702/1945 [8:32:57<1:01:53, 15.28s/it]Processing:  88%|████████▊ | 1706/1945 [8:32:58<39:46,  9.98s/it]  Processing:  88%|████████▊ | 1706/1945 [8:33:09<39:46,  9.98s/it]Processing:  88%|████████▊ | 1709/1945 [8:34:21<58:09, 14.79s/it]Processing:  88%|████████▊ | 1712/1945 [8:34:21<41:25, 10.67s/it]Processing:  88%|████████▊ | 1716/1945 [8:34:21<26:37,  6.97s/it]Processing:  88%|████████▊ | 1716/1945 [8:34:39<26:37,  6.97s/it]Processing:  88%|████████▊ | 1717/1945 [8:35:27<51:30, 13.55s/it]Processing:  88%|████████▊ | 1720/1945 [8:37:01<1:12:00, 19.20s/it]Processing:  89%|████████▊ | 1722/1945 [8:37:01<54:42, 14.72s/it]  Processing:  89%|████████▊ | 1722/1945 [8:37:19<54:42, 14.72s/it]Processing:  89%|████████▊ | 1725/1945 [8:39:00<1:24:32, 23.06s/it]Processing:  89%|████████▉ | 1728/1945 [8:39:00<56:30, 15.62s/it]  Processing:  89%|████████▉ | 1728/1945 [8:39:19<56:30, 15.62s/it]Processing:  89%|████████▉ | 1730/1945 [8:40:36<1:23:17, 23.24s/it]Processing:  89%|████████▉ | 1732/1945 [8:40:36<1:01:48, 17.41s/it]Processing:  89%|████████▉ | 1732/1945 [8:40:49<1:01:48, 17.41s/it]Processing:  89%|████████▉ | 1733/1945 [8:42:01<1:37:57, 27.72s/it]Processing:  89%|████████▉ | 1736/1945 [8:43:51<1:48:47, 31.23s/it]Processing:  89%|████████▉ | 1740/1945 [8:43:51<1:00:56, 17.84s/it]Processing:  89%|████████▉ | 1740/1945 [8:44:09<1:00:56, 17.84s/it]Processing:  90%|████████▉ | 1743/1945 [8:45:19<1:12:09, 21.43s/it]Processing:  90%|████████▉ | 1745/1945 [8:46:23<1:19:34, 23.87s/it]Processing:  90%|████████▉ | 1748/1945 [8:46:23<52:29, 15.99s/it]  Processing:  90%|████████▉ | 1748/1945 [8:46:39<52:29, 15.99s/it]Processing:  90%|████████▉ | 1749/1945 [8:47:45<1:21:16, 24.88s/it]Processing:  90%|█████████ | 1752/1945 [8:49:40<1:36:07, 29.88s/it]Processing:  90%|█████████ | 1756/1945 [8:49:40<55:20, 17.57s/it]  Processing:  90%|█████████ | 1756/1945 [8:49:50<55:20, 17.57s/it]Processing:  90%|█████████ | 1759/1945 [8:51:03<1:04:08, 20.69s/it]Processing:  91%|█████████ | 1762/1945 [8:51:03<43:55, 14.40s/it]  Processing:  91%|█████████ | 1762/1945 [8:51:19<43:55, 14.40s/it]Processing:  91%|█████████ | 1766/1945 [8:52:33<51:47, 17.36s/it]Processing:  91%|█████████ | 1769/1945 [8:52:33<36:34, 12.47s/it]Processing:  91%|█████████ | 1773/1945 [8:52:33<23:16,  8.12s/it]Processing:  91%|█████████ | 1773/1945 [8:52:49<23:16,  8.12s/it]Processing:  91%|█████████▏| 1776/1945 [8:54:12<41:48, 14.84s/it]Processing:  91%|█████████▏| 1779/1945 [8:55:55<56:14, 20.33s/it]Processing:  92%|█████████▏| 1783/1945 [8:55:55<35:48, 13.26s/it]Processing:  92%|█████████▏| 1787/1945 [8:55:55<23:21,  8.87s/it]Processing:  92%|█████████▏| 1787/1945 [8:56:09<23:21,  8.87s/it]Processing:  92%|█████████▏| 1789/1945 [8:57:46<46:20, 17.82s/it]Processing:  92%|█████████▏| 1791/1945 [8:59:37<1:06:27, 25.89s/it]Processing:  92%|█████████▏| 1795/1945 [9:01:22<1:04:58, 25.99s/it]Processing:  92%|█████████▏| 1799/1945 [9:01:22<40:59, 16.85s/it]  Processing:  92%|█████████▏| 1799/1945 [9:01:39<40:59, 16.85s/it]Processing:  93%|█████████▎| 1801/1945 [9:02:43<51:53, 21.62s/it]Processing:  93%|█████████▎| 1805/1945 [9:02:43<32:04, 13.75s/it]Processing:  93%|█████████▎| 1809/1945 [9:02:43<20:30,  9.05s/it]Processing:  93%|█████████▎| 1809/1945 [9:02:59<20:30,  9.05s/it]Processing:  93%|█████████▎| 1810/1945 [9:04:10<39:15, 17.45s/it]Processing:  93%|█████████▎| 1811/1945 [9:05:32<58:38, 26.26s/it]Processing:  93%|█████████▎| 1815/1945 [9:07:18<57:08, 26.37s/it]Processing:  93%|█████████▎| 1817/1945 [9:09:00<1:08:33, 32.14s/it]Processing:  93%|█████████▎| 1818/1945 [9:10:18<1:22:04, 38.77s/it]Processing:  94%|█████████▎| 1822/1945 [9:10:18<43:31, 21.23s/it]  Processing:  94%|█████████▎| 1822/1945 [9:10:29<43:31, 21.23s/it]Processing:  94%|█████████▍| 1826/1945 [9:12:13<48:04, 24.24s/it]Processing:  94%|█████████▍| 1830/1945 [9:12:14<29:46, 15.54s/it]Processing:  94%|█████████▍| 1834/1945 [9:12:14<19:00, 10.27s/it]Processing:  94%|█████████▍| 1834/1945 [9:12:29<19:00, 10.27s/it]Processing:  94%|█████████▍| 1835/1945 [9:13:41<34:09, 18.63s/it]Processing:  94%|█████████▍| 1836/1945 [9:15:30<55:38, 30.63s/it]Processing:  94%|█████████▍| 1838/1945 [9:17:08<1:03:49, 35.79s/it]Processing:  95%|█████████▍| 1841/1945 [9:17:08<38:58, 22.49s/it]  Processing:  95%|█████████▍| 1841/1945 [9:17:19<38:58, 22.49s/it]Processing:  95%|█████████▍| 1842/1945 [9:19:08<1:03:45, 37.14s/it]Processing:  95%|█████████▍| 1845/1945 [9:19:08<37:39, 22.59s/it]  Processing:  95%|█████████▍| 1845/1945 [9:19:19<37:39, 22.59s/it]Processing:  95%|█████████▌| 1848/1945 [9:21:16<48:04, 29.74s/it]Processing:  95%|█████████▌| 1850/1945 [9:22:40<52:08, 32.93s/it]Processing:  95%|█████████▌| 1854/1945 [9:22:40<28:55, 19.07s/it]Processing:  96%|█████████▌| 1858/1945 [9:22:40<17:16, 11.91s/it]Processing:  96%|█████████▌| 1862/1945 [9:22:41<10:44,  7.76s/it]Processing:  96%|█████████▌| 1866/1945 [9:22:41<06:49,  5.19s/it]Processing:  96%|█████████▌| 1870/1945 [9:22:41<04:24,  3.53s/it]Processing:  96%|█████████▌| 1870/1945 [9:22:59<04:24,  3.53s/it]Processing:  96%|█████████▌| 1871/1945 [9:24:08<14:57, 12.12s/it]Processing:  96%|█████████▌| 1872/1945 [9:25:39<27:06, 22.28s/it]Processing:  96%|█████████▋| 1874/1945 [9:27:28<36:39, 30.98s/it]Processing:  97%|█████████▋| 1878/1945 [9:27:28<19:35, 17.54s/it]Processing:  97%|█████████▋| 1882/1945 [9:27:28<11:22, 10.83s/it]Processing:  97%|█████████▋| 1882/1945 [9:27:39<11:22, 10.83s/it]Processing:  97%|█████████▋| 1883/1945 [9:28:44<19:11, 18.58s/it]Processing:  97%|█████████▋| 1885/1945 [9:30:21<26:20, 26.34s/it]Processing:  97%|█████████▋| 1889/1945 [9:31:53<23:16, 24.94s/it]Processing:  97%|█████████▋| 1893/1945 [9:33:37<21:53, 25.25s/it]Processing:  98%|█████████▊| 1897/1945 [9:33:37<13:08, 16.44s/it]Processing:  98%|█████████▊| 1901/1945 [9:33:37<08:02, 10.97s/it]Processing:  98%|█████████▊| 1905/1945 [9:33:37<04:57,  7.44s/it]Processing:  98%|█████████▊| 1905/1945 [9:33:49<04:57,  7.44s/it]Processing:  98%|█████████▊| 1908/1945 [9:35:02<07:54, 12.82s/it]Processing:  98%|█████████▊| 1911/1945 [9:36:58<11:12, 19.79s/it]Processing:  98%|█████████▊| 1915/1945 [9:36:59<06:33, 13.11s/it]Processing:  98%|█████████▊| 1915/1945 [9:37:09<06:33, 13.11s/it]Processing:  99%|█████████▊| 1916/1945 [9:38:23<10:01, 20.75s/it]Processing:  99%|█████████▊| 1920/1945 [9:38:23<05:21, 12.85s/it]Processing:  99%|█████████▉| 1924/1945 [9:38:23<02:54,  8.33s/it]Processing:  99%|█████████▉| 1928/1945 [9:38:23<01:34,  5.55s/it]Processing:  99%|█████████▉| 1932/1945 [9:38:23<00:48,  3.76s/it]Processing:  99%|█████████▉| 1932/1945 [9:38:39<00:48,  3.76s/it]Processing:  99%|█████████▉| 1935/1945 [9:39:58<01:49, 10.91s/it]Processing: 100%|█████████▉| 1939/1945 [9:39:58<00:43,  7.33s/it]Processing: 100%|█████████▉| 1939/1945 [9:40:09<00:43,  7.33s/it]Processing: 100%|█████████▉| 1941/1945 [9:41:41<01:02, 15.72s/it]Processing: 100%|██████████| 1945/1945 [9:41:41<00:00, 10.19s/it]Processing: 100%|██████████| 1945/1945 [9:41:41<00:00, 17.94s/it]
✅ MedGemma-27B-it 加载成功。
✨ v4 记录成功 | 变化改变量: 0.0280 | used_cases=10

--- 🧬 Evolving Prototype for basal cell carcinoma scalp (Total cases: 10) ---
✨ v3 记录成功 | 变化改变量: 0.0298 | used_cases=10

--- 🧬 Evolving Prototype for epidermal cyst (Total cases: 45) ---
✨ v10 记录成功 | 变化改变量: 0.0538 | used_cases=10

--- 🧬 Evolving Prototype for folliculitis decalvans (Total cases: 10) ---
✨ v3 记录成功 | 变化改变量: 0.0368 | used_cases=10

--- 🧬 Evolving Prototype for actinic keratosis ear (Total cases: 5) ---
✨ v2 记录成功 | 变化改变量: 0.0351 | used_cases=5

--- 🧬 Evolving Prototype for eczema subacute (Total cases: 40) ---
✨ v8 记录成功 | 变化改变量: 0.0504 | used_cases=10

--- 🧬 Evolving Prototype for seborrheic keratoses ruff (Total cases: 45) ---
✨ v11 记录成功 | 变化改变量: 0.0133 | used_cases=10

--- 🧬 Evolving Prototype for actinic keratosis hand (Total cases: 10) ---
✨ v3 记录成功 | 变化改变量: 0.0182 | used_cases=10

--- 🧬 Evolving Prototype for perleche (Total cases: 25) ---
✨ v6 记录成功 | 变化改变量: 0.0275 | used_cases=10

--- 🧬 Evolving Prototype for intertrigo (Total cases: 35) ---
✨ v9 记录成功 | 变化改变量: 0.0268 | used_cases=10

--- 🧬 Evolving Prototype for erythrasma (Total cases: 10) ---
✨ v3 记录成功 | 变化改变量: 0.0364 | used_cases=10

--- 🧬 Evolving Prototype for granuloma annulare (Total cases: 35) ---
✨ v10 记录成功 | 变化改变量: 0.0277 | used_cases=10

--- 🧬 Evolving Prototype for grovers disease (Total cases: 25) ---
✨ v6 记录成功 | 变化改变量: 0.0266 | used_cases=10

--- 🧬 Evolving Prototype for rosacea (Total cases: 55) ---
✨ v15 记录成功 | 变化改变量: 0.0317 | used_cases=10

--- 🧬 Evolving Prototype for eczema subacute (Total cases: 40) ---
✨ v9 记录成功 | 变化改变量: 0.0365 | used_cases=10

--- 🧬 Evolving Prototype for grovers disease (Total cases: 25) ---
✨ v7 记录成功 | 变化改变量: 0.0170 | used_cases=10

--- 🧬 Evolving Prototype for porokeratosis (Total cases: 30) ---
✨ v6 记录成功 | 变化改变量: 0.0307 | used_cases=10

--- 🧬 Evolving Prototype for koilonychia (Total cases: 10) ---
✨ v3 记录成功 | 变化改变量: 0.0477 | used_cases=10

--- 🧬 Evolving Prototype for sun damaged skin (Total cases: 40) ---
✨ v9 记录成功 | 变化改变量: 0.0376 | used_cases=10

--- 🧬 Evolving Prototype for seborrheic keratoses smooth (Total cases: 40) ---
✨ v9 记录成功 | 变化改变量: 0.0352 | used_cases=10

--- 🧬 Evolving Prototype for warts plantar (Total cases: 50) ---
✨ v11 记录成功 | 变化改变量: 0.0327 | used_cases=10

--- 🧬 Evolving Prototype for porokeratosis (Total cases: 30) ---
✨ v7 记录成功 | 变化改变量: 0.0424 | used_cases=10

--- 🧬 Evolving Prototype for acne closed comedo (Total cases: 20) ---
✨ v4 记录成功 | 变化改变量: 0.0199 | used_cases=10

--- 🧬 Evolving Prototype for herpes cutaneous (Total cases: 40) ---
✨ v8 记录成功 | 变化改变量: 0.0379 | used_cases=10

--- 🧬 Evolving Prototype for ctcl (Total cases: 35) ---
✨ v6 记录成功 | 变化改变量: 0.0164 | used_cases=10

--- 🧬 Evolving Prototype for herpes zoster (Total cases: 35) ---
✨ v7 记录成功 | 变化改变量: 0.0437 | used_cases=10

--- 🧬 Evolving Prototype for warts digitate (Total cases: 30) ---
✨ v6 记录成功 | 变化改变量: 0.0634 | used_cases=10

--- 🧬 Evolving Prototype for hidradenitis suppurativa (Total cases: 50) ---
✨ v10 记录成功 | 变化改变量: 0.0408 | used_cases=10

--- 🧬 Evolving Prototype for seborrheic dermatitis (Total cases: 30) ---
✨ v6 记录成功 | 变化改变量: 0.0267 | used_cases=10

--- 🧬 Evolving Prototype for eczema hand (Total cases: 40) ---
✨ v8 记录成功 | 变化改变量: 0.0273 | used_cases=10

--- 🧬 Evolving Prototype for basal cell carcinoma lesion (Total cases: 45) ---
✨ v9 记录成功 | 变化改变量: 0.0345 | used_cases=10

--- 🧬 Evolving Prototype for syringoma (Total cases: 20) ---
✨ v4 记录成功 | 变化改变量: 0.0427 | used_cases=10

--- 🧬 Evolving Prototype for drug eruptions (Total cases: 40) ---
✨ v8 记录成功 | 变化改变量: 0.0499 | used_cases=10

--- 🧬 Evolving Prototype for chronic paronychia (Total cases: 20) ---
✨ v4 记录成功 | 变化改变量: 0.0217 | used_cases=10

--- 🧬 Evolving Prototype for lentigo adults (Total cases: 35) ---
✨ v7 记录成功 | 变化改变量: 0.0434 | used_cases=10

--- 🧬 Evolving Prototype for seborrheic keratosis irritated (Total cases: 45) ---
✨ v9 记录成功 | 变化改变量: 0.0165 | used_cases=10

--- 🧬 Evolving Prototype for lichen simplex chronicus (Total cases: 35) ---
✨ v7 记录成功 | 变化改变量: 0.0249 | used_cases=10

--- 🧬 Evolving Prototype for nevus comedonicus (Total cases: 5) ---
✨ v1 记录成功 | 变化改变量: 0.2043 | used_cases=5

--- 🧬 Evolving Prototype for venous malformations (Total cases: 30) ---
✨ v6 记录成功 | 变化改变量: 0.0222 | used_cases=10

--- 🧬 Evolving Prototype for Palmoplantar Keratoderma (Total cases: 5) ---
✨ v1 记录成功 | 变化改变量: 0.1916 | used_cases=5

--- 🧬 Evolving Prototype for malignant melanoma (Total cases: 40) ---
✨ v8 记录成功 | 变化改变量: 0.0379 | used_cases=10

--- 🧬 Evolving Prototype for tinea hand dorsum (Total cases: 25) ---
✨ v5 记录成功 | 变化改变量: 0.0332 | used_cases=10

--- 🧬 Evolving Prototype for psoriasis (Total cases: 55) ---
✨ v14 记录成功 | 变化改变量: 0.0135 | used_cases=10

--- 🧬 Evolving Prototype for bullous pemphigoid (Total cases: 35) ---
✨ v7 记录成功 | 变化改变量: 0.0454 | used_cases=10

--- 🧬 Evolving Prototype for candidiasis large skin folds (Total cases: 50) ---
✨ v10 记录成功 | 变化改变量: 0.0469 | used_cases=10

--- 🧬 Evolving Prototype for molluscum contagiosum (Total cases: 100) ---
✨ v22 记录成功 | 变化改变量: 0.0332 | used_cases=10

--- 🧬 Evolving Prototype for benign familial chronic pemphigus (Total cases: 10) ---
✨ v2 记录成功 | 变化改变量: 0.0309 | used_cases=10

--- 🧬 Evolving Prototype for Psoriasis Chronic Plaque (Total cases: 45) ---
✨ v12 记录成功 | 变化改变量: 0.0501 | used_cases=10

--- 🧬 Evolving Prototype for pityriasis rosea (Total cases: 40) ---
✨ v8 记录成功 | 变化改变量: 0.0277 | used_cases=10

--- 🧬 Evolving Prototype for alopecia areata (Total cases: 70) ---
✨ v14 记录成功 | 变化改变量: 0.0426 | used_cases=10

--- 🧬 Evolving Prototype for ctcl (Total cases: 40) ---
✨ v7 记录成功 | 变化改变量: 0.0434 | used_cases=10

--- 🧬 Evolving Prototype for warts (Total cases: 15) ---
✨ v3 记录成功 | 变化改变量: 0.0537 | used_cases=10

--- 🧬 Evolving Prototype for eczema foot (Total cases: 35) ---
✨ v7 记录成功 | 变化改变量: 0.0277 | used_cases=10

--- 🧬 Evolving Prototype for diabetic bullae (Total cases: 5) ---
✨ v1 记录成功 | 变化改变量: 0.1420 | used_cases=5

--- 🧬 Evolving Prototype for herpes type primary (Total cases: 55) ---
✨ v11 记录成功 | 变化改变量: 0.0334 | used_cases=10

--- 🧬 Evolving Prototype for dermatitis herpetiformis (Total cases: 30) ---
✨ v6 记录成功 | 变化改变量: 0.0165 | used_cases=10

--- 🧬 Evolving Prototype for tinea foot webs (Total cases: 30) ---
✨ v6 记录成功 | 变化改变量: 0.0314 | used_cases=10

--- 🧬 Evolving Prototype for erythema infectiosum (Total cases: 15) ---
✨ v3 记录成功 | 变化改变量: 0.0498 | used_cases=10

--- 🧬 Evolving Prototype for seborrheic keratoses smooth (Total cases: 45) ---
✨ v10 记录成功 | 变化改变量: 0.0336 | used_cases=10

--- 🧬 Evolving Prototype for actinic cheilitis sq cell lip (Total cases: 25) ---
✨ v5 记录成功 | 变化改变量: 0.0279 | used_cases=10

--- 🧬 Evolving Prototype for acne keloidalis (Total cases: 25) ---
✨ v5 记录成功 | 变化改变量: 0.0491 | used_cases=10

--- 🧬 Evolving Prototype for eczema asteatotic (Total cases: 20) ---
✨ v4 记录成功 | 变化改变量: 0.0135 | used_cases=10

--- 🧬 Evolving Prototype for sunburn (Total cases: 5) ---
✨ v1 记录成功 | 变化改变量: 0.1689 | used_cases=5

--- 🧬 Evolving Prototype for eczema chronic (Total cases: 15) ---
✨ v3 记录成功 | 变化改变量: 0.0296 | used_cases=10

--- 🧬 Evolving Prototype for eczema nummular (Total cases: 55) ---
✨ v11 记录成功 | 变化改变量: 0.0376 | used_cases=10

--- 🧬 Evolving Prototype for lupus chronic cutaneous (Total cases: 50) ---
✨ v10 记录成功 | 变化改变量: 0.0240 | used_cases=10

--- 🧬 Evolving Prototype for rhus dermatitis (Total cases: 30) ---
✨ v6 记录成功 | 变化改变量: 0.0278 | used_cases=10

--- 🧬 Evolving Prototype for genital warts (Total cases: 50) ---
✨ v10 记录成功 | 变化改变量: 0.0307 | used_cases=10

--- 🧬 Evolving Prototype for granuloma annulare (Total cases: 40) ---
✨ v11 记录成功 | 变化改变量: 0.0397 | used_cases=10

--- 🧬 Evolving Prototype for candidiasis diaper (Total cases: 10) ---
✨ v3 记录成功 | 变化改变量: 0.0507 | used_cases=10

--- 🧬 Evolving Prototype for tick bite (Total cases: 25) ---
✨ v5 记录成功 | 变化改变量: 0.0330 | used_cases=10

--- 🧬 Evolving Prototype for melasma (Total cases: 15) ---
✨ v3 记录成功 | 变化改变量: 0.0296 | used_cases=10

--- 🧬 Evolving Prototype for bowens disease (Total cases: 40) ---
✨ v8 记录成功 | 变化改变量: 0.0189 | used_cases=10

--- 🧬 Evolving Prototype for Lichen Sclerosis Vulva (Total cases: 20) ---
✨ v4 记录成功 | 变化改变量: 0.0233 | used_cases=10

--- 🧬 Evolving Prototype for Pseudomonas Folliculitis (Total cases: 10) ---
✨ v2 记录成功 | 变化改变量: 0.0321 | used_cases=10

--- 🧬 Evolving Prototype for pemphigus (Total cases: 25) ---
✨ v5 记录成功 | 变化改变量: 0.0344 | used_cases=10

--- 🧬 Evolving Prototype for basal cell carcinoma lesion (Total cases: 50) ---
✨ v10 记录成功 | 变化改变量: 0.0377 | used_cases=10

--- 🧬 Evolving Prototype for erythema multiforme (Total cases: 55) ---
✨ v12 记录成功 | 变化改变量: 0.0262 | used_cases=10

--- 🧬 Evolving Prototype for squamous cell carcinoma lip (Total cases: 10) ---
✨ v2 记录成功 | 变化改变量: 0.0235 | used_cases=10

--- 🧬 Evolving Prototype for tinea primary lesion (Total cases: 30) ---
✨ v6 记录成功 | 变化改变量: 0.0399 | used_cases=10

--- 🧬 Evolving Prototype for mucous cyst (Total cases: 50) ---
✨ v10 记录成功 | 变化改变量: 0.0388 | used_cases=10

--- 🧬 Evolving Prototype for eczema subacute (Total cases: 45) ---
✨ v10 记录成功 | 变化改变量: 0.0445 | used_cases=10

--- 🧬 Evolving Prototype for actinic keratosis face (Total cases: 25) ---
✨ v5 记录成功 | 变化改变量: 0.0367 | used_cases=10

--- 🧬 Evolving Prototype for cherry angioma (Total cases: 10) ---
✨ v2 记录成功 | 变化改变量: 0.0306 | used_cases=10

--- 🧬 Evolving Prototype for phototoxic reactions (Total cases: 35) ---
✨ v7 记录成功 | 变化改变量: 0.0223 | used_cases=10

--- 🧬 Evolving Prototype for acanthosis nigricans (Total cases: 25) ---
✨ v5 记录成功 | 变化改变量: 0.0509 | used_cases=10

--- 🧬 Evolving Prototype for acne pustular (Total cases: 35) ---
✨ v7 记录成功 | 变化改变量: 0.0324 | used_cases=10

--- 🧬 Evolving Prototype for malignant melanoma (Total cases: 45) ---
✨ v9 记录成功 | 变化改变量: 0.0369 | used_cases=10

--- 🧬 Evolving Prototype for dariers disease (Total cases: 25) ---
✨ v5 记录成功 | 变化改变量: 0.0273 | used_cases=10

--- 🧬 Evolving Prototype for nevus sebaceous (Total cases: 25) ---
✨ v5 记录成功 | 变化改变量: 0.0182 | used_cases=10

--- 🧬 Evolving Prototype for Psoriasis nails (Total cases: 10) ---
✨ v2 记录成功 | 变化改变量: 0.0455 | used_cases=10

--- 🧬 Evolving Prototype for beaus lines (Total cases: 10) ---
✨ v2 记录成功 | 变化改变量: 0.0506 | used_cases=10

--- 🧬 Evolving Prototype for molluscum contagiosum (Total cases: 105) ---
✨ v23 记录成功 | 变化改变量: 0.0168 | used_cases=10

--- 🧬 Evolving Prototype for drug eruptions (Total cases: 45) ---
✨ v9 记录成功 | 变化改变量: 0.0531 | used_cases=10

--- 🧬 Evolving Prototype for melanocytic nevi (Total cases: 45) ---
✨ v9 记录成功 | 变化改变量: 0.0342 | used_cases=10

--- 🧬 Evolving Prototype for pityriasis rosea (Total cases: 45) ---
✨ v9 记录成功 | 变化改变量: 0.0203 | used_cases=10

--- 🧬 Evolving Prototype for polymorphous light eruption (Total cases: 15) ---
✨ v3 记录成功 | 变化改变量: 0.0289 | used_cases=10

--- 🧬 Evolving Prototype for acne open comedo (Total cases: 35) ---
✨ v7 记录成功 | 变化改变量: 0.0346 | used_cases=10

--- 🧬 Evolving Prototype for stasis dermatitis (Total cases: 50) ---
✨ v10 记录成功 | 变化改变量: 0.0303 | used_cases=10

--- 🧬 Evolving Prototype for atypical mycobacterium (Total cases: 5) ---
✨ v1 记录成功 | 变化改变量: 0.2106 | used_cases=5

--- 🧬 Evolving Prototype for candida penis (Total cases: 25) ---
✨ v5 记录成功 | 变化改变量: 0.0457 | used_cases=10

--- 🧬 Evolving Prototype for angiokeratomas (Total cases: 20) ---
✨ v4 记录成功 | 变化改变量: 0.0346 | used_cases=10

--- 🧬 Evolving Prototype for cutaneous horn (Total cases: 15) ---
✨ v3 记录成功 | 变化改变量: 0.0317 | used_cases=10

--- 🧬 Evolving Prototype for hidradenitis suppurativa (Total cases: 55) ---
✨ v11 记录成功 | 变化改变量: 0.0653 | used_cases=10

--- 🧬 Evolving Prototype for neurotic excoriations (Total cases: 25) ---
✨ v5 记录成功 | 变化改变量: 0.0272 | used_cases=10

--- 🧬 Evolving Prototype for Pityriasis Lichenoides (Total cases: 25) ---
✨ v6 记录成功 | 变化改变量: 0.0173 | used_cases=10

--- 🧬 Evolving Prototype for allergic contact dermatitis (Total cases: 55) ---
✨ v13 记录成功 | 变化改变量: 0.0265 | used_cases=10

--- 🧬 Evolving Prototype for pompholyx (Total cases: 20) ---
✨ v3 记录成功 | 变化改变量: 0.0307 | used_cases=10

--- 🧬 Evolving Prototype for gonorrhea (Total cases: 5) ---
✨ v1 记录成功 | 变化改变量: 0.1403 | used_cases=5

--- 🧬 Evolving Prototype for morphea (Total cases: 40) ---
✨ v8 记录成功 | 变化改变量: 0.0252 | used_cases=10

--- 🧬 Evolving Prototype for basal cell carcinoma lesion (Total cases: 55) ---
✨ v11 记录成功 | 变化改变量: 0.0211 | used_cases=10

--- 🧬 Evolving Prototype for congenital nevus (Total cases: 25) ---
✨ v5 记录成功 | 变化改变量: 0.0470 | used_cases=10

--- 🧬 Evolving Prototype for eczema fingertips (Total cases: 60) ---
✨ v13 记录成功 | 变化改变量: 0.0365 | used_cases=10

--- 🧬 Evolving Prototype for venous lake (Total cases: 20) ---
✨ v5 记录成功 | 变化改变量: 0.0431 | used_cases=10

--- 🧬 Evolving Prototype for syringoma (Total cases: 25) ---
✨ v5 记录成功 | 变化改变量: 0.0637 | used_cases=10

--- 🧬 Evolving Prototype for Lichen Planus Oral (Total cases: 25) ---
✨ v5 记录成功 | 变化改变量: 0.0337 | used_cases=10

--- 🧬 Evolving Prototype for onychogryphosis (Total cases: 5) ---
✨ v1 记录成功 | 变化改变量: 0.0912 | used_cases=5

--- 🧬 Evolving Prototype for warts plantar (Total cases: 55) ---
✨ v12 记录成功 | 变化改变量: 0.0231 | used_cases=10

--- 🧬 Evolving Prototype for venous malformations (Total cases: 35) ---
✨ v7 记录成功 | 变化改变量: 0.0317 | used_cases=10

--- 🧬 Evolving Prototype for tinea primary lesion (Total cases: 35) ---
✨ v7 记录成功 | 变化改变量: 0.0286 | used_cases=10

--- 🧬 Evolving Prototype for dermatofibroma (Total cases: 60) ---
✨ v11 记录成功 | 变化改变量: 0.0577 | used_cases=10

--- 🧬 Evolving Prototype for eczema nummular (Total cases: 60) ---
✨ v12 记录成功 | 变化改变量: 0.0281 | used_cases=10

--- 🧬 Evolving Prototype for bullous pemphigoid (Total cases: 40) ---
✨ v8 记录成功 | 变化改变量: 0.0451 | used_cases=10

--- 🧬 Evolving Prototype for lichen simplex chronicus (Total cases: 45) ---
✨ v9 记录成功 | 变化改变量: 0.0287 | used_cases=10

--- 🧬 Evolving Prototype for scabies (Total cases: 50) ---
✨ v15 记录成功 | 变化改变量: 0.0479 | used_cases=10

--- 🧬 Evolving Prototype for tinea foot dorsum (Total cases: 20) ---
✨ v4 记录成功 | 变化改变量: 0.0486 | used_cases=10

--- 🧬 Evolving Prototype for candidiasis large skin folds (Total cases: 55) ---
✨ v11 记录成功 | 变化改变量: 0.0380 | used_cases=10

--- 🧬 Evolving Prototype for enterovirus (Total cases: 10) ---
✨ v2 记录成功 | 变化改变量: 0.0417 | used_cases=10

--- 🧬 Evolving Prototype for spiny keratoderma (Total cases: 5) ---
✨ v1 记录成功 | 变化改变量: 0.1805 | used_cases=5

--- 🧬 Evolving Prototype for hives Urticaria Acute (Total cases: 45) ---
✨ v9 记录成功 | 变化改变量: 0.0428 | used_cases=10

--- 🧬 Evolving Prototype for Urticaria Vasculitis (Total cases: 5) ---
✨ v1 记录成功 | 变化改变量: 0.1873 | used_cases=5

--- 🧬 Evolving Prototype for shoe allergy (Total cases: 5) ---
✨ v1 记录成功 | 变化改变量: 0.1246 | used_cases=5

--- 🧬 Evolving Prototype for lichen planus (Total cases: 105) ---
✨ v20 记录成功 | 变化改变量: 0.0554 | used_cases=10

--- 🧬 Evolving Prototype for tinea laboratory (Total cases: 35) ---
✨ v7 记录成功 | 变化改变量: 0.0403 | used_cases=10

--- 🧬 Evolving Prototype for tuberous sclerosis (Total cases: 30) ---
✨ v6 记录成功 | 变化改变量: 0.0311 | used_cases=10

--- 🧬 Evolving Prototype for dermatomyositis (Total cases: 25) ---
✨ v5 记录成功 | 变化改变量: 0.0338 | used_cases=10

--- 🧬 Evolving Prototype for colloid milia (Total cases: 5) ---
✨ v1 记录成功 | 变化改变量: 0.2043 | used_cases=5

--- 🧬 Evolving Prototype for Psoriasis Hand (Total cases: 25) ---
✨ v5 记录成功 | 变化改变量: 0.0394 | used_cases=10

--- 🧬 Evolving Prototype for erythema nodosum (Total cases: 20) ---
✨ v5 记录成功 | 变化改变量: 0.0281 | used_cases=10

--- 🧬 Evolving Prototype for cowden disease (Total cases: 5) ---
✨ v1 记录成功 | 变化改变量: 0.2240 | used_cases=5

--- 🧬 Evolving Prototype for vasculitis (Total cases: 60) ---
✨ v12 记录成功 | 变化改变量: 0.0598 | used_cases=10

--- 🧬 Evolving Prototype for warts common (Total cases: 45) ---
✨ v9 记录成功 | 变化改变量: 0.0402 | used_cases=10

--- 🧬 Evolving Prototype for scarlet fever (Total cases: 15) ---
✨ v3 记录成功 | 变化改变量: 0.0431 | used_cases=10

--- 🧬 Evolving Prototype for chapped fissured feet (Total cases: 15) ---
✨ v3 记录成功 | 变化改变量: 0.0546 | used_cases=10

--- 🧬 Evolving Prototype for tinea scalp (Total cases: 30) ---
✨ v6 记录成功 | 变化改变量: 0.0280 | used_cases=10

--- 🧬 Evolving Prototype for pityriasis rosea (Total cases: 50) ---
✨ v10 记录成功 | 变化改变量: 0.0338 | used_cases=10

--- 🧬 Evolving Prototype for phototoxic reactions (Total cases: 40) ---
✨ v8 记录成功 | 变化改变量: 0.0230 | used_cases=10

--- 🧬 Evolving Prototype for candidiasis large skin folds (Total cases: 60) ---
✨ v12 记录成功 | 变化改变量: 0.0399 | used_cases=10

--- 🧬 Evolving Prototype for psoriasis scalp (Total cases: 50) ---
✨ v10 记录成功 | 变化改变量: 0.0269 | used_cases=10

--- 🧬 Evolving Prototype for eczema foot (Total cases: 40) ---
✨ v8 记录成功 | 变化改变量: 0.0225 | used_cases=10

--- 🧬 Evolving Prototype for sun damaged skin (Total cases: 50) ---
✨ v11 记录成功 | 变化改变量: 0.0259 | used_cases=10

--- 🧬 Evolving Prototype for seborrheic keratosis irritated (Total cases: 55) ---
✨ v11 记录成功 | 变化改变量: 0.0325 | used_cases=10

--- 🧬 Evolving Prototype for habit tic deformity (Total cases: 20) ---
✨ v4 记录成功 | 变化改变量: 0.0179 | used_cases=10

--- 🧬 Evolving Prototype for basal cell carcinoma superficial (Total cases: 30) ---
✨ v5 记录成功 | 变化改变量: 0.0309 | used_cases=10

--- 🧬 Evolving Prototype for nevoxanthoendothelioma (Total cases: 5) ---
✨ v1 记录成功 | 变化改变量: 0.2414 | used_cases=5

--- 🧬 Evolving Prototype for angiokeratomas (Total cases: 25) ---
✨ v5 记录成功 | 变化改变量: 0.0263 | used_cases=10

--- 🧬 Evolving Prototype for henoch schonlein purpura (Total cases: 10) ---
✨ v2 记录成功 | 变化改变量: 0.0378 | used_cases=10

--- 🧬 Evolving Prototype for lupus chronic cutaneous (Total cases: 60) ---
✨ v12 记录成功 | 变化改变量: 0.0184 | used_cases=10

--- 🧬 Evolving Prototype for Lichen Sclerosus Penis (Total cases: 15) ---
✨ v3 记录成功 | 变化改变量: 0.0415 | used_cases=10

--- 🧬 Evolving Prototype for diabetic bullae (Total cases: 10) ---
✨ v2 记录成功 | 变化改变量: 0.0571 | used_cases=10

--- 🧬 Evolving Prototype for acanthosis nigricans (Total cases: 30) ---
✨ v6 记录成功 | 变化改变量: 0.0752 | used_cases=10

--- 🧬 Evolving Prototype for hemangioma infancy (Total cases: 20) ---
✨ v4 记录成功 | 变化改变量: 0.0341 | used_cases=10

--- 🧬 Evolving Prototype for impetigo (Total cases: 35) ---
✨ v7 记录成功 | 变化改变量: 0.0243 | used_cases=10

--- 🧬 Evolving Prototype for acne cystic (Total cases: 60) ---
✨ v11 记录成功 | 变化改变量: 0.0358 | used_cases=10

--- 🧬 Evolving Prototype for rosacea nose (Total cases: 40) ---
✨ v8 记录成功 | 变化改变量: 0.0281 | used_cases=10

--- 🧬 Evolving Prototype for tinea foot webs (Total cases: 35) ---
✨ v7 记录成功 | 变化改变量: 0.0261 | used_cases=10

--- 🧬 Evolving Prototype for keratolysis exfoliativa (Total cases: 30) ---
✨ v6 记录成功 | 变化改变量: 0.0199 | used_cases=10

--- 🧬 Evolving Prototype for Lichen Sclerosus Skin (Total cases: 50) ---
✨ v10 记录成功 | 变化改变量: 0.0290 | used_cases=10

--- 🧬 Evolving Prototype for fixed drug eruption (Total cases: 30) ---
✨ v6 记录成功 | 变化改变量: 0.0377 | used_cases=10

--- 🧬 Evolving Prototype for fissure (Total cases: 5) ---
✨ v1 记录成功 | 变化改变量: 0.1130 | used_cases=5

--- 🧬 Evolving Prototype for Psoriasis penis (Total cases: 15) ---
✨ v3 记录成功 | 变化改变量: 0.0257 | used_cases=10

--- 🧬 Evolving Prototype for eczema hand (Total cases: 55) ---
✨ v11 记录成功 | 变化改变量: 0.0205 | used_cases=10

--- 🧬 Evolving Prototype for Atopic (Total cases: 35) ---
✨ v7 记录成功 | 变化改变量: 0.0422 | used_cases=10

--- 🧬 Evolving Prototype for granulation tissue (Total cases: 25) ---
✨ v5 记录成功 | 变化改变量: 0.0419 | used_cases=10

--- 🧬 Evolving Prototype for neurofibromas (Total cases: 10) ---
✨ v2 记录成功 | 变化改变量: 0.0447 | used_cases=10

--- 🧬 Evolving Prototype for genital warts (Total cases: 60) ---
✨ v12 记录成功 | 变化改变量: 0.0404 | used_cases=10

--- 🧬 Evolving Prototype for epidermal nevus (Total cases: 35) ---
✨ v7 记录成功 | 变化改变量: 0.0261 | used_cases=10

--- 🧬 Evolving Prototype for becker nevus (Total cases: 15) ---
✨ v3 记录成功 | 变化改变量: 0.0173 | used_cases=10

--- 🧬 Evolving Prototype for psoriasis palms soles (Total cases: 55) ---
✨ v11 记录成功 | 变化改变量: 0.0275 | used_cases=10

--- 🧬 Evolving Prototype for actinic keratosis hand (Total cases: 15) ---
✨ v4 记录成功 | 变化改变量: 0.0287 | used_cases=10

--- 🧬 Evolving Prototype for diabetes mellitus (Total cases: 5) ---
✨ v1 记录成功 | 变化改变量: 0.1101 | used_cases=5

--- 🧬 Evolving Prototype for pityriasis rubra pilaris (Total cases: 30) ---
✨ v6 记录成功 | 变化改变量: 0.0206 | used_cases=10

--- 🧬 Evolving Prototype for atopic (Total cases: 15) ---
✨ v3 记录成功 | 变化改变量: 0.0447 | used_cases=10

--- 🧬 Evolving Prototype for malignant melanoma (Total cases: 55) ---
✨ v11 记录成功 | 变化改变量: 0.0265 | used_cases=10

--- 🧬 Evolving Prototype for xanthomas (Total cases: 30) ---
✨ v6 记录成功 | 变化改变量: 0.0492 | used_cases=10

--- 🧬 Evolving Prototype for pyogenic granuloma (Total cases: 55) ---
✨ v11 记录成功 | 变化改变量: 0.0188 | used_cases=10

--- 🧬 Evolving Prototype for herpes type recurrent (Total cases: 70) ---
✨ v13 记录成功 | 变化改变量: 0.0192 | used_cases=10

--- 🧬 Evolving Prototype for epidermolysis bullosa (Total cases: 20) ---
✨ v4 记录成功 | 变化改变量: 0.1290 | used_cases=10

--- 🧬 Evolving Prototype for psoriasis (Total cases: 65) ---
✨ v16 记录成功 | 变化改变量: 0.0131 | used_cases=10

--- 🧬 Evolving Prototype for lentigo adults (Total cases: 45) ---
✨ v9 记录成功 | 变化改变量: 0.0295 | used_cases=10

--- 🧬 Evolving Prototype for viral exanthems (Total cases: 45) ---
✨ v9 记录成功 | 变化改变量: 0.0353 | used_cases=10

--- 🧬 Evolving Prototype for eczema chronic (Total cases: 20) ---
✨ v4 记录成功 | 变化改变量: 0.0321 | used_cases=10

--- 🧬 Evolving Prototype for dermatitis herpetiformis (Total cases: 40) ---
✨ v8 记录成功 | 变化改变量: 0.0286 | used_cases=10

--- 🧬 Evolving Prototype for grovers disease (Total cases: 30) ---
✨ v8 记录成功 | 变化改变量: 0.0283 | used_cases=10

--- 🧬 Evolving Prototype for herpes simplex (Total cases: 30) ---
✨ v6 记录成功 | 变化改变量: 0.0404 | used_cases=10

--- 🧬 Evolving Prototype for IMG (Total cases: 70) ---
✨ v14 记录成功 | 变化改变量: 0.0498 | used_cases=10

--- 🧬 Evolving Prototype for warts immunocompromised (Total cases: 5) ---
✨ v1 记录成功 | 变化改变量: 0.2235 | used_cases=5

--- 🧬 Evolving Prototype for pompholyx (Total cases: 25) ---
✨ v4 记录成功 | 变化改变量: 0.0242 | used_cases=10

--- 🧬 Evolving Prototype for Psoriasis Anus (Total cases: 10) ---
✨ v2 记录成功 | 变化改变量: 0.0293 | used_cases=10

--- 🧬 Evolving Prototype for herpes type primary (Total cases: 70) ---
✨ v14 记录成功 | 变化改变量: 0.0308 | used_cases=10

--- 🧬 Evolving Prototype for Psoriasis Guttate (Total cases: 45) ---
✨ v11 记录成功 | 变化改变量: 0.0355 | used_cases=10

--- 🧬 Evolving Prototype for venous lake (Total cases: 25) ---
✨ v6 记录成功 | 变化改变量: 0.0275 | used_cases=10

--- 🧬 Evolving Prototype for herpes zoster (Total cases: 55) ---
✨ v11 记录成功 | 变化改变量: 0.0339 | used_cases=10

--- 🧬 Evolving Prototype for perioral dermatitis (Total cases: 55) ---
✨ v14 记录成功 | 变化改变量: 0.0225 | used_cases=10

--- 🧬 Evolving Prototype for hydrocystoma (Total cases: 5) ---
✨ v1 记录成功 | 变化改变量: 0.1840 | used_cases=5

--- 🧬 Evolving Prototype for drug eruptions (Total cases: 50) ---
✨ v10 记录成功 | 变化改变量: 0.0319 | used_cases=10

--- 🧬 Evolving Prototype for scabies (Total cases: 55) ---
✨ v16 记录成功 | 变化改变量: 0.0451 | used_cases=10

--- 🧬 Evolving Prototype for tinea hand dorsum (Total cases: 30) ---
✨ v6 记录成功 | 变化改变量: 0.0211 | used_cases=10

--- 🧬 Evolving Prototype for bowens disease (Total cases: 45) ---
✨ v9 记录成功 | 变化改变量: 0.0177 | used_cases=10

--- 🧬 Evolving Prototype for eczema fingertips (Total cases: 65) ---
✨ v14 记录成功 | 变化改变量: 0.0539 | used_cases=10

--- 🧬 Evolving Prototype for alopecia areata (Total cases: 80) ---
✨ v16 记录成功 | 变化改变量: 0.0346 | used_cases=10

--- 🧬 Evolving Prototype for eczema subacute (Total cases: 50) ---
✨ v11 记录成功 | 变化改变量: 0.0391 | used_cases=10

--- 🧬 Evolving Prototype for tinea versicolor (Total cases: 55) ---
✨ v11 记录成功 | 变化改变量: 0.0249 | used_cases=10

--- 🧬 Evolving Prototype for basal cell carcinoma lesion (Total cases: 60) ---
✨ v12 记录成功 | 变化改变量: 0.0351 | used_cases=10

--- 🧬 Evolving Prototype for warts plantar (Total cases: 60) ---
✨ v13 记录成功 | 变化改变量: 0.0216 | used_cases=10

--- 🧬 Evolving Prototype for lupus subacute (Total cases: 5) ---
✨ v1 记录成功 | 变化改变量: 0.1879 | used_cases=5

--- 🧬 Evolving Prototype for acne excoriated (Total cases: 15) ---
✨ v3 记录成功 | 变化改变量: 0.0402 | used_cases=10

--- 🧬 Evolving Prototype for rosacea (Total cases: 70) ---
✨ v18 记录成功 | 变化改变量: 0.0436 | used_cases=10

--- 🧬 Evolving Prototype for eczema arms (Total cases: 5) ---
✨ v1 记录成功 | 变化改变量: 0.1229 | used_cases=5

--- 🧬 Evolving Prototype for candida penis (Total cases: 30) ---
✨ v6 记录成功 | 变化改变量: 0.0503 | used_cases=10

--- 🧬 Evolving Prototype for melanocytic nevi (Total cases: 50) ---
✨ v10 记录成功 | 变化改变量: 0.0245 | used_cases=10

--- 🧬 Evolving Prototype for bowenoid papulosis (Total cases: 5) ---
✨ v1 记录成功 | 变化改变量: 0.2293 | used_cases=5

--- 🧬 Evolving Prototype for halo nevus (Total cases: 15) ---
✨ v3 记录成功 | 变化改变量: 0.0518 | used_cases=10

--- 🧬 Evolving Prototype for Dyshidrosis (Total cases: 30) ---
✨ v6 记录成功 | 变化改变量: 0.0372 | used_cases=10

--- 🧬 Evolving Prototype for keratoacanthoma (Total cases: 55) ---
✨ v14 记录成功 | 变化改变量: 0.0501 | used_cases=10

--- 🧬 Evolving Prototype for vasculitis (Total cases: 65) ---
✨ v13 记录成功 | 变化改变量: 0.0577 | used_cases=10

--- 🧬 Evolving Prototype for erosio interdigitalis blastomycetica (Total cases: 10) ---
✨ v2 记录成功 | 变化改变量: 0.0355 | used_cases=10

--- 🧬 Evolving Prototype for vitiligo (Total cases: 20) ---
✨ v4 记录成功 | 变化改变量: 0.0536 | used_cases=10

--- 🧬 Evolving Prototype for drug eruption photosensitivity (Total cases: 10) ---
✨ v2 记录成功 | 变化改变量: 0.0387 | used_cases=10

--- 🧬 Evolving Prototype for sebaceous hyperplasia (Total cases: 45) ---
✨ v10 记录成功 | 变化改变量: 0.0133 | used_cases=10

--- 🧬 Evolving Prototype for basal cell carcinoma lid (Total cases: 15) ---
✨ v3 记录成功 | 变化改变量: 0.0146 | used_cases=10

--- 🧬 Evolving Prototype for herpes cutaneous (Total cases: 50) ---
✨ v10 记录成功 | 变化改变量: 0.0272 | used_cases=10

--- 🧬 Evolving Prototype for amyloidosis (Total cases: 20) ---
✨ v4 记录成功 | 变化改变量: 0.0345 | used_cases=10

--- 🧬 Evolving Prototype for tinea body (Total cases: 60) ---
✨ v12 记录成功 | 变化改变量: 0.0367 | used_cases=10

--- 🧬 Evolving Prototype for erythema multiforme (Total cases: 65) ---
✨ v14 记录成功 | 变化改变量: 0.0358 | used_cases=10

--- 🧬 Evolving Prototype for hives Urticaria Acute (Total cases: 50) ---
✨ v10 记录成功 | 变化改变量: 0.0340 | used_cases=10

--- 🧬 Evolving Prototype for molluscum contagiosum (Total cases: 115) ---
✨ v25 记录成功 | 变化改变量: 0.0296 | used_cases=10

--- 🧬 Evolving Prototype for syphilis (Total cases: 10) ---
✨ v2 记录成功 | 变化改变量: 0.0671 | used_cases=10

--- 🧬 Evolving Prototype for accessory nipple (Total cases: 5) ---
✨ v1 记录成功 | 变化改变量: 0.2505 | used_cases=5

--- 🧬 Evolving Prototype for actinic keratosis face (Total cases: 30) ---
✨ v6 记录成功 | 变化改变量: 0.0332 | used_cases=10

--- 🧬 Evolving Prototype for nevus sebaceous (Total cases: 30) ---
✨ v6 记录成功 | 变化改变量: 0.0214 | used_cases=10

--- 🧬 Evolving Prototype for atypical nevi (Total cases: 25) ---
✨ v6 记录成功 | 变化改变量: 0.0164 | used_cases=10

--- 🧬 Evolving Prototype for granuloma annulare (Total cases: 50) ---
✨ v13 记录成功 | 变化改变量: 0.0203 | used_cases=10

--- 🧬 Evolving Prototype for actinic cheilitis sq cell lip (Total cases: 30) ---
✨ v6 记录成功 | 变化改变量: 0.0357 | used_cases=10

--- 🧬 Evolving Prototype for pigmented bands (Total cases: 5) ---
✨ v1 记录成功 | 变化改变量: 0.1190 | used_cases=5

--- 🧬 Evolving Prototype for stasis dermatitis (Total cases: 55) ---
✨ v11 记录成功 | 变化改变量: 0.0619 | used_cases=10

--- 🧬 Evolving Prototype for Psoriasis inversus (Total cases: 20) ---
✨ v4 记录成功 | 变化改变量: 0.0231 | used_cases=10

--- 🧬 Evolving Prototype for trauma (Total cases: 20) ---
✨ v4 记录成功 | 变化改变量: 0.0264 | used_cases=10

--- 🧬 Evolving Prototype for mucous cyst (Total cases: 55) ---
✨ v11 记录成功 | 变化改变量: 0.0417 | used_cases=10

--- 🧬 Evolving Prototype for scleroderma (Total cases: 20) ---
✨ v4 记录成功 | 变化改变量: 0.0329 | used_cases=10

--- 🧬 Evolving Prototype for onycholysis (Total cases: 35) ---
✨ v7 记录成功 | 变化改变量: 0.0344 | used_cases=10

--- 🧬 Evolving Prototype for Eczema (Total cases: 10) ---
✨ v2 记录成功 | 变化改变量: 0.0533 | used_cases=10

--- 🧬 Evolving Prototype for acne open comedo (Total cases: 40) ---
✨ v8 记录成功 | 变化改变量: 0.0560 | used_cases=10

--- 🧬 Evolving Prototype for eczema foot (Total cases: 45) ---
✨ v9 记录成功 | 变化改变量: 0.0292 | used_cases=10

--- 🧬 Evolving Prototype for warts cryotherapy (Total cases: 20) ---
✨ v4 记录成功 | 变化改变量: 0.0343 | used_cases=10

--- 🧬 Evolving Prototype for polymorphous light eruption (Total cases: 20) ---
✨ v4 记录成功 | 变化改变量: 0.0309 | used_cases=10

--- 🧬 Evolving Prototype for hidradenitis suppurativa (Total cases: 60) ---
✨ v12 记录成功 | 变化改变量: 0.1377 | used_cases=10

--- 🧬 Evolving Prototype for sun damaged skin (Total cases: 55) ---
✨ v12 记录成功 | 变化改变量: 0.0393 | used_cases=10

--- 🧬 Evolving Prototype for xanthomas (Total cases: 35) ---
✨ v7 记录成功 | 变化改变量: 0.0303 | used_cases=10

--- 🧬 Evolving Prototype for basal cell carcinoma face (Total cases: 15) ---
✨ v3 记录成功 | 变化改变量: 0.0370 | used_cases=10

--- 🧬 Evolving Prototype for eczema nail (Total cases: 15) ---
✨ v3 记录成功 | 变化改变量: 0.0516 | used_cases=10

--- 🧬 Evolving Prototype for accessory trachus (Total cases: 5) ---
✨ v1 记录成功 | 变化改变量: 0.2232 | used_cases=5

--- 🧬 Evolving Prototype for viral exanthems (Total cases: 50) ---
✨ v10 记录成功 | 变化改变量: 0.0266 | used_cases=10

--- 🧬 Evolving Prototype for actinic keratosis horn (Total cases: 10) ---
✨ v2 记录成功 | 变化改变量: 0.0743 | used_cases=10

--- 🧬 Evolving Prototype for malignant melanoma (Total cases: 60) ---
✨ v12 记录成功 | 变化改变量: 0.0428 | used_cases=10

--- 🧬 Evolving Prototype for acne pustular (Total cases: 45) ---
✨ v9 记录成功 | 变化改变量: 0.0201 | used_cases=10

--- 🧬 Evolving Prototype for scabies (Total cases: 60) ---
✨ v17 记录成功 | 变化改变量: 0.1191 | used_cases=10

--- 🧬 Evolving Prototype for acanthosis nigricans (Total cases: 35) ---
✨ v7 记录成功 | 变化改变量: 0.0567 | used_cases=10

--- 🧬 Evolving Prototype for trichotillomania (Total cases: 10) ---
✨ v2 记录成功 | 变化改变量: 0.0439 | used_cases=10

--- 🧬 Evolving Prototype for bowens disease (Total cases: 50) ---
✨ v10 记录成功 | 变化改变量: 0.0125 | used_cases=10

--- 🧬 Evolving Prototype for Psoriasis Guttate (Total cases: 50) ---
✨ v12 记录成功 | 变化改变量: 0.0358 | used_cases=10

--- 🧬 Evolving Prototype for fibroma (Total cases: 5) ---
✨ v1 记录成功 | 变化改变量: 0.1888 | used_cases=5

--- 🧬 Evolving Prototype for chondrodermatitis nodularis (Total cases: 40) ---
✨ v8 记录成功 | 变化改变量: 0.0265 | used_cases=10

--- 🧬 Evolving Prototype for granuloma annulare (Total cases: 55) ---
✨ v14 记录成功 | 变化改变量: 0.0508 | used_cases=10

--- 🧬 Evolving Prototype for phototoxic reactions (Total cases: 50) ---
✨ v10 记录成功 | 变化改变量: 0.0392 | used_cases=10

--- 🧬 Evolving Prototype for herpes cutaneous (Total cases: 55) ---
✨ v11 记录成功 | 变化改变量: 0.0215 | used_cases=10

--- 🧬 Evolving Prototype for epidermolysis bullosa (Total cases: 25) ---
✨ v5 记录成功 | 变化改变量: 0.1146 | used_cases=10

--- 🧬 Evolving Prototype for Psoriasis Hand (Total cases: 30) ---
✨ v6 记录成功 | 变化改变量: 0.0317 | used_cases=10

--- 🧬 Evolving Prototype for melanocytic nevi (Total cases: 55) ---
✨ v11 记录成功 | 变化改变量: 0.0264 | used_cases=10

--- 🧬 Evolving Prototype for porphyrias (Total cases: 35) ---
✨ v7 记录成功 | 变化改变量: 0.0370 | used_cases=10

--- 🧬 Evolving Prototype for basal cell carcinoma lesion (Total cases: 65) ---
✨ v13 记录成功 | 变化改变量: 0.0281 | used_cases=10

--- 🧬 Evolving Prototype for eczema nummular (Total cases: 70) ---
✨ v14 记录成功 | 变化改变量: 0.0289 | used_cases=10

--- 🧬 Evolving Prototype for basal cell carcinoma pigmented (Total cases: 35) ---
✨ v7 记录成功 | 变化改变量: 0.0166 | used_cases=10

--- 🧬 Evolving Prototype for mucous cyst (Total cases: 60) ---
✨ v12 记录成功 | 变化改变量: 0.0244 | used_cases=10

--- 🧬 Evolving Prototype for psoriasis pustular generalized (Total cases: 35) ---
✨ v8 记录成功 | 变化改变量: 0.0371 | used_cases=10

--- 🧬 Evolving Prototype for lichen planus (Total cases: 120) ---
✨ v23 记录成功 | 变化改变量: 0.0553 | used_cases=10

--- 🧬 Evolving Prototype for biting insects (Total cases: 25) ---
✨ v5 记录成功 | 变化改变量: 0.0485 | used_cases=10

--- 🧬 Evolving Prototype for candidiasis large skin folds (Total cases: 65) ---
✨ v13 记录成功 | 变化改变量: 0.0365 | used_cases=10

--- 🧬 Evolving Prototype for tinea hand dorsum (Total cases: 35) ---
✨ v7 记录成功 | 变化改变量: 0.0317 | used_cases=10

--- 🧬 Evolving Prototype for genital warts (Total cases: 70) ---
✨ v14 记录成功 | 变化改变量: 0.0521 | used_cases=10

--- 🧬 Evolving Prototype for benign familial chronic pemphigus (Total cases: 15) ---
✨ v3 记录成功 | 变化改变量: 0.0198 | used_cases=10

--- 🧬 Evolving Prototype for pemphigus foliaceous (Total cases: 15) ---
✨ v3 记录成功 | 变化改变量: 0.0326 | used_cases=10

--- 🧬 Evolving Prototype for stasis dermatitis (Total cases: 65) ---
✨ v13 记录成功 | 变化改变量: 0.0476 | used_cases=10

--- 🧬 Evolving Prototype for squamous cell carcinoma ear (Total cases: 20) ---
✨ v4 记录成功 | 变化改变量: 0.0349 | used_cases=10

--- 🧬 Evolving Prototype for distal subungual onychomycosis (Total cases: 65) ---
✨ v13 记录成功 | 变化改变量: 0.0099 | used_cases=10

--- 🧬 Evolving Prototype for herpes type recurrent (Total cases: 80) ---
✨ v15 记录成功 | 变化改变量: 0.0459 | used_cases=10

--- 🧬 Evolving Prototype for dermatofibroma (Total cases: 65) ---
✨ v12 记录成功 | 变化改变量: 0.0421 | used_cases=10

--- 🧬 Evolving Prototype for seborrheic keratoses smooth (Total cases: 65) ---
✨ v14 记录成功 | 变化改变量: 0.0724 | used_cases=10

--- 🧬 Evolving Prototype for psoriasis (Total cases: 70) ---
✨ v17 记录成功 | 变化改变量: 0.0117 | used_cases=10

--- 🧬 Evolving Prototype for sarcoid (Total cases: 10) ---
✨ v2 记录成功 | 变化改变量: 0.0996 | used_cases=10

--- 🧬 Evolving Prototype for tick bite (Total cases: 30) ---
✨ v6 记录成功 | 变化改变量: 0.0325 | used_cases=10

--- 🧬 Evolving Prototype for Lichen Planus Oral (Total cases: 30) ---
✨ v6 记录成功 | 变化改变量: 0.0324 | used_cases=10

--- 🧬 Evolving Prototype for venous malformations (Total cases: 40) ---
✨ v8 记录成功 | 变化改变量: 0.0337 | used_cases=10

--- 🧬 Evolving Prototype for basal cell carcinoma histology (Total cases: 5) ---
✨ v1 记录成功 | 变化改变量: 0.1445 | used_cases=5

--- 🧬 Evolving Prototype for neurotic excoriations (Total cases: 30) ---
✨ v6 记录成功 | 变化改变量: 0.0329 | used_cases=10

--- 🧬 Evolving Prototype for tinea body (Total cases: 65) ---
✨ v13 记录成功 | 变化改变量: 0.0391 | used_cases=10

--- 🧬 Evolving Prototype for warts common (Total cases: 55) ---
✨ v11 记录成功 | 变化改变量: 0.0218 | used_cases=10

--- 🧬 Evolving Prototype for gout (Total cases: 5) ---
✨ v1 记录成功 | 变化改变量: 0.2052 | used_cases=5

--- 🧬 Evolving Prototype for lichen simplex chronicus (Total cases: 55) ---
✨ v11 记录成功 | 变化改变量: 0.0419 | used_cases=10

--- 🧬 Evolving Prototype for allergic contact dermatitis (Total cases: 65) ---
✨ v15 记录成功 | 变化改变量: 0.0279 | used_cases=10

--- 🧬 Evolving Prototype for granulation tissue (Total cases: 30) ---
✨ v6 记录成功 | 变化改变量: 0.0337 | used_cases=10

--- 🧬 Evolving Prototype for impetigo (Total cases: 40) ---
✨ v8 记录成功 | 变化改变量: 0.0212 | used_cases=10

--- 🧬 Evolving Prototype for eczema subacute (Total cases: 55) ---
✨ v12 记录成功 | 变化改变量: 0.0466 | used_cases=10

--- 🧬 Evolving Prototype for psoriasis palms soles (Total cases: 65) ---
✨ v13 记录成功 | 变化改变量: 0.0305 | used_cases=10

--- 🧬 Evolving Prototype for psoriasis scalp (Total cases: 60) ---
✨ v12 记录成功 | 变化改变量: 0.0306 | used_cases=10

--- 🧬 Evolving Prototype for tinea primary lesion (Total cases: 40) ---
✨ v8 记录成功 | 变化改变量: 0.0242 | used_cases=10

--- 🧬 Evolving Prototype for hives Urticaria Acute (Total cases: 55) ---
✨ v11 记录成功 | 变化改变量: 0.0319 | used_cases=10

--- 🧬 Evolving Prototype for herpes type primary (Total cases: 75) ---
✨ v15 记录成功 | 变化改变量: 0.0372 | used_cases=10

--- 🧬 Evolving Prototype for acne open comedo (Total cases: 45) ---
✨ v9 记录成功 | 变化改变量: 0.0296 | used_cases=10

--- 🧬 Evolving Prototype for angiokeratomas (Total cases: 30) ---
✨ v6 记录成功 | 变化改变量: 0.0323 | used_cases=10

--- 🧬 Evolving Prototype for tinea versicolor (Total cases: 65) ---
✨ v13 记录成功 | 变化改变量: 0.0185 | used_cases=10

--- 🧬 Evolving Prototype for xanthomas (Total cases: 40) ---
✨ v8 记录成功 | 变化改变量: 0.0336 | used_cases=10

--- 🧬 Evolving Prototype for basal cell carcinoma lid (Total cases: 20) ---
✨ v4 记录成功 | 变化改变量: 0.0152 | used_cases=10

--- 🧬 Evolving Prototype for Lichen Planus Hypertrophic (Total cases: 10) ---
✨ v2 记录成功 | 变化改变量: 0.0172 | used_cases=10

--- 🧬 Evolving Prototype for dermatitis herpetiformis (Total cases: 50) ---
✨ v11 记录成功 | 变化改变量: 0.0251 | used_cases=10

--- 🧬 Evolving Prototype for dermatomyositis (Total cases: 30) ---
✨ v6 记录成功 | 变化改变量: 0.0253 | used_cases=10

--- 🧬 Evolving Prototype for molluscum contagiosum (Total cases: 125) ---
✨ v27 记录成功 | 变化改变量: 0.0448 | used_cases=10

--- 🧬 Evolving Prototype for Staphylococcal Folliculitis (Total cases: 20) ---
✨ v4 记录成功 | 变化改变量: 0.0319 | used_cases=10

--- 🧬 Evolving Prototype for eczema fingertips (Total cases: 75) ---
✨ v16 记录成功 | 变化改变量: 0.0267 | used_cases=10

--- 🧬 Evolving Prototype for minocycline pigmentation (Total cases: 10) ---
✨ v2 记录成功 | 变化改变量: 0.0299 | used_cases=10

--- 🧬 Evolving Prototype for spitz nevus (Total cases: 5) ---
✨ v1 记录成功 | 变化改变量: 0.1424 | used_cases=5

--- 🧬 Evolving Prototype for tinea laboratory (Total cases: 45) ---
✨ v9 记录成功 | 变化改变量: 0.0278 | used_cases=10

--- 🧬 Evolving Prototype for epidermal cyst (Total cases: 65) ---
✨ v14 记录成功 | 变化改变量: 0.0453 | used_cases=10

--- 🧬 Evolving Prototype for perioral dermatitis (Total cases: 60) ---
✨ v15 记录成功 | 变化改变量: 0.0419 | used_cases=10

--- 🧬 Evolving Prototype for lupus acute (Total cases: 30) ---
✨ v6 记录成功 | 变化改变量: 0.0570 | used_cases=10

--- 🧬 Evolving Prototype for herpes type recurrent (Total cases: 85) ---
✨ v16 记录成功 | 变化改变量: 0.0251 | used_cases=10

--- 🧬 Evolving Prototype for molluscum contagiosum (Total cases: 130) ---
✨ v28 记录成功 | 变化改变量: 0.0359 | used_cases=10

--- 🧬 Evolving Prototype for bullous pemphigoid (Total cases: 50) ---
✨ v10 记录成功 | 变化改变量: 0.0361 | used_cases=10

--- 🧬 Evolving Prototype for Psoriasis Guttate (Total cases: 55) ---
✨ v14 记录成功 | 变化改变量: 0.0269 | used_cases=10

--- 🧬 Evolving Prototype for SebDermScalp (Total cases: 5) ---
✨ v1 记录成功 | 变化改变量: 0.1206 | used_cases=5

--- 🧬 Evolving Prototype for mucous cyst (Total cases: 65) ---
✨ v13 记录成功 | 变化改变量: 0.0357 | used_cases=10

--- 🧬 Evolving Prototype for scabies (Total cases: 65) ---
✨ v18 记录成功 | 变化改变量: 0.0380 | used_cases=10

--- 🧬 Evolving Prototype for eczema vulva (Total cases: 5) ---
✨ v1 记录成功 | 变化改变量: 0.1642 | used_cases=5

--- 🧬 Evolving Prototype for perleche (Total cases: 35) ---
✨ v8 记录成功 | 变化改变量: 0.0233 | used_cases=10

--- 🧬 Evolving Prototype for pressure urticaria (Total cases: 5) ---
✨ v1 记录成功 | 变化改变量: 0.2320 | used_cases=5

--- 🧬 Evolving Prototype for herpes zoster (Total cases: 65) ---
✨ v13 记录成功 | 变化改变量: 0.0341 | used_cases=10

--- 🧬 Evolving Prototype for basal cell carcinoma nose (Total cases: 35) ---
✨ v7 记录成功 | 变化改变量: 0.0193 | used_cases=10

--- 🧬 Evolving Prototype for lupus chronic cutaneous (Total cases: 70) ---
✨ v15 记录成功 | 变化改变量: 0.0211 | used_cases=10

--- 🧬 Evolving Prototype for Psoriasis Chronic Plaque (Total cases: 60) ---
✨ v15 记录成功 | 变化改变量: 0.0350 | used_cases=10

--- 🧬 Evolving Prototype for dermatofibroma (Total cases: 70) ---
✨ v13 记录成功 | 变化改变量: 0.0479 | used_cases=10

--- 🧬 Evolving Prototype for eczema asteatotic (Total cases: 25) ---
✨ v5 记录成功 | 变化改变量: 0.0152 | used_cases=10

--- 🧬 Evolving Prototype for warts plantar (Total cases: 65) ---
✨ v14 记录成功 | 变化改变量: 0.0379 | used_cases=10

--- 🧬 Evolving Prototype for pretibial myxedema (Total cases: 10) ---
✨ v2 记录成功 | 变化改变量: 0.0456 | used_cases=10

--- 🧬 Evolving Prototype for eczema nummular (Total cases: 75) ---
✨ v16 记录成功 | 变化改变量: 0.0374 | used_cases=10

--- 🧬 Evolving Prototype for extramammary paget disease (Total cases: 5) ---
✨ v1 记录成功 | 变化改变量: 0.1769 | used_cases=5

--- 🧬 Evolving Prototype for herpes simplex (Total cases: 35) ---
✨ v7 记录成功 | 变化改变量: 0.0491 | used_cases=10

--- 🧬 Evolving Prototype for seborrheic dermatitis (Total cases: 45) ---
✨ v10 记录成功 | 变化改变量: 0.0274 | used_cases=10

--- 🧬 Evolving Prototype for allergic contact dermatitis (Total cases: 70) ---
✨ v16 记录成功 | 变化改变量: 0.0420 | used_cases=10

--- 🧬 Evolving Prototype for herpes cutaneous (Total cases: 60) ---
✨ v13 记录成功 | 变化改变量: 0.0330 | used_cases=10

--- 🧬 Evolving Prototype for IMG (Total cases: 85) ---
✨ v23 记录成功 | 变化改变量: 0.0217 | used_cases=10

--- 🧬 Evolving Prototype for angiokeratomas (Total cases: 35) ---
✨ v7 记录成功 | 变化改变量: 0.0398 | used_cases=10

--- 🧬 Evolving Prototype for distal subungual onychomycosis (Total cases: 75) ---
✨ v15 记录成功 | 变化改变量: 0.0102 | used_cases=10

--- 🧬 Evolving Prototype for alopecia areata (Total cases: 95) ---
✨ v19 记录成功 | 变化改变量: 0.0317 | used_cases=10

--- 🧬 Evolving Prototype for Lichen Sclerosus Penis (Total cases: 20) ---
✨ v4 记录成功 | 变化改变量: 0.0266 | used_cases=10

--- 🧬 Evolving Prototype for basal cell carcinoma lesion (Total cases: 70) ---
✨ v15 记录成功 | 变化改变量: 0.0253 | used_cases=10

--- 🧬 Evolving Prototype for anagen effluvium (Total cases: 5) ---
✨ v1 记录成功 | 变化改变量: 0.1653 | used_cases=5

--- 🧬 Evolving Prototype for eczema subacute (Total cases: 60) ---
✨ v13 记录成功 | 变化改变量: 0.0319 | used_cases=10

--- 🧬 Evolving Prototype for beaus lines (Total cases: 15) ---
✨ v3 记录成功 | 变化改变量: 0.0465 | used_cases=10

--- 🧬 Evolving Prototype for stasis dermatitis (Total cases: 70) ---
✨ v14 记录成功 | 变化改变量: 0.0247 | used_cases=10

--- 🧬 Evolving Prototype for Sycosis Barbae (Total cases: 10) ---
✨ v2 记录成功 | 变化改变量: 0.0382 | used_cases=10

--- 🧬 Evolving Prototype for epidermal nevus (Total cases: 45) ---
✨ v15 记录成功 | 变化改变量: 0.0316 | used_cases=10

--- 🧬 Evolving Prototype for tinea face (Total cases: 30) ---
✨ v6 记录成功 | 变化改变量: 0.0170 | used_cases=10

--- 🧬 Evolving Prototype for Folliculitis (Total cases: 15) ---
✨ v3 记录成功 | 变化改变量: 0.0422 | used_cases=10

--- 🧬 Evolving Prototype for gianotti crosti (Total cases: 10) ---
✨ v2 记录成功 | 变化改变量: 0.0182 | used_cases=10
✅ Batch processing complete.
